subject,jumlah_tiket
(No subject),57
USERNAME_MASKED,38
Pendaftaran USERNAME_MASKED,31
Perubahan USERNAME_MASKED,30
Permohonan Perubahan USERNAME_MASKED,29
Konfirmasi Pembayaran,23
SAKTI,16
Reset Password Digit,13
Permasalahan terkait aplikasi,13
Reset USERNAME_MASKED,11
Reset Password DIGIT,11
Permohonan Reset Password DIGIT,11
Transkrip Percakapan,10
Permohonan reset password DIGIT,10
Aktivasi USERNAME_MASKED,10
simaspaten,9
reset password digit,9
Chat Transcript,9
sakti,8
Identifikasi atas pembayaran (SP2D),8
Capaian Output,8
,8
SIMASPATEN,8
Reset Akun Digit,8
info pembayaran SPAN,8
Permintaan Penghapusan ADK PMRT,7
Reset Password,7
Penolakan SPM,7
Koreksi SPM,7
Penggantian USERNAME_MASKED,6
Aplikasi GPP,6
Permohonan reset password digit,6
reset USERNAME_MASKED,6
Update SAKTI,6
Pertanyaan,6
Permohonan Pendaftaran USERNAME_MASKED,6
Akun Digit,6
Permintaan USERNAME_MASKED,5
SPRINT,5
Permintaan Penggantian USERNAME_MASKED,5
Permohonan Penghapusan ADK PMRT,5
Addendum Kontrak,5
SIKP,5
aplikasi simaspaten,5
Perjalanan Dinas,5
Sakti,5
Penonaktifan USERNAME_MASKED,5
DIGIT,5
capaian output,5
pendaftaran USERNAME_MASKED,5
Permohonan Reset Password SAKTI,5
Subsidi,5
E-Jafung,5
Sertifikat BNT,5
aplikasi digit,5
Permohonan Reset Password Digit,5
informasi kode pembayaran SPAN,5
RESET PASSWORD DIGIT,5
Reset Password USERNAME_MASKED,5
Aplikasi SAKTI,4
Upload SE MP,4
Permohonan Pergantian USERNAME_MASKED,4
Pergantian USERNAME_MASKED,4
Kekurangan Gaji,4
Permohonan Reset Password,4
Koreksi Penerimaan,4
Mohon petunjuk,4
Permohonan Broadcast,4
IDENTIFIKASI RC,4
Aplikasi Sakti,4
Permohonan Penghapusan PMRT,4
reset password,4
Ejafung,4
Permintaan Pembatalan SP2D,4
RESET PASSWORD,4
permohonan perubahan USERNAME_MASKED,4
Penghapusan USERNAME_MASKED,4
Help Bas Mobile Android,4
LPJ Bendahara,4
Sertifikat Bendahara,4
Lupa Password,4
Simaspaten,4
ejafung,4
Identifikasi Transfer SPAN,4
Konsultasi,4
Permohonan Aktivasi USERNAME_MASKED,4
Identifikasi Kode SPAN PT. Telekomunikasi Indonesia Tbk,4
Aktivasi akun digit,4
e jafung,4
Perpanjangan Sertifikat BNT,4
Persetujuan USERNAME_MASKED Satker,4
Reset akun digit,4
Tutup Periode,4
push,3
LPJ Bendahara Pengeluaran,3
Permohonan USERNAME_MASKED SAKTI,3
Aplikasi sakti,3
bertanya,3
Permintaan Perubahan USERNAME_MASKED,3
lupa password,3
Tidak bisa login,3
Gaji PPNPN,3
Aplikasi SAS,3
Permohonan USERNAME_MASKED,3
Penolakan SPMKP,3
Tentukan kata sandi,3
Permohonan Penonaktifan USERNAME_MASKED,3
Permintaan USERNAME_MASKED Non-KUR,3
RESET PASSWORD USERNAME_MASKED,3
Aplikasi simaspaten,3
EMAIL_MASKED,3
PERUBAHAN USERNAME_MASKED,3
Permohonan reset password,3
Perjalanan dinas,3
Permohonan Pembuatan USERNAME_MASKED,3
Subsidi bunga,3
Email SAKTI,3
Rekon Gaji Menggantung,3
Permintaan void SP3HL,3
USERNAME_MASKED Tidak Aktif,3
MP PNBP,3
lupa password digit,3
Rollback SKP,3
Permohonan reset password USERNAME_MASKED,3
Migrasi Pengguna Simponi,3
Reset password digit,3
Lupa Pasword,3
revisi,3
Reset Password Digit Kemenkeu,3
Perbaikan Transaksi Penerimaan Negara,3
Penawaran Harga Penginapan & Ruang Meeting - Hotel Grand Kutilang Syariah,3
Lupa Password SAKTI,3
Permohonan Reset Password Akun Digit,3
Permohonan reset USERNAME_MASKED,3
Permohonan Reset Akun Digit,3
omspan,2
sprint,2
Permohonan pembatalan transaksi,2
Honor Narasumber,2
Perubahan Terkait Maintenance SAKTI,2
USERNAME_MASKED Komputer,2
Aplikasi SAS 20.0.2,2
Isian Email Kosong Pada saat buat spp PPNPN,2
Permintaan Reset Password,2
Reset Password Email Sakti,2
Konfirmasi Penerimaan,2
Revisi Halaman III DIPA,2
Revisi Halaman IV DIPA,2
Pengajuan USERNAME_MASKED untuk Level K/L dan Eselon I,2
USERNAME_MASKED tidak dapat digunakan,2
Akun Belanja Modal Pada Pencatatan Penerimaan Barang/Jasa UP Tunai/Bank Tidak muncul,2
Permohonan USERNAME_MASKED Password SAKTI,2
Permintaan Pergantian USERNAME_MASKED,2
SPM GUP,2
Perubahan Nomenklatur,2
permohonan migrasi PC SPAN ke Non SPAN,2
Permohonan USERNAME_MASKED PC SPAN,2
Permohonan penggantian USERNAME_MASKED,2
konfirmasi pajak,2
perjalanan dinas,2
Permintaan Reset Password Akun Digit,2
Perubahan Nomenklatur Satker,2
Sertifikasi Bendahara,2
E-SPM,2
koreksi spm,2
Pengesahan Hibah,2
e-Jafung,2
Perubahan USERNAME_MASKED Aplikasi SAKTI,2
Perbedaan Jumlah Saldo Kas di Rekening Bank pada ADK LPJ Bendahara Penerimaan,2
Informasi dana yang masuk ke pihak ketiga,2
gaji terusan,2
SPMKP ditolak,2
Permohonan Penyamaan Data Satker Baru Hasil Likuidasi dan Penambahan Histori Gaji,2
THR PPNPN,2
Pembatalan Persetujuan Transaksi,2
SAKTI WEB,2
Gaji Terusan,2
ADK LPJ,2
Penggunaan Akun,2
Pendaftaran Supplier,2
Perbedaan Luas Tanah,2
eRekon&LK,2
Upload MPHLBJS di Aplikasi ESPM,2
Permohonan penghapusan Invoice hasil konversi yang belum diproses di SPAN,2
Juknis/Langkah-Langkah Pembuatan LPJ BLU melalui aplikasi SAS,2
Error pada SAKTI,2
Deviasi RPD,2
permohonan,2
Permintaan aktivasi USERNAME_MASKED,2
Permohonan,2
Password,2
Permohonan Pembatalan SP2D,2
Permohonan Pembayaran Subsidi Bunga/Subsidi Margin Program PEN,2
auto reply,2
Aplikasi SIMASPATEN,2
Bls: Transkrip Percakapan,2
Lampiran Tagihan Subsidi Bunga PT. Danasari Persada,2
Permohonan Penghapusan Invoice Hasil Konversi yang Belum Diproses di SPAN,2
USERNAME_MASKED Wilayah,2
SPM KOREKSI,2
PENGAKTIFAN USERNAME_MASKED SPRINT,2
Softcopy Permohonan pembayaran Tagihan Subsidi Bunga atau subisid Margin dari BPRS Dana Mulia,2
Tanya,2
Permohonan perubahan USERNAME_MASKED,2
Pagu Minus,2
Perbaikan Data Capaian Output,2
Market Place,2
Kontrak SBSN,2
Konfirmasi NO SPAN,2
Karwas TUP,2
Perubahan Pengguna SAKTI,2
aset belum diregister,2
Pembuatan USERNAME_MASKED,2
Tidak bisa upload LPJ di SPRINT,2
Permintaan Data Laporan Pendistribusian Subsidi Bunga/Margin yang Diterima Dari Kas Negara,2
Setoran UP,2
USERNAME_MASKED Digit,2
RPD Harian,2
password sakti,2
Pembayaran Tunjangan Kinerja,2
Penggunaan Kartu Kredit Pemerintah,2
Mohon diteruskan ke Tim GL SPAN SITP,2
Gaji terusan,2
Kekurangan gaji kenaikan pangkat,2
Validasi SPM,2
SPJ Transaksi Online,2
Pembayaran Gaji Terusan,2
Rekening Virtual,2
USERNAME_MASKED Satker,2
Laporan Deviasi KPPN,2
Selisih Realisasi DAK Fisik dan Dana Desa bulan Maret 2021,2
Akun sakti,2
Subsidi bunga/ subsidi margin,2
Penghapusan Data Supplier,2
Tidak bisa akses akun digit,2
TUTUP BUKU,2
Konfirmasi SP2D,2
Kekurangan THR,2
Pengembalian Penerimaan Negara,2
Penghapusan peran APPROVER SPM pada KPA karena merangkap sebagai PPK,2
Lupa Password Digit,2
Nama Penyetor Satuan Kerja,2
USERNAME_MASKED wilayah,2
SERTIFIKASI BENDAHARA,2
Pendaftaran Kontrak,2
Reset Aktivasi DIGIT,2
Mohon info,2
Perubahan Nomor HP KPA,2
Kartu Kredit Pemerintah,2
Belanja Perjalanan Dinas,2
Error SAKTI,2
E-Rekon,2
Permohonan Pengaktifan USERNAME_MASKED,2
ganti password,2
Identifikasi Kode SPAN PT Telekomunikasi Indonesia,2
Permohonan Perubahan USERNAME_MASKED pada Satker 411280,2
Aplikasi gaji pppk,2
Remunerasi,2
permintaan USERNAME_MASKED,2
Mohon bantuannya,2
Mohon Solusi,2
SKPP Pensiun,2
Angka Kredit Jafung APK APBN,2
mohon bantuan,2
contoh analisis BAR REKON eksternal KPPN,2
PENAMBAHAN PC YANG SUDAH JOIN DOMAIN PADA KPPN RANTAU PRAPAT,2
tidak bisa login,2
Capaian output,2
Identifikasi transfer SPAN,2
Join Domain pada jaringan internet,2
Persediaan,2
Tidak Bisa Tutup Buku,2
ppnpn,2
Program PEN,2
Digit,2
Penghapusan ADK PMRT,2
Permohonan Data,2
Revisi POK,2
MIGRASI SIMPONI,2
Pendaftaran akun digit,2
Permohonan aktivasi USERNAME_MASKED,2
Aktifasi USERNAME_MASKED,2
komitmen,2
LPJ Bendahara Penerimaan,2
Pergantian Nomor HP,2
reset pasword,2
Perubahan USERNAME_MASKED wilayah,2
Status SIKP Belum Lunas,2
aktivasi USERNAME_MASKED,2
Aktivasi USERNAME_MASKED Satker,2
data supplier,2
Reset password SAKTI,2
Pesan Error Modul Bendahara,2
RESET DIGIT,2
Lupa Password DIGIT,2
"Pembuat ADK THR CPNS, tidak bisa karena nama tidak muncul",2
Kontrak,2
Perpanjangan BNT,2
Lupa Password ejafung,2
aplikasi ejafung,2
Permohonan Buka Periode,2
reset password USERNAME_MASKED,2
Salah Penginputan Transaksi Masuk pada Modul Persediaan,2
lupa kata sandi aplikasi SAKTI,2
Akun Simaspaten,2
Aplikasi E-jafung,2
Tutup periode,2
Reset Password digit,2
Cetak Laporan aset tetap di Neraca Posisi Kosong,2
perubahan wilayah data profil MPN G3,2
Saldo Akun Tidak Normal,2
Transfer Keluar Online,2
Reset pasword digit,2
Reset password DIGIT,2
likuidasi satker,2
Permohonan reset password akun digit Satker,2
Tidak bisa login sakti,2
Penghapusan SPP,2
Perbedaan Angka Kredit Konversi,2
Permohonan Reset USERNAME_MASKED DIGIT,2
Pendaftaran email SAKTI,2
Aplikasi Gaji PPNPN (gajikita-ppnpn.kemenkeu.go.id),2
penghentian penggunaan,2
digit kemenkeu,2
DIGIPAY SATU-Vendor,2
MOHON UNTUK MEMBUKA KEMBALI PERIODE BULAN 1 USERNAME_MASKED PERSEDIAAN 299151,2
TUTUP BUKU PERMANEN PERIODE 14 belum termonitor di monsakti,2
Gagal Validasi SPM,2
pendetailan Aset Tetap,2
add desa,2
password USERNAME_MASKED langsung aplikasi e-jafung,2
Terputus,2
Pendaftaran USERNAME_MASKED Aplikasi Keuangan Tingkat Instansi (SAKTI) tingkat K/L,2
TUTUP BUKU SEMENTARA SATKER KPPN DAK FISIK DD 403547 TA 2019,1
Tidak Bisa Cetak List Validasi,1
error pada saat perekaman renkas harian,1
Pilih satu Data Surat Persetujuan KKP,1
Permintaan USERNAME_MASKED password aplikasi e-Rekon,1
satker ROOPS polda kalteng - permohonan bantuan penyelesaian masalah gaji susulan Polri tidak bisa di proses,1
GU Nihil 237952,1
Permohonan Pembatalan Pencatatan SP2D Satker 410000,1
Mohon hapus transfer masuk: SAKTI,1
Monitoring Jaminan Pembayaran Akhir Tahun Anggaran melalui OMSPAN,1
Pengembalian PNBP,1
ADK LPJ Bendahara,1
Menu supplier pada SPAN,1
Cara Mengubah Pin PPSPM,1
Cara mengembalikan sisa dana kas UP BPP ke BP,1
Pergantian header supplier,1
MPHL SAKTI,1
Perbedaan Data Modul Pagu dan Realisasi dan Modul Sisa Pagu,1
Selisih pada akun 111822 dan akun 43 Pendapatan Hibah,1
SAS 2020 surat persetujuan UP. Sudah bisa ajukan UP?,1
Laporan Pertanggungjawaban Bendahara di SAKTI,1
Tidak Dapat Membuat Pungutan Pajak,1
Pemutakhiran (Updating) Referensi pada SPAN terkait perubahan KPPN Mitra Satker,1
Permasalahan Pendapatan Minus Satker Ditlantas Polda Kepri (669371),1
Broadcast maintenance 3 Januari 2020,1
Permohonan Perubahan USERNAME_MASKED Eselon II Kanwil DJPb Provinsi Sulawesi Selatan,1
Terkait persediaan SAKTI,1
mohon kill login,1
Koreksi AKUn Penerimaan Negara,1
Pagu dan realisasi belanja tidak sesuai,1
Eror aplikasi omspan,1
Permohonan Penambahan dan Penghapusan USERNAME_MASKED satker 630931,1
OM Span,1
Tidak Bisa Konfirmasi Pajak Yang Disetor Tanggal 31 Desember 2019,1
Permintaan Guide Book,1
SAS 2020,1
BPP: Potongan pajak atas gaji susulan,1
data rekap pnbp,1
salah nip ppk pada menu admin,1
Rekening Satker Pindah kementerian,1
PERMOHONAN SETUP REGISTER,1
cara mencari nrs pegawai,1
KOMPENSASI UTANG PAJAK KE NPWP YANG SUDAH DI HAPUS,1
masih ada kas di Bend. Pengeluaran di neraca saiba,1
ADK LPJ DESEMBER 2019 tertolak,1
Pembatalan Rencana Penarikan Dana (RPD),1
USERNAME_MASKED Aplikasi GPP Terpusat,1
Tutup periode adj 1 2019 sakti dakf dd,1
Menu Pendaftaran BPP Tidak Ada,1
SAKTI : Ubah tanggal SPMKP,1
Pergantian USERNAME_MASKED satker 634792 (KPPN Wonosari),1
Pengembalian kelebihan setoran TUP 2019,1
Nilai IKPA Indikator Rekon LPJ belum terupdate,1
Perbedaan Realisasi Anggaran Antara Sakti dan OmSPAN,1
Pendaftaran USERNAME_MASKED Satker Sekretariat Negara,1
HASIL PEMERIKSAAN KAS MASIH MUNCUL KUITANSI YANG BELUM DI SPM KAN,1
SPM-KP tertolak,1
Menu Penggantian USERNAME_MASKED,1
Perubahan nomenklatur satker LIPI,1
Tidak bisa di simpan SPP GUP Nihil di SAKTI,1
Permohonan Pergantian USERNAME_MASKED SAKTI,1
USERNAME_MASKED sakti tidak bisa login,1
Modul penerimaan,1
Perbaikan Tanggal DIPA 2020 pada Aplikasi SAKTI,1
Data Ketersediaan Dana,1
Ambil potongan pajak TA 2019 dari OM SPAN,1
permohonan pembuatan USERNAME_MASKED password OMSPAN satker STASIUN METEOROLOGI MARITIM AMBON? 436010,1
kill admin2 dan opr34 satker kantor pusat DJBC (410640),1
Permasalahan pada SPAN 2020,1
Cara memdapatkan USERNAME_MASKED password untuk masuk OMSPAN,1
Realisasi Penerimaan Pendapatan Per Akun Pada Span TA 2019 Tidak Sesuai,1
maksimal SPM GUP untuk Kartu kredit Pemerintah,1
Konfirmasi setoran,1
Bagaimana cara reset password akun Mpn g3,1
SAKTI: Kegagalan pendaftaran email sakti,1
Kwitansi belum dilakukan perekaman tetapi saldo sudah 0,1
Registrasi DIGIT,1
Mengkill user,1
konfirmasi penerimaan negara tidak berhasil,1
Daftar SP2D,1
Pembatalan SPM tetap Mempengaruhi Saldo,1
Permintaan Penghapusan PMRT KPPN PAINAN per 9 Januari 2020,1
mengubah jenis supplier pada adk supplier,1
Permohonan Perubahan Nama Supplier satker MtsN 2 Sekadau (680036),1
konsul hasil rekon desember 2019,1
Permohonan Penghapusan file PMRT,1
USERNAME_MASKED Web tingkat Eselon I dan Unit,1
Kesalahan Nama Penerima pada gaji terusan ke bendahara,1
sas 20 menu admin,1
Penambahan satker Kementerian Keuangan,1
Penggantian USERNAME_MASKED 2020,1
Perubahan Kasi PDMS (K4) Pada HAI-CSO KPPN Banyuwangi,1
Kendala Login e-Performance,1
Permintaan Akses (USERNAME_MASKED Password) Online Monitoring SPAN,1
Gagal Upload ADK LPJ,1
input penyerapan,1
Private Key DS tidak berfungsi setelah update,1
Bagaimana cara melakukan koreksi SPM GUP yang memuat akun belanja modal (53),1
Bukti Konversi Tidak Dapat Dicetak,1
Koreksi Penerimaan pada SPAN Production 2019,1
Permintaan Penghapusan PMRT pada Om span,1
Permohonan Batal Validai dan Batal Approve,1
Permohonan penggantian password OMSPAN,1
Tindak Lanjut Sensus BMN 2019 terkait Aset tetap belum dilakukan validasi dan approve,1
Penggantian USERNAME_MASKED SAKTI,1
Permintaan user,1
Push Data Bulan Desember 2019,1
Lanjutan Tiket 20200109-BXU0LN,1
Penyampaian Penggantian USERNAME_MASKED,1
Pembayaran Tunggakan 2019,1
Error Hasil Pengujian Gaji Satuan Kerja Hasil Likuidasi,1
Permasalahan Tanggal Perekaman pada SAKTI yang tidak sesuai,1
Penambahan Referensi Satker GPP Terpusat,1
Penghapusan data konfigurasi SAKTI web,1
Penatausahaan dan Monitoring Jaminan Pembayaran Akhir Tahun Anggaran,1
monitoring spm,1
Terkait pelaksanaan anggaran,1
Admin sakti terblokir,1
Rekon Gaji Indu Tertolak pada Aplikasi Gaji Terpusat,1
MPHLBJS belum muncul di excel hasil rekon,1
Revisi Anggaran TA 2020 Kewangan Kanwil DJPBN,1
Data akun belanja persediaan tidak muncul,1
Akun pembulatan gaji,1
Status Proses Error,1
Permohonan persetujuan e rekon satker 403521 KPPN KUNINGAN PENGELOLA PENYALURAN DANA ALOKASI KHUSUS FISIK DAN DANA DESA,1
Perbaikan Transaksi Penerimaan Tahun 2020,1
Pendaftaran USERNAME_MASKED Sebagai Eselon 1,1
SAKTI : Pengajuan SPMKP tanpa renkas,1
ADK Revisi SAKTI tidak terbentuk padahal proses berhasil,1
Permohonan USERNAME_MASKED Password OMSPAN,1
Permohonan Pembatalan Nomor Invoice SPM,1
Lupa Password Sakti,1
Batal definitif KDP dan ada KDP yang tidak bisa didefinitifkan.,1
Aplikasi POK 2020,1
Monitoring Penerimaan,1
Permintaan Pembukaan Trigger OMSPAN untuk perbaikan capaian output Pemda,1
Kas di Bendahara Pengeluaran Minus,1
SPM Gaji Induk tidak bisa divalidasi di FO SPAN,1
Tanya File Backup SAS 2019,1
Perbedaan rincian SSPB antara OMSPAN dengan SIMPONI,1
capaian output di erekon tidak muncul,1
tidak bisa daftar email sakti,1
Salah Jurnal,1
permintaan buka approve modul aset,1
Alur proses pendaftaran PPSPM satker SAKTI,1
Tidak Bisa Verifikasi Referensi Satker,1
Permasalahan Migrasi Server ke PC Workstation,1
Upload USERNAME_MASKED,1
PC tidak masuk join domain,1
Permohonan Pembatalan Approve Transaksi,1
Status SP2D belum dikonfirmasi Bank Overbooking,1
NOMOR REGISTER HIBAH TIDAK MUNCUL DI APLIKASI 2019,1
"Data Koreksi SPM yang diupload, tidak muncul di menu Kasi PD",1
Push ulang,1
SP2D UP,1
NOMOR SERTIFIKAT BNT,1
Permintaan Pembatalan (Void) SP2B BLU Rumkital Dr. Ramelan,1
Permohonan Penyamaan Data,1
Validasi Tukin pada pembuatan Gaji Susulan,1
USERNAME_MASKED pada OPD (Dinas-Dinas),1
penerbitan SP2d,1
Data SP2D yang belum dikonfirmasi Bank,1
aplikasi sakti,1
Permohonan pembatalan Reklas Keluar,1
Konfirmasi Setoran sisa TUP Tahun 2019 sehubungan E-Rekon&LK,1
SOP GUP BPP SAKTI,1
Permintaan petunjuk penyelesaian masalah kontrak SPAN New Production,1
Push E-Rekon,1
Perbaikan Data SP2D,1
Koreksi UP TUP Satker 426839 memunculkan Saldo UP TUP di Neraca Lajur.,1
email aktivasi tidak terkirim ke email yang telah didaftarkan,1
LPJ Bendahara (Rekonsiliasi),1
Permohonan Pembatalan Transaksi Pengembangan dengan KDP dan Transaksi Perolehan Lainnya,1
Permintaan buka buku Desember 2019,1
Mohon bantuan Error GPP,1
Validasi SPM gaji di sistem SPAN Gagal,1
Spm no 00004T/409063/2020 satker 409063 sudah validasi di FO tapi tidak muncul di MO seski PD,1
tampilan pembebanan akun,1
Tidak Bisa Menghapus/Mengubah SPBY pada sakti,1
Cara mengubah nomor dan tgl SP2D yang sudah diupload,1
Permintaan USERNAME_MASKED untuk Pemda,1
Salah Memilih Kode Barang Aset Tetap,1
Permohonan Push E-Rekon SAKTI Manual 663513,1
Sakti Error,1
PERBEDAAN JUMLAH PELAPORAN (NEW),1
Gaji induk.ppnpn januari dan februari 2020,1
Aktivasi rekening bSM yang belum ada di SPAN untuk gaji,1
USERNAME_MASKED terkunci,1
Informasi atas SPMKP yang sudah diajukan ke KPPN,1
Permohonan untuk Push Data ke E-Rekon,1
Permohonan Penambahan Kewenangan USERNAME_MASKED Password Aplikasi Sakti KPPN Cilacap Penyaluran Dana Alokasi Khusus Fisik dan Dana Desa,1
Penambahan Role User,1
Kwitansi Tidak dipilih satu saja,1
Menu di Modul Admin Tidak Muncul,1
Keterlambatan,1
Daftar Bendahara Satker Tahun 2020 dgn Kondisi Bersertifikat dan tdk Bersertifikat a.n Lila Vita Damayanti,1
Push adk e rekon satker 560855,1
Kill Session Login Admin Sakti,1
Menambah Pegawai pada Supplier Pegawai SAKTI,1
permintaan penggantian approval Eselon II pada aplikasi CWSPAN (revisi DIPA),1
Pin Pejabat Pembuat Komitmen,1
cara menutup kontrka massal,1
Akun 212111 & 212112 di Buku Besar dan Neraca Percobaan Akrual Berbeda,1
Input pajak sas,1
Rekon Saldo Tidak Normal,1
Push Data SAKTI Periode Desember 2019 (Update 27_01_2020),1
Push Data e-Rekon,1
Akun Utang Yang Belum Diterima Tagihannya,1
Penyamaan Data Satker Baru Hasil Likuidasi dan Penambahan Histori Gaji,1
Penyampaian SK penetapan pejabat perbendaharaan penyaluran DFDD KPPN Bandung II,1
Permasalahan tidak adanya Menu Komitmen di USERNAME_MASKED,1
Penyampaian SK penetapan pejabat perbendaharaan penyaluran DFDD KPPN Pontianak,1
Tidak bisa login ke OMSPAN DPMD,1
belum bisa upload adk bendahara ke sprint,1
data tukin bulan februari 2020 pada aplikasi BPP tidak terbaca,1
Push Data E-Rekon,1
Penghapusan no gaji di gpp terpusat utk satker 018576,1
Permohonan USERNAME_MASKED Tingkat Eselon I,1
Penolakan Rekon GPP Satker Pusat Sains Tehnologi Nuklir dan Terapan (017283),1
alamat server pinppspm tidak bisa diakses dari komputer klien,1
PERMOHONAN PERUBAHAN NOMOR HP ADMINISTRATOR SAKTI,1
data tidak valid,1
Data Konfirmasi Penerimaan Pajak di OM SPAN belum muncul,1
menghapus Halaman IV B DIPA,1
Revisi Kanwil DJPB,1
IKPA Tahun 2019,1
Jabatan PPK,1
SPBY,1
Daftar SAKTI Web Level Unit (Eselon I) dan Kementerian,1
Pembatal ADK SPM Aplikasi SAKTI,1
Permohonan penambahan kewenangan akun SAKTI OPerator,1
"Permohonan hapus stock opname yg sudah dilakukan, dan buka buku persediaan bulan desember 2019",1
Tidak dapat mencatat pungutan pada SPBY yang telah disetujui,1
Tindak lanjut tiket hai 20200124-5TOZQN,1
Permohonan penghapusan referensi sakti web satker 890639,1
Persyaratan Admin Sakti Unit Eselon I,1
petunjuk teknis mpn g3,1
Selisih pengembalian belanja di rekon desember,1
konfirmasi penerimaan (PNBP),1
PERBAIKAN TRANSAKSI PENERIMAAN APAKAH BOLEH DILAKUKAN DI SPAN VERA DI LUAR MASA PERPANJANGAN PERBAIKAN TRANSAKSI?,1
cara upload APBDES,1
konfirmasi sp2d,1
sertifikat bendahara belum terbit,1
SAKTI: Muncul SSP yang error pada Monsakti,1
APLIKASI SAS 2020 TIDAK BISA BUAT KUITANSI,1
Error Kirim ADK LPJ SAS 20.0.2,1
Buka buku persediaan bulan desember 2019,1
Data LPJ tidak bisa kirim,1
Password Sakti,1
Pengelolaan Anggaran,1
"Selisih Kesesuaian Saldo UP Pada aplikasi SPRINT, Satker SAKTI",1
upload LPJ,1
APLIKASI GPP ERROR,1
Kill USERNAME_MASKED dan ppspm,1
tidak bs upload adk lpj,1
Sakti WEB,1
Ketidaksesuaian Pagu Awal Kegiatan 3704 (Satker 423011) pada halaman RUH Belanja Aplikasi SAKTI,1
permasalahan LPJ 2020,1
Error GPP terpusat,1
Gagal mengambil tahun anggaran ketika akan login di webSAKTI,1
Perubahan Nama Rekening pada aplikasi SPRINT,1
Kendala pada Aplikasi SAKTI WEB,1
Masalah Kekurangan Gaji,1
petunjuk revisi POK pada Aplikasi SAKTI,1
"Tidak mendapatkan NTPN, NTB dan informasi kode billing setelah proses pembayaran",1
Dana ke Rekening Bendahara belum masuk,1
proses update eoffice,1
validasi data belanja pada aplikasi SAKTI,1
Kota penandatangan SAKTI ganti jadi Makassar,1
Gaji Terusan bagi Bujang,1
kas tunai dan kas bank nol:SAKTI,1
Konfirmasi Pagu Tahun Anggaran 2019 dan Dana Luncuran Proyek yang dibiayai dengan SBSN,1
BANSOS BUKU 2014 KAB PEMALANG,1
Permohonan perpindahan pelaksana pada Aplikasi eOffice KPPN Pelaihari,1
Adanya jurnal yang masih menggantung,1
Permasalahan terkait rekening TNP,1
Data tidak realtime,1
Transaksi Penerimaan Negara Belum Muncul di OMSPAN,1
Data realisasi di OMSPAN,1
Tipe Suppier 6,1
Gagal rekon GPP terpusat,1
Perubahan nilai KKP Kantor UPP Atapupu.pdf,1
Tanggal Setoran SSBP,1
Tidak Bisa Batal SPM,1
Tanggungan BPJS suami/istri PNS,1
Permasalahan SPAN,1
ijin mengirimkan backup permasalah Berita acara belum bisa digunakan,1
neraca tidak seimbang,1
Data Kontrak Tidak Muncul Pada Perekaman BAST,1
SAS 2020 Tidak update potongan BPJS,1
Permasalahan USERNAME_MASKED tidak dapat upload data kontrak,1
Status Revisi DIPA di SAKTI,1
Permohonan penghapusan no gaji satker 018576,1
Kode Satker Baru blm muncul di SPRINT,1
Gagal Rekon Gaji Terusan,1
Sudah pemutakhiran data tapi masih tertolak. Telepon KPPN Jakarta VII,1
Terkait Web SAKTI,1
permohonan penghapusan saldo yang berada dikas tunai di Dana Pihak ketiga januari 2020,1
Pembatalan Register Hibah,1
"Potongan PPh tahun 2020 berbeda dengan tahun PPh tahun 2019, sementara tidak ada perubahan status",1
Sertifikasi bnt thn 2020,1
kkp,1
Definisi hak timbulnya hak tagih kepada negara,1
Permohonan push ulang e-rekon (satker 527844),1
LPJ SAKTI dan ADK Monsakti berbeda,1
Perbedaan Saldo UP menurut UAKPA pada LPJ Bulan Juli 2019,1
Lupa id dan Pasword aplikasi Sakti Web,1
Kendala Login Aplikasi SPRINT,1
Maksimim Pencairan,1
Penghapusan Transaksi,1
Pencatatan Barang/Jasa KKP,1
Validasi Data Gagal,1
Upload ADK Gaji Induk/Gaji Susulan tidak berhasil (635926).,1
kode validasi sakti tidak muncul,1
Terkait penambahan sub komponen dalam aplikasi sakti.,1
Usulan Revisi Hal III DIPA 423265,1
permohonan USERNAME_MASKED untuk unit eselon I,1
SPBy Tidak Muncul Saat Rekam Kuitansi di Silabi,1
Pengajuan USERNAME_MASKED Kepegawaian pada Aplikasi PBNOpen,1
tidak bisa buka USERNAME_MASKED,1
Permohonan Push Data,1
KPPN Bandung,1
Revisi dipa,1
Tidak Adanya Honor Pejabat Penerima Brg/Jasa TA 2020,1
Update 9 Februari 2019 Modul Pembayaran Tidak Muncul,1
Permohonan Tutup Buku Bulan November 2019 KPP Madya Sidoarjo (449828),1
Selisih di BP PNBP pada LPJ Bendahara Penerimaan,1
Perhitungan IKPA 2020 Rekon-LPJ,1
Bendahara yang tersertifikasi,1
Perbaikan nama dan nomor rekening dana desa dalam rangka penyaluran dana desa di aplikasi SAKTI dan aplikasi OM SPAN,1
reset USERNAME_MASKED password,1
Permintaan KILL login akun modul ADMIN SAKTI satker 506208,1
Modul Penganggaran di SAKTI hilang,1
Cara Perekaman Kuitansi UP KKP,1
Isian Penandatangan tidak bisa diubah,1
Push e-rekon,1
Pendaftaran USERNAME_MASKED eselon,1
Pendaftaran USERNAME_MASKED Unit,1
updetan SAS 2020,1
Permasalahan Aplikasi Sakti,1
Permasalahan tentang sakti tidak bisa validasi revisi halaman III Dipa,1
USERNAME_MASKED OMSPAN untuk konfirmasi penerimaan,1
Cara Perekaman KDP Aset Rumah pada aplikasi SAKTI,1
Proses ADK Penyamaan Data GPP,1
Penyesuaian History Revisi Dipa I,1
Permasalahan modul penganggaran satker 657914,1
Pendaftaran USERNAME_MASKED Tingkat Unit Sekretariat Jenderal dan Tingkat K/L Kementerian Kesehatan,1
Tindak Lanjut tiket 20200210-87CPGL,1
Tidak mengisi detail PNBP di modul admin SAS,1
Void SP2HL KPU SIGI (670976),1
Permintaan Pergantian USERNAME_MASKED pada KPPBC TMP C Kotabaru,1
Pembayaran Selisih Tukin Guru,1
Perekaman KKP dan SPP KKP,1
heri yunus,1
Belum menerima informasi alamat email SAKTI,1
Setoran Pajak Belum Muncul di OM-SPAN,1
hjghjg,1
SPAN Selalu Error,1
Permasalahan Kirim ADK SPAN Sakti Web,1
Permohonan Hapus ADK Gaji,1
Permohonan Void SPHL No. NPWP_MASKED Tanggal 31-12-2019,1
Permintaan USERNAME_MASKED Password SAKTI,1
Permohonan Informasi dan Tindak lanjut atas Tidak Keluarnya Data Revisi DIPA Ke-01 pada Aplikasi SAKTI WEB,1
Ralat Nilai Pengesahan Hibah (SP2HL),1
Permohonan Password USERNAME_MASKED,1
mohon perbaikan data pagu pada Aplikasi SAKTI satker 669034,1
Referensi register hibah djpu,1
Permohonan Kirim SMS USERNAME_MASKED Password SAKTI WEB,1
Pembayaran Kekurangan Gaji PPNPN,1
Lupa password aplikasi digit,1
Mohon Kirim ulang USERNAME_MASKED Paswod,1
Satker 417373_Permohonan penyesuaian history revisi DIPA,1
Permintaan Penyamaan Data Pegawai 429017,1
Penerimaan Negara Belum dapat dikonfirmasi,1
selisih pada e-rekon atas transaksi BMN dengan realisasi belanja modal di Aplikasi SAKTI,1
Notif revisi anggaran,1
Perbedaan pagu dipa setelah revisi,1
Tidak Bisa Merekam SPBY Setelah Revisi DIPA,1
PC Workstation tidak bisa konek dengan DBPPNPN,1
Pendaftaran USERNAME_MASKED Web Unit,1
koreksi kode kegiatan SPHL ditolak SPAN,1
USERNAME_MASKED yang tidak bisa login,1
Permohonan USERNAME_MASKED BUN lingkup Direktorat PA,1
NRK 20001416/0,1
Lupa Password email Sakti,1
MPHL-BJS belum masuk data SiAP,1
VOLUME PADA MATRIKS PERUBAHAN BERUBAH UBAH,1
Seputar omspan,1
Data revisi di SAKTI hilang,1
gagal update PC ke windows 10,1
Penyelesaian Tagihan Atas Beban SBSN yg sd 31 Desember 2019 belum mencapai 100%,1
cara log in bila muncul pesan sudah log in,1
Menu PHLN pada SAKTI,1
Permohonan email sakti untuk level UNIT Ditjen KSDAE KLHK (BA 029.05),1
Revisi Halaman III Dipa,1
merekam pejabat KPA/PPSPM/Bendahara,1
CATAT SP2D,1
koreksi spmkp,1
Inpassing Jabatan Fungsional,1
Terdapat kesulitan registrasi digit dengan notifikasi object-object,1
Mengubah Nilai Uang Persediaan di Aplikasi SAKTI,1
Satker BLU mendapat notifikasi bukan satker BLU saat melakukan update info saldo BLU,1
Honor Narasumber Menteri,1
Kendala sakti,1
Gagal Batal Cadang pada Kontrak Multiyears NRK 18001468,1
Perihal perubahan volume output pada aplikasi web SAKTI,1
Usulan USERNAME_MASKED market placeKPPN Atambua,1
Penambahan Kode Pos pada SAKTI,1
Permasalahan Aplikasi SAS Modul SILABI Menggunakan SAS Versi 20.0.2 build 29 Januari 2020,1
Permohonan Pergantian USERNAME_MASKED DAK DD KPPN Ketapang,1
Fail (-1),1
konfirmasi penerimaan pada OMSPAN nilainya berbeda,1
Saldo Utang Kepada Pihak Ketiga,1
REVISI LOKASI KOREM,1
reset password DIGIT,1
Permintaan Push Data Sakti (modul GLP),1
Tarif Perjalaan Dinas,1
Menghapus spp batal adk,1
Permohonon penyesuaian data DIPA di Aplikasi SAKTI,1
PIN PPSPM tidak bisa registrasi,1
Data Penerimaan Negara 2020 (USD) Saat dikoreksi Masih 'GL Date Kosong',1
Permintaan Penghapusan PMRT KPPN Padang per 19 Februari 2020,1
Cetak Laporan Matriks tapi ds sesudah : null,1
Format Excel pada Keluaran SP2D,1
FILTER: KODE KECAMATAN | 3317102 KODE DESA | ACCOUNT_MASKED,1
Perubahan USERNAME_MASKED Fisik dan Dana Desa KPPN Palu,1
Mohon dkonfirmasi USERNAME_MASKED password masuk ke instaler FileZilla untuk ftp server karena USERNAME_MASKED password yang dibagikan tidak bisa masukj.terima kasih,1
Aktivasi Office,1
NILAI SETORAN DOUBLE PADA OMSPAN (KONFIRMASI),1
tidak bisa cetak sakti web,1
Pengajuan Tunjangan Jabatan Pada Satker Bawaslu yang Dipekerjakan Di Pemda,1
Lupa password oprd2 Aplikasi SAKTI,1
Update Simak BMN,1
SPBY Tidak muncul saat membuat kuitansi di SILABI,1
TIDAK MENERIMA EMAIL AKTIVASI PADA DJP ONLINE,1
tidak bisa login aplikasi sas,1
SAKTI WEB - USERNAME_MASKED Referensi Satker - Pendaftaran PPK dan Pertanyaan tentang Perubahan Nama Satker,1
Penyampaian Form Checklist Instlasi PC Workstation KPPN Tanjung Pandan,1
Potongan Pajak SPM Tukin,1
Fail Upload Adk di CW SPAN,1
"Validasi Belanja Gagal, Pagu GLP beda dengan Pagu Belanja",1
Permohonan Penggantian Sementara PPSPM,1
Kotak Cek list pada detail Sakti,1
Pembuatan Paydoc SBSN BRI Syariah,1
Penyampaian Form Checklist Instalasi PC Workstation KPPN Mataram,1
Penolakan Supplier,1
Kesalahan penyetoran penerimaan negara,1
"jurnal pengembalian belanja tayl (uang makan, lembur, spd, honor)",1
Gagal Update COA setelah selesai approval Revisi POK USERNAME_MASKED,1
Permintaan rincian transaksi Modul Aset Tetap,1
Kenapa berubah Digital Stamp,1
tutup buku bulan 11,1
Permintaan Penghapusan PMRT KPPN Padang per 24 Februari 2020,1
Revisi POK Sakti Web,1
Perbedaan Data Nominal Setoran,1
sudah valid tapi output adk tidak dapat terdownload,1
Push manual E-Rekon Satker 440941,1
Perbedaan Jumlah Pembayaran Antara MPN dan OM SPAN,1
Aplikasi sas menu SPBY,1
Permohonaan pembuatan USERNAME_MASKED Seksi PDMS pada apl. e-jafung,1
Realisasi total tidak sama dengan jumlah realisasi per akun pada belanja pegawai bulan Februari 2020,1
Reset Password Aplikasi SAKTI,1
Pergantian PPSPM Aplikasi SAKTI,1
Penghapusan Data USERNAME_MASKED SAKTI,1
DS Null,1
mohon dikirimkan password,1
Permohonan Penggantian USERNAME_MASKED 1 Satker 119703,1
permohonan USERNAME_MASKED password KPA,1
Telepon KPPN Jakarta IV,1
mohon di void no sp2d tanggal 27 Februari 2020,1
Permintaan USERNAME_MASKED dan Anggaran,1
Reset password USERNAME_MASKED,1
Proses penggantian PPSPM pada SAKTI Web,1
Revoke DS karena mutasi pegawai,1
SK pangkat pengadian,1
Pergantian USERNAME_MASKED pada Aplikasi SAKYI,1
Satker Kejari Kulonprogo belum mendapatkan email untuk melakukan aktivasi USERNAME_MASKED,1
permohonan USERNAME_MASKED unit,1
Nilai IKPA Bulan Februari 2020,1
Sas 2020,1
USERNAME_MASKED E-JAFUNG KASI MSKI KPPN BATURAJA,1
Nilai Buku Minus karena Penyusutan,1
request buka periode 12 modul Aset Tetap KPPBC Semarang,1
Permohonan Pasword Operator SAKTI,1
Permintaan KEP-650/PB/2018,1
Satker Yang melakukan Permohonan Persetujuan UP Kembali setelah mendapat Dispensasi,1
Permohonan Daftar USERNAME_MASKED Satker Lingkup KPPN Mamuju Tahun 2020,1
Laporan Kinerja Anggaran Satker,1
Kiriman Data KKP dari PPK ke BPP tidak terbaca sehingga tidak dapat membuat kuitansi KKP,1
Konfirmasi setoran penerimaan angsuran sewa beli rumah negara gol III,1
Permintaan USERNAME_MASKED Tingkat Unit Kerja Eselon I,1
Gagal validasi RUH Belanja Revisi DIPA pada SAKTI,1
Nama KPA tidak berubah,1
tatacara perekaman kuitansi atas KKP di SAS 2020,1
Merekam Komponen tidak muncul di aplikasi sakti,1
Belum Menerima SMS SAKTI,1
Penyampaian USERNAME_MASKED OMSPAN DAK Fisik TA 2020 Untuk Pemda,1
Cara Memindahkan data PPNPN dari SAS 2019 ke 2020,1
Menambah Data Pengguna Layanan CSO,1
Revisi DIPA melalui Aplikasi SAKTI,1
Konfirmasi Capaian output,1
Perbaikan akun RPD Harian Penyaluran Dana Desa,1
gagal validasi data belanja pada SAKTI,1
Permohonanan Perubahaan Kedudukan Pegawai An asep Di GPP Terpusat,1
Status Upload LPJ feb 2020,1
Nomor SK PPNPN Tidak Muncul,1
Penolakan SPM dari SPAN,1
Masa Berlaku Sertifikat Elektronik Akan Habis,1
LPJ BPP SAS 20,1
Permintaan Perubahan USERNAME_MASKED/atau Password OMSPAN Satker,1
usulan,1
Reset password aplikasi digit,1
Permintaan Penghapusan Gaji Induk April,1
ADK Konfirmasi Penerimaan Negara Gagal di OMSPAN,1
pengalokasian dana dekon ke kegiatan di direktorat,1
Update ADK di aplikasi SAKTI,1
Validasi Pegawai aktif di satker lain,1
LPJ Februari,1
Konfirmasi tidak mucul di OMSPAN,1
Bapas Jogja,1
Supplier BPG gagal Validasi,1
SET UP TEMPLATE RESKSUS DITJEN PERKERETAAPIAN,1
Permasalahan Revisi Hal III DIPA,1
Total nilai kuitansi UP yang belum di GUP kan tidak muncul,1
perbedaan saldo UP satker KPP Pratama Kolaka 409979,1
Data IKPA Satker 408772,1
Log In SAKTI,1
USERNAME_MASKED Aplikasi SPRINT,1
Penyesuaian Sisa Pagu DIPA,1
Beda Cetakan dan ADK LPJ SAKTI,1
Penginputan penyerapan,1
Cetak Data Konfirmasi Penerimaan Tidak Muncul NTPN dan NTB,1
Aplikasi SAS Error MySQL Database Kode 10106,1
mohon kill USERNAME_MASKED 524320,1
Password baru tidak dapat digunakan,1
Mohon petunjuk tata cara pengisian capaian output di Aplikasi SAS,1
Kendala Teknis pada Aplikasi SAKTI Modul Bendahara,1
KIPS Bagi satker SAKTI,1
reset password email kemenkeu a.n. Makmur Arifin NIP NIP_MASKED,1
ADK tidak dapat didownload dari Sakti Web,1
Aplikasi GPP Satker,1
Tolakan Gaji terusan ke IV pegawai Kantor Pertanahan Kab. Bandung (429712),1
Menu PPNPN Pada Aplikasi SAS 20.0.3,1
USERNAME_MASKED om span dana desa untuk kabupaten bekasi tidak bisa dibuka,1
penjelasan data realisasi,1
Manual lengkap GPP,1
menu Kartu Kredit Pemerintah (KKP) pada Aplikasi SAS,1
Permohonan Pergantian USERNAME_MASKED KANWIL DJBC BANTEN,1
Kekurangan Gaji Pencabutan Skorsing,1
Nomor SPM yang terhapus,1
Tagihan Invoice SPM Retur KPPN Makassar II,1
Error SAKTI: Java.lang pointer null exception,1
Selisih Saldo UP Satker KPP Singkawang (410599),1
Aplikasi SPRINT,1
"Mohon Solusinya salah input Kwitansi Belanja modal rumah jabatan KPPN Kudus yang seharus nyaRp. 8.150.650,- diinput Rp. Rp. 7.310.000,- dan sudah terlanjur didetailkan di Modul Aset Tetap sehingga untuk rekam kwitansi tidak dapat atas bantuannya diucapkan",1
Penambahan kewenangan USERNAME_MASKED komitmen,1
Terdapat akun yang salah di PNBP Kejaksaan RI,1
akun belanja,1
SAKTI: Cetakan SPBy Null,1
Monev PA ada KPPN KPH,1
Workshop Nasional Penyusuna Dokumen Akriditasi Laboratorium Dan Upgrading,1
cetakan LRPCO 2019 dan rekap SP2d BUD 2019,1
Permohonan Pergantian USERNAME_MASKED Fisik dan Dana Desa,1
Pegawai PPNPN dengan supplier tipe 3,1
Revisi Pejabat Perbendaharaan,1
Gagal CALL revisi 1,1
Prosedur Pergantian PPSPM Sementara,1
LPJ PENDAHARA PENGELUARAN,1
Penyampaian Isu Terkait Aplikasi Gaji KPPN Terpusat (Solved),1
Permohonan pergantian USERNAME_MASKED pada KPPN Sragen,1
Terdapat Perbedaan Akumulasi Penyusutan,1
gagal Validasi di Satudja pada kewenangan revisi,1
Ketidaksesuaian Capaian Indikator Data Kontrak pada Monev PA,1
Data Penerimaan Perpajakan dan Belanja KL,1
Permintaan penambahan update Referensi Tunjangan Jabatan Fungsional pada Aplikasi GPP,1
OMSPAN DAK Fisik - Laporan Sisa DAK Fisik TAYL,1
Permohonan USERNAME_MASKED Administrator untuk mengganti DNS PC SPAN Kepala Seksi Bank KPPN Kendari,1
Permintaan USERNAME_MASKED pass Local host,1
Permohonan USERNAME_MASKED Lokal PC SPAN,1
password om span satker,1
Permohonan Pengiriman Ulang USERNAME_MASKED Password Aplikasi SAKTI WEB.,1
Permintaan USERNAME_MASKED Sementara,1
Permohononan USERNAME_MASKED,1
Permohonan Pengesahan Memo Penyesuaian Saldo Awal Tahun 2020 satker BLU UNS (677508),1
KPA tidak berada kantor,1
Penggunaan 526311 dgn 526312,1
Password CMS BRI Syariah,1
Permohonan Paydoc Referensi Segmen Bank untuk satker BLU UNS (677508),1
Permohonan Pengaturan Ulang Kata Sandi Aplikasi SAKTI,1
permintaan USERNAME_MASKED administrator untuk pergantian dns pc span,1
Aplikasi Erekon-LK Lemot pada jaringan intranet KPPN Sidikalang,1
lpj Eror,1
Data Setoran Penerimaan Belum Muncul Pada OM SPAN,1
Pengahpusan Kode Satker,1
Printer Kasi Bank Dotmatrik,1
Jumlah Besaran untuk Piket,1
Pelaksanaan Paket Meeting Fullday,1
Status SPM No 00063A dan 00062A Satker 410687,1
BATAL PERSEDIAAN MASUK DI APLIKASI SAKTI,1
Uang muka,1
Kesalahan SPM pada IKPA,1
Data Realisasi,1
USERNAME_MASKED Pasword OM SPAN Satker,1
Reval,1
Mohon informasi terkait pencairan swakelola DAK Fisik,1
Dispensasi RPD pada Modul Renkas Aplikasi OM SPAN untuk satker Pengembalian Penerimaan PFK (440780),1
ada akun dalam adk yang tidak ada di data pagu,1
push data rekon perbaikan reval 2019,1
Input SP2D BUD,1
GPP Gaji Pegawai,1
Pembayaran Sukarelawan,1
Pergantian USERNAME_MASKED E-Rekon L/K,1
USERNAME_MASKED Web untuk Satker Baru,1
Pergantian akun span kepala kantor,1
Pengesahan SP3B BLU satker pindah BA,1
SAS dan SPM,1
Permohonan penghapusan data gaji,1
Pembuatan USERNAME_MASKED I,1
mohon penambahan komponen,1
permohonan penyamaan data satker baru,1
Permohonan Penghapusan Supplier Dana Desa KPPN Pangkalpinang,1
Revisi Perubahan Kode Register SBSN,1
Peran USERNAME_MASKED KP2KP (anak satker Kantor Pajak),1
Hapus No SPM dan No Invoice,1
akses,1
DPR Kartu kredit pemerintah tidak masuk ke bendahara,1
Permohonan Reset Akun DIGIT,1
Tolakan SPM TIPE 1 Satker yang berubah nama pada DIPA,1
Penyelesaian Retur Dana BOS Penyaluran Tahap 1 Gelombang 1 TA 2020,1
Revisi dja,1
Permintaan VOID SPM/SP2D nomor NPWP_MASKED tgl 18 Maret 2020,1
"Pendaftaran USERNAME_MASKED sakti tingkat unit/kl, kementerian desa,pdt dan trans",1
clock in WFH tidak terbaca di pengawasan atasan langsung,1
Perubahan USERNAME_MASKED KPKNL Palu,1
Penggantian USERNAME_MASKED KPPN (SPAN),1
Aktifasi Microsoft Office 2013,1
113/pmk.05/2020,1
Data SPBy hilang,1
Kekurangan Tunjangan Umum,1
pengembalian belanja pegawai,1
Mohon Solusi Terkait adanya Microsoft Office Starter yang menyebabkan tidak dapat membuat file excel template Web Adi,1
PERMINTAAN NO NTPN,1
Apsen dari edpb,1
Perekaman Kuitansi KKP tidak muncul pembebanannya,1
DAFTAR USERNAME_MASKED SAKTI TINGKAT UNIT,1
PC SPAN tidak bisa login,1
Permohonan update data atasan pegawai di edjpb,1
Kirim DB GPP ke satker,1
Perubahan Akun Sakti,1
Aplikasi web sakti,1
Cara meminta akun admin lokal,1
EDJPb: Muncul Url Tidak dikenal saat klik Task,1
NPWP xxx tidak ditemukan: SAKTI. sudah ada NRS.,1
Belanja tabung pompa racun rumput,1
Informasi terkait dana yang masuk ke rekening pihak ketiga,1
Kode Pos yang salah dalam aplikasi SAKTI,1
kesalahan pemrosesan SPM Koreksi,1
Permintaan Penghapusan PMRT KPPN Kolaka 17 Maret 2020,1
Permohonan USERNAME_MASKED Baru,1
Akun keperluan sehari hari perkantoran,1
Pembayaran Uang Makan untuk pegawai WFH,1
Permohonan Password Aplikasi Sakti untuk admin,1
Aplikasi Web Hosting Haipedia Tidak bisa diakses,1
Rekam Kwitansi GUP,1
Pengesahan triwulan I 2020,1
SAKTI : Kendala pembutan usulan revisi,1
Salah Klik aplikasi edjpb.kemenkeu.go.id,1
Cara Menambah PPNPN Baru di Aplikasi Sakti,1
Modul Supplier tidak ada di SPAN MO PD,1
Pengelolaan Data Supplier,1
Permasalahan SAS,1
bawahan edjpb belum terupdate,1
kill session,1
Perubahan USERNAME_MASKED untuk KPA Satker,1
Copy DIPA revisi I sakti ke usulan Revisi II Berbeda,1
REFUND PEMBELIAN TIKET PESAWAT MELALUI KKP KARENA COVID-19,1
Password Digit yang baru tidak bisa open,1
Permintaan Akses RDP,1
Kuitansi KKP tidak muncul di Modul SILABI SAS,1
Permohonan Aktivasi USERNAME_MASKED Online,1
Perubahan Password OMSPAN Satker,1
Renkas beda nominal,1
Assign akun edjpb,1
Lupa password operator Sakti,1
Tidak bisa memproses penambahan supplier di akun Sakti Modul PPK,1
Reset Email SAKTI,1
Permintaan Reset Password pada edjpb.kemenkeu.go.id,1
Pengisian Task di E- Office Untuk Pegawai WFH Bermasalah,1
Error Validasi Invoice Retur,1
Arsip Surat Masuk Pada E-Office,1
cara aproval sakti satker,1
DAK Fisik 2020,1
error pada saat perhitungan gaji PPNPN di aplikasi SAS 2020,1
Mengkopi Aplikasi GPP tidak bisa,1
Work From Home (WFH) untuk Pejabat,1
Tutup buku permanen periode ADJ 1 2019,1
Kesalahan kode barang dan jumlah barang,1
input,1
USERNAME_MASKED buat approve pembukaan rekening tampilannya,1
penginputan Daftar kontrak bermasalah,1
Realisasi di Silabi,1
Kelengkapan penyaluran DAK FISIK,1
Data pegawai pada aplikasi edjpb belum sesuai,1
Nama Penandatangan Dokumen pada Nadine,1
Invalid USERNAME_MASKED,1
Data di di PBN OPEN dan di Edjpb tidak sinkron,1
Penggantian USERNAME_MASKED Kepala Kantor KPPN Bengkulu,1
Covid,1
Tujuan Permintaan data Tenaga Kesehatan,1
Pemilihan Metode Penyaluran Pada DAK FISIK REGULER bidang Sosial tidak bisa diakses,1
USERNAME_MASKED password digit.kemenkeu,1
kenapa akun saya tidak terdaftar,1
Permohonan Hapus PMRT 2020 KPPN Majene,1
Permintaan surat S-5240/2018,1
Menu Anggaran di SAKTI hilang,1
Tutup Buku Permanen Tahun 2019 Audited,1
Pembayaran Gaji Susulan TNI an. R. Andry Purwanto,1
PEMROSESAN SPM DENGAN SUMBER DANA SBSN,1
Permintaan Dasar Hukum dan Mekanisme Penerbitan Surat Keterangan Tanda Lunas Tahun 2001,1
Permintaan Reset Password aplikasi Digit,1
Permohonan Pengahapusan Data Satker dari MON-SAKTI,1
SAS SPDPL,1
eDJPb tidak bisa diproses,1
Salah catat supplier bank di kontrak,1
Pendaftaran USERNAME_MASKED KPPN Kuala Tungkal,1
SKA Belum AS3 - 0006938/CBN/2020,1
LAMAN OMSPAN,1
SP2D BUD tahun 2019 tidak bisa di operasikan,1
PERMOHONAN PENGHAPUSAN INVOICE YANG MENGGANTUNG,1
Data Kontrak Single Years 2020 Tertolak,1
pemberhentian sesi log in USERNAME_MASKED SAKTI,1
PP SPM tidak dapat melakukan validasi SPM Dana Desa,1
Ubah Supplier Dana Desa,1
BPP BLU,1
PENDAFTARAN USERNAME_MASKED,1
Pendaftaran Supplier Incomplete,1
Exel untuk aplkasi Sirup,1
Permohonan File Surat Sekretaris DJPB,1
Permohonan Penambahan USERNAME_MASKED,1
tanggal sp2d spmkp renka otomatis,1
SE Dirjen PB No S-3775/PB/2012,1
Permintaan Penghapusan PMRT KPPN Baubau per 31 Maret 2020,1
Kuota SP2D per hari,1
Akses Internet Lambat,1
SAKTI BERMASALAH,1
"Retur SP2D Dana Desa, Ingin Mengubah Nomor Rekening",1
Kendala dalam rekon transaksi Unreconsilled pada Aplikasi SPAN modul CM,1
Email SAKTI tertolak,1
SKPP Pensiun Atas Permintaan Sendiri,1
Penjelasan ND 280,1
"Tolakan SPAN ""Nomor Rekening Khusus harus diisi dan No Loan Register Belum Terdaftar di Rekening Khusus : T3S0250320""",1
Pembuatan Tamplate Reksus SBSN tidak dapat diproses,1
EMAIL SAKTI,1
Gagal Ubah Kedudukan Tewas pada GPP terpusat,1
Rekonsiliasi Hibah Di SPAN,1
Data Register Hibah Tahun 2019 Lanal Tanjung Balai,1
Reset BAR dan open periode BA 106,1
Peminjaman BMN Terkait Work From home,1
Konfigurasi Referensi Satker Baru Polres Bolaang Mongondow Selatan Kode Satker : 352651,1
mohon bantuan APD di Puskesmas Tegalrejo Kab Magelang,1
Rapat zoom,1
"Perubahan USERNAME_MASKED, Admin dan penambahan operator anggaran SAKTi",1
PENOLAKAN INFORMASI SUPPLIER,1
Tidak Bisa memilih data wajib pajak ketika membuat GUP KKP dalam Aplikasi SAKTI Desktop,1
Nomor Rekening Khusus tidak ditemukan,1
Permasalahan OM SPAN DAK Fisik,1
Permasalahan pada ADK LPJ Sakti,1
Rekonsiliasi transaksi hibah,1
Pembelian paket data,1
Deviasi Bulan Maret 2020 KPPN 121,1
permohonan email sakti untuk mengirim spm,1
Addendum kontrak tahun 2019,1
Lupa Password e-Sprint,1
URL tidak dikenal di edjpb,1
Perubahan Nomor Handphone USERNAME_MASKED untuk Aplikasi SAKTI,1
Konfirmasi data pajak,1
registrasi digit kadaluarsa,1
Data pada MONEV PA Tidak Sesuai,1
setoran pengembalian belanja belum muncul di SPAN,1
revisi dipa,1
Data Kesehatan tidak bisa disimpan,1
Penolakan PMRT validasi SPAN,1
Disk pada drive E pada server FTP Dakdandes melebihi 90%,1
Honorarium narasumber teleconference dan perjalanan dinas dalam kota lebih dari 8 jam,1
Petunjuk koreksi SPM GUP di Aplikasi Sakti,1
Persetujuan Penyamaan Data Bagi satker Baru (536734) KPPN Batam Aplikasi Gaji KPPN Terpusat,1
Aplikasi Konversii,1
Terima Satker Baru (420048) pada Aplikasi GPP terpusat,1
Tidak dapat Mengirimkan LPJ Silabi Bendahara Pengeluaran bulan Maret 2020,1
Perubahan Referensi Desa di OMSPAN,1
Petunjuk Melakukan Addendum SAKTI,1
registrasi hibah TAB 2020,1
Pegawai WFH yang terlanjur clock out sebelum jam 17.00,1
LPJ Bendahara Penerimaan KPKNL Surakarta,1
Tidak Bisa Hapus Gaji,1
Penolakan NIP Aktif di KPPN lain,1
Permintaan User & Password Administrator PC KPB6603G130,1
cara mengambil data,1
adk omspan untuk silabi,1
alasan penolakan di span?,1
Pengajuan Spm,1
USERNAME_MASKED Hilang,1
Format Cetakan LAK Per Akun dan Lak Face,1
"Konversi di hari libur, boleh kah?",1
OM SPAN,1
Omspan Tidak bisa menampilkan menu + untuk input daftar kontrak kegiatan,1
SAIBA,1
Kill USERNAME_MASKED SAKTI yang dianggap sudah login satker KPPN Watampone KPA Penyaluran DAK Fisik dan Dana Desa (403640),1
Permohonan Pendaftaran Virtual Account PLN,1
Push Data Ke E-rekon Belum Berhasil.,1
Logout USERNAME_MASKED dan USERNAME_MASKED aplikasi SAKTI DAK Fisik dan Dana Desa,1
KKP Perjadin tapi batal berangkat dan ada potongan,1
Salah NPWP tapi sudah diajukan oleh KPPN,1
Tautan Reset Password e-rekon LK tidak,1
Permintaan Akses pada Om Span,1
Kesalahan input data bulan kematian,1
Usulan update menu OMSPAN,1
No NTPN itidak dapat dapat di upload di Pelaporan SPT Pajak,1
Perubahan USERNAME_MASKED Kasi Bank KPPN KPH,1
Masalah Pembayaran Lembur,1
aplikasi gpp,1
Permohonan USERNAME_MASKED dan Pergantian USERNAME_MASKED.,1
jabfung analis pengelola keuangan apbn,1
Pendaftaran USERNAME_MASKED Satker Polres Kepulauan Sitaro (Belum memiliki DIPA),1
Permohonan Pembatalan Approval Modul Asset Tetap KPPN Kotabumi (528022),1
kami dari satker biddokkes (643262) menanyakan kendala dlm hal anggota pensiun tetapi gaji tdk sama dgn skep pensiun,1
APLIKASI SAKTI - MIGRASI ADK,1
USERNAME_MASKED Password PortalSakti,1
Kode Desa dan No Rekening Desa Tertukar pada Data SPAN dan SAKTI,1
Kewenangan Bendahara Pengeluaran,1
Kuitansi tidak bisa diubah/tayang,1
Pendaftaran USERNAME_MASKED Level Unit - Inspektorat Jenderal Kementerian Perindustrian (247885),1
Kendala Mengkonversi SPM (Spesimen Satker Tidak Ditemukan),1
Konfirmasi Proses Perubahan Rekening Kas Umum Daerah,1
SKPP Dalam Bentuk Softcopy,1
Rencana Penarikan Halaman III DIPA,1
SKPP Dalam bentuk Softcopy,1
Permintaan Void SP2D UNSYIAH_Reksus SBSN DJ SUMBER DAYA IPTEK dan DIKTI,1
Input penyaluran,1
Sakti tidak bisa login,1
Penjelasan Terkait Biaya Pendukung Rapat Dalam Jaringan,1
Mekanisme Pengajuan Gaji Induk Pegawai dengan Kedudukan Dipekerjakan Satker Asal Perpanjangan BUP,1
Penggunaan akun belanja barang untuk bantuan kegiatan suatu lembaga,1
Error Saat Upload File CSV ke eSPM,1
Dispensasi Pendaftaran Kontrak,1
USERNAME_MASKED PIC TIK Tidak Dapat Melakukan Perubahan Setting Komputer Join Domain,1
Penundaan Realisasi Perjalanan dinas DN,1
penggantian email sakti,1
Cara Merubah NPWP di Header Supplier,1
Pasword KPA,1
Permintaan penghapusan rekon gaji kode satker 344823,1
Bantuan Donasi untuk RS dengan status BLU,1
Data dobel saat kirim KIPS ke ESPM,1
Gagal login EDJPb,1
login sakti,1
TIdak bisa masuk ke submenu RPD bulanan,1
Kedudukan PPNPN pada Surat Direktur Jenderal Perbendaharaan Kementerian Keuangan Nomor S-308/PB/2020 hal Penegasan Biaya/Belanja yang dapat Dibebankan pada DIPA Satker dalam Masa Darurat COVID-19,1
Migrasi Satudja ke sakti,1
Menu Catat SPP tidak ada pilihan jenis spp,1
Gagal LOGIN EDJPb,1
ND_205_WPB.02_KP.04_2020 Ralat ND_204 Permohonan Void SP2D.02_KP.04_2020 Ralat ND_204 Permohonan Void SP2D,1
Gagal upload WebAdi jurnal pengesahan MPHLBJS tahun 2020 pada menu 130_GL_VERA_USER SPAN,1
Tidak Dapat Mengunduh Dokumen Kelengkapan SPM Satker Pengguna SAKTI Via Portal Konverter,1
SAS tidak terkoneksi dengan database,1
Password DIGIT,1
Tidak bisa membentuk file ADK SPM Dana Desa (Koreksi untuk Kode satker 403635),1
Formulir Permintaan USERNAME_MASKED Password Aplikasi eSPM,1
Potongan SPM-GUP untuk memperkecil UP Satker,1
Permohonan USERNAME_MASKED Unit Eselon I,1
terima data pegawai baru aplikasi gpp,1
sinkronisasi antara Omspan dengan dokumen Anggaran,1
Tidak dapat login ke edjpb via digit,1
Lupa User/Password Aplikasi Sakti,1
Jumlah PPK,1
Pendaftaran USERNAME_MASKED Sakti Web Satker 426638,1
Input adk hasil pok ke sas,1
formulir permintaan USERNAME_MASKED password aplikasi eSPM,1
Nomor CAN kosong,1
Pembatalan SPM pada SAKTI akibat VOID,1
Gagal PPR SPM Penghasilan PPNPN Induk Bank Syariah Mandiri,1
USERNAME_MASKED web sakti,1
batal approve,1
SPP DAK FISIK,1
Permintaan Penghapusan ADK PMRT KPPN Mataram per Tgl. 22 April 2020,1
Penyaluran Dana Desa atas Desa yang double di OMSPAN,1
Revolving up,1
Reset Akun DIGIT,1
Monitoring Pelaporan Kesehatan eDJPb,1
Permintann USERNAME_MASKED password eSPM,1
Pendaftaran USERNAME_MASKED Tingkat Unit Eselon I Mahkamah Konstitusi RI,1
Masalah pada List Konfirmasi Penerimaan,1
Penolakan Validasi SPM oleh SPAN,1
PENGINPUTAN STATUS TERBIT SP2D PADA APLIKASI ESPM,1
Realisasi pada OM SPAN dan sakti beda,1
Pembatalan Tiket dan Pembukuannya di SILABI,1
Koreksi SPM namun akun yang benar belum tersedia,1
Kekurangan gaji,1
Pengajuan USERNAME_MASKED Eselon 1,1
Buat USERNAME_MASKED,1
revisi anggaran di sakti,1
tidak bisa akses edjpb,1
Kode 51 pada SAKTI Satker,1
Pertanyaan terkait WFO dan jasa telekomunikasi berupa pulsa/paket data,1
realisasi coa berbeda,1
Kanwil DJPb Jawa Barat,1
SAKTI WEB BERMASALAH!,1
Gagal mem validasi spm ppnpn,1
PENDAFTARAN JABATAN FUNGSIONAL PRANATA KEUANGAN APBN,1
Pengunduhan Apikasi Satker Vertikal DJPb TA 2020,1
USERNAME_MASKED Portal Sakti,1
Validasi Fund Fail saat Revisi Anggaran,1
Pembebanan Biaya Pulsa HP Pengaduan KI,1
Pengajuan SPM GUP,1
Permohonan Pengkatifan USERNAME_MASKED,1
KUR dan UMi,1
Kebijakan Pengajuan SPM GUP bagi Satker yang memiliki anak Satker di 22 Kab/kota,1
Permohonan penghapusan data satker di MONSAKTI menu Pendaftaran USERNAME_MASKED Piloting 4,1
Keliru Pendetilan Akun Aset,1
Sertifikat Diklat 2011,1
Nilai IKPA indikator retur,1
Permohonan perubahan data supplier,1
Update Referensi Akun pada Aplikasi SAS dan Konversi,1
pendaftaran data kontrak melalui espm,1
konfirmasi tiket No. Ref HAI-421083921status masih menunggu,1
Supplier NPWP cabang,1
Jaringan Aplikasi SPAN agak lambat,1
penarikan pinjaman & hibah melalui leter of credit,1
Permintaan data absensi E-Office Kemenkeu,1
Permintaan USERNAME_MASKED password aplikasi sakti,1
Validasi Pengajuan Kekurangan Tunjangan Fungsional,1
Perubahan USERNAME_MASKED Pejabat,1
Perbedaan data luasan tanah satker BBPOM di Mataram,1
aplikasi saktiweb,1
bendaharawan di SAKTI WEB,1
Kesalahan data staf pada Subbagian Kepegawaian pada Aplikasi edjpb,1
Koreksi SPM yang pagu nya sudah terhapus,1
Status Pegawai Purnabakti/Pensiun Pada Aplikasi Edjpb,1
"adk lpj error, belum bisa di approve",1
Jam Kerja eDJPb,1
"Lupa password DIGIT untuk akses aplikasi Sprint Nama Susulawanto NIP NIP_MASKED, MTsN 6 Aceh Tengah, Alamat Bintang",1
Jumlah pegawai,1
Gagal menginisiasi object: SAKTI,1
Pengadaan Pulsa Internet,1
Pendaftaran PC join domain ke OU KPPN Sibolga,1
Mohon solusi lpj di tolak di sprint,1
Perubahan kontrak,1
Penolakan Pada SPAN akibat perubahan Nama Satker,1
Terima Kasih Telah Menghubungi Kami Re: Penting : Tiket 20200502-10L9RG akan ditutup,1
Upload SPM Gaji Susulan dan PPNP di espm,1
Bagaimana mengecek SPMKP?,1
ESPM: Penyampaian SPM Gaji,1
"Terdapat revisi wewenang Kanwil atau DJA, Kegiatan = 1232, Output = 970, Jenis Belanja = 52, Pagu Belanja = 516512000, Pagu GLP = 516632000",1
NTB dan NTPN tidak Muncul di OM Span,1
nomenklatur satker kembali ke awal (sebelum di ubah),1
Kendala Upload ADK .krm pada GPP (error hubungi admin),1
Permasalahan Berita Acara LPJ Bendahara Penerimaan,1
error tahapan,1
Mohon informasi Format tanggal kontrak pada SPAN,1
KESESUAIAN SALDO REKENING BANK PADA LPJ BENDAHARA,1
Permohonan User,1
Hasil Cetakan Uang Lembur pada aplikasi GPP,1
SPMKP TIDAK BISA DILANJUT,1
Saran untuk Aplikasi eSPM,1
Permintaan USERNAME_MASKED PIC TIK,1
Aplikasi SAKTI saat input penghentiaan penggunaan,1
Permohonan Hapus GPP nomor 202013,1
Revolving GU KKP,1
Rekening virtual akun,1
477198 - Data pada laporan arus kas di SAKTI masih belum tepat,1
Admin Sakti,1
Ip komputer span yang pernah di gunakan di komputer non span,1
Tunjangan Kinerja dan Tunjangan Tambahan Bagi Plt.,1
SPMKP 171,1
Permasalahan Proses SPP DAK Fisik di SAKTI,1
SPM YANG TELAH DI VALIDASI DI FO TIDAK MUNCUL DI USERNAME_MASKED MO,1
Permohonan Penambahan Kuato SPM di E-SPM,1
BPKPAD Provimsi Maluku Utara,1
Mohon kode e-Filling,1
Tidak menemukan nama desa,1
522032,1
Update GPP dan SAS terkait pengajuan SPM THR,1
Rekon gaji Menggantung,1
kesalahan supplier,1
Format Surat Pengantar Pemurakhiran Akun terkait Covid-19 di POK,1
Permasalahan pencetakan SP2D Valas tgl 11 mei 2020,1
login ke URL_MASKED,1
USERNAME_MASKED BLT DANA DESA TIDAK VALID,1
Data Supplier menggantung,1
Permasalahan Instal Konversi,1
Kartu Debit Pemerintah,1
gagal unggah data BCSR ke SPAN,1
tidak dapat memproses pembuatan THR tahun 2020,1
Aplikasi Silabi Bendahara Penerima,1
Surat Tembusan,1
Dasar Hukum THR,1
penyesaian revisi DIPA pada bulan April 2020,1
Permintaan Penyaamaan Data Satker yang berubah nomenklatur,1
Pembayaran THR PNS dan TNI/POLRI,1
THR 2020,1
Error Saat konversi SPM Gaji satker POLRI,1
Pembayaran THR Yang sudah Terbit SKPP,1
kendala input data penyesuaian belanja pada aplikasi SAKTI,1
Monitoring Kontrak,1
nilai di hasil cetakan spby tidak sesuai,1
Pengajuan Kekurangan THR 2020,1
THR untuk PPNPN,1
Permohonan Pengembalian Penerimaan Negara TAhun Anggaran 2019,1
kendala saat menginstal update GPP mei 2020,1
Error aplikasi GPP,1
ADK sedang proses,1
RPD Haria Sakti,1
Pembatalan persetujuan pencatatan persedian nomor dokumen 0031,1
Tes Tiket Biro KLI,1
...............,1
119571 Pengaktifan kembali USERNAME_MASKED yang permanen,1
Tanya penggunaan akun,1
dimana opsi upload berkas?,1
Update GPP,1
Pemutakhiran revisi POK sakti,1
Gagal Tarik Gaji Maret untuk Perhitungan THR,1
Pembayaran THR,1
Permasalahan pada Aplikasi SILAP,1
Gagal inject pin ppspm,1
Nomor Gaji Tidak keluar pada saat rekam SPP,1
GPP: Validasi ADK Kekurangan THR,1
Pendaftaran USERNAME_MASKED Tingkat Unit,1
Gagal konversi SPM notifikasi internal server error,1
THR untuk PTT/GTT Tahun 2020,1
Pembayaran THR bagi Guru GTT,1
Kode PPh pada SPM,1
Import Data GPP pada SAKTI modul Komitmen,1
Pemohonan Pembuatan USERNAME_MASKED Satker 690423,1
Summary Database,1
Informasi Persentase Iuran IWP Gaji terusan Anggota Polri,1
Perubahan Nama di Aplikasi Om Span - 498592,1
PENOLAKAN SPM THR ANGGOTA TNI,1
PENOLAKAN SPMKP CONCH SOUTH KALIMANTAN CEMENT,1
Kejelasan penyaluran Bantuan Sosial Tunai (BST),1
GPP Terpusat,1
Gaji Terpusat : Referensi Anak Satker & Pengujian Gaji Menunggu Proses,1
Permohonan pembatalan SPM,1
Pembebanan biaya atas pemeriksaan tes swab covid-19,1
permohonan USERNAME_MASKED KPA,1
ADK Import GPP Tidak Muncul,1
Perubahan data,1
Rumus Perhitungan Nilai pada SMART DJA,1
Penolakan rekon thr di aplikasi gaji,1
Permohonan penyamaan data dan pemindahan histori gaji,1
Upload ADK SPM Gaji Induk PPNPN Gagal,1
Proses revisi dari penghematan,1
No. Gaji THR tidak muncul di opr SPM Sakti,1
Kendala saat Penghapusan ADK Gaji pada Aplikasi GPP KPPN Terpusat,1
Pengujian Gaji Induk PNS,1
Kode Satker tidak muncul pada GPP Terpusat,1
Pertanyaan terkait dokumen-dokumen BLT dana desa yang akan diupload di aplikasi OM SPAN DANA DESA,1
Addendum Kontrak / Nomor Can Annual Year,1
Permohonan hapus data gaji THR di aplikasi gaji terpusat,1
Sisa PNBP Tahun sebelumnya apakah dapat diakui sebagai penerimaan PNBP tahun berjalan?,1
susulan dan kekurangan THR,1
JENDOK SPM utk Dosen dan Programer Honorer,1
Delivery failure,1
Masalah Aplikasi djpb yang ke-5 kalinya,1
Tidak terbentuknya email sakti,1
Sumber angka koreksi aset non reval,1
Pembuatan SPMKP,1
Pertanyaan terkait PFK modul Penerimaan,1
Perubahan kontrak annual menjadi multiyears,1
Permintaan Penghapusan Monitoring Karwas TUP pada OM SPAN,1
Permintaan Nomor STAN Transaksi Bank Danamon,1
realisasi hal III DIPA,1
Bukti Kwitansi Narasumber Acara yg Diselenggarakan secada Daring,1
Permintaan pembatalan SP2d,1
Apakah PPK boleh lebih dari satu,1
IACCOUNT_MASKED ( KPPD - Storage SPAN Drive Self Exp5000 1818-D1A- SN:78K0P33- Rak C03 - Disk slot 6 amber - Setiawan),1
Pembayaran berhasil NTPN belum muncul,1
Retur SP2D Yang Tidak Muncul pada Daftar Retur KPPN,1
Perubahan Tanggal Cetak SPM,1
Pembayaran gaji dan tunjangan jabatan pada satker yang berbeda,1
Penggunaan Akun Covid,1
pemberian THR bagi personil polisi yang diberhentikan tidak dengan hormat (PTDH),1
Permohonan Konfirmasi Bahwa Sudah TNP,1
Update alamat supplier,1
Pengadaan menggunakan Surat Pesanan,1
reset password email kemenkeu,1
pendaftaran kontrak,1
"Migrasi Data Revisi DIPA SAKTI ""FAIL""",1
Kesalahan Eksekusi Billing oleh Pihak Bank,1
libur atau masuk,1
Penonaktifan/penghapusan Supplier Dana Desa,1
Permasalahan SAS rekam kontrak multyears,1
Perubahan Supplier,1
kekurangan gaji ditolak dengan alasan kekurangan jenis SK 06 tidak boleh ada selisih T Fungsional,1
Perubahan Input Kontrak DAK Fisik,1
Proses login tidak berhasi krn pengguna lain sdh login,1
Salam sehat,1
KONTRAKTUAL,1
Permintaan Unggah I Account bulan April 2020,1
RESET USERNAME_MASKED EMAIL KEMENKEU,1
USERNAME_MASKED tingkat satker,1
Penambahan Satekr pada APlikasi Gaji Terpusat,1
Terkait APlikasi E Jafung,1
Permintaan Softcopy Surat Direktur SITP No. S-4529/PB.8/2016 tentang Pemberitahuan USERNAME_MASKED Password Aplikasi e-Rekon-LK,1
"Selamat pagi admin, mau bertanya bagaimana cara kalau melakukan transaksi doble (pembayaran doble pajak PPN)? Mohon petunjuk karena kami melakukan pembayaran doble untuk PPN Jasa service kendaraan.",1
Renkas bulan April 2020,1
Permintaan password admin pc nonspan,1
URAIAN SPM UNTUK PEMBAYARAN BELANJA MODAL,1
Koneksi Domain dan PC Terputus,1
Honor tim panitia kegiatan webinar,1
Cara Rekam Data Kontrak Payung,1
migrasi komputer untuk SPAN menjadi Non SPAN,1
Pemotongan Sewa Rumah Dinas,1
perubahan gpp pada spp yg sudah di buat,1
Permohonan Penyamaan Data Satker Lama yang akan dilikuidasi,1
Permintaan Penghapusan PMRT KPPN Tahuna (083) per 27 Mei 2020,1
remote desktop tidak bisa dilakukan,1
SP2D 1 Jam,1
Pendaftaran USERNAME_MASKED bermasalah,1
Penggunaan akun belanja,1
SPMKP Tidak Dapat Terbit SP2D,1
Batal Persetujuan Transaksi Persediaan,1
20200529-I9AG0Q,1
transaksi hilang,1
Permintaan Penghapusan PMRT KPPN Pontianak 042 Periode 20 Mei 2020,1
Pembayaran swakelola tipe 2,1
pendetilan persediaan,1
gagal update sakti,1
Permohonan UnJoin Domain Hostname PC SPAN,1
Terkait Input Foto,1
Permohonan Penghapusan Data Gaji Bulan Juni 2020 a.n. 3 orang pegawai Satker Direktorat Pembinaan Guru Pendidikan Dasar (361152),1
SPBY tidak muncul (SAS),1
Pembayaran Uang Lembur,1
Dit. SITP> Status Pada OMSPAN DAK Fisik,1
Aplikasi Saiba,1
SALAH PENCATATAN PENERIMAAN PAJAK,1
Perubahan PIC TIK KPPN Tual,1
Perubahan Status Data Cuti Pegawai di e-DJPb,1
Penolakan SPMIB,1
Tidak dapat cetak Buku Pembantu Pajak,1
Penggantian USERNAME_MASKED Aplikasi Sakti Satker KPPN Kotamobagu (635197),1
Saldo kas nihil pada LPJ Benma,1
Gagal konversi ADK MPHL BJS,1
Cara mengubah tanggal di SPBY,1
Perubahaan Uraian SPBy dan Kuitansi Pada SAKTI,1
Permintaan pembatalan reklasifikasi masuk dan reklasifikasi keluar pada aplikasi SAKTI KPPBC Tipe Madya Pabean C Malili,1
Potongan terhadap UP satker,1
LPJ eror saat akan di setujui,1
Password digit,1
Penentuan Kode KPP pada akun pajak potongan SPM,1
Mohon informasi nya UMI,1
Progress tiket 20200513-C2YZXX,1
PERUBAHAN PPSPM PADA USERNAME_MASKED,1
Pesan Error server web BPN HT elektronik belum menerima Notifikasi pembayaran,1
ADK Sakti Salah,1
DIPA Revisi 2 Tidak Muncul di SAKTI Web,1
Gagal entri perubahan USERNAME_MASKED,1
Permohonan USERNAME_MASKED Level Unit,1
data dipa revisi terakhir kami belom masuk di aplikasi sakti.,1
Gagal Proses Buka Aplikasi SAKTI,1
Permasalahan terkait SILABI,1
Cara melakukan sharing Printer,1
Biaya transport pegawai yang melaksanakan Work in Office,1
Renkas Harian hilang dari sistem SAKTI_KPP Madya Pekanbaru_Kode Satker 440904,1
Permintaan Penghapusan PMRT KPPN Dumai per 04 Juni 2020,1
Informasi dana masuk dari pihak ketiga,1
Transport WFO,1
Permohonan Informasi Masa New Normal,1
pemutakhiran data POK,1
Nilai summary gaji bersih tidak sama dengan nilai lamp di komitmen,1
Saldo pengesahan hibah yang tidak sesuai,1
SAKTI ERROR,1
Perubahan Header suplier terkait perubahan NPWP,1
Running SPAN menunggu sangat lama,1
Email telah kami terima. Re: Penting : Tiket 20200603-O3UU2F akan ditutup,1
Pesan Otomatis RE: Pesan Otomatis Re: Penting : Tiket 20200531-I305TU akan ditutup,1
Data Kontrak DAK Reguler Bid. Sosial,1
"aplikasi ejafung, sejak kemaren saya buka selalu error",1
Cara membuat data uang muka di silabi,1
cetak buku pembantu,1
Pelaporan Penutupan Rekening tidak muncul di USERNAME_MASKED Satker (SPRINT),1
Rekam data pegawai menggunakan NRP,1
Update GPP penyesuaian tarif BPJS terbaru,1
tup tunai terkait s-1051/wpb.12/kp.02/2020,1
RDK dan sosialisasi pada masa new normal,1
Pembayaran THR 2020 ke Bank Mandiri Taspen,1
ADK LPJ Bendahara Penerimaan KPKNL Makassar saldo akhir tidak sama,1
Permasalahan Pencairan,1
bagaimana cara mendaftar di Aplikasi SIKP,1
Pengesahan SKPP,1
GL Date Kosong saat proses koreksi penerimaan negara,1
Tidak bisa registrasi karena USERNAME_MASKED terdaftar,1
Permintaan Void SP2D Backdate Tanggal 8 Juni 2020,1
Foto TAYL belum muncul,1
Validasi Gagal oleh KPPN SPM Koreksi 8,1
Perbaikan Database SAS,1
Terdapat uang yang belum masuk ke rekening satuan kerja namun telah terbit SP2D pada hari sebelumnya,1
Perubahan Kode Satker,1
Permohonan penunjukan Peraturan DJPB,1
Permasalahan LPJ Bendahara ( Satker Cabjari Bangkir - 007978 ),1
Paygroup tidak ditemukan,1
Error Summary 2020,1
Lupa Password aplikasi sprint,1
Permintaan Assign data bendahara pada supplier lama ke header supplier yang baru karena perubahan NPWP Satker,1
Permintaan Update Data pada Aplikasi Gaji KPPN untuk Data e-Jafung,1
Perubahan Rekening Dana Desa yang Telah Salur Tahap I,1
Kode kips tdk muncul di espm,1
Permasalahan pada aplikasi e-SPM,1
"Revisi Anggaran / elamat Malam , mohon ijin bertanya terkait revisi anggaran , apakah bisa melakukan revisi anggaran dari operasional ke non operasional ? apabila bisa kewenangannya bagaimana . terimakasih dan salam pancasila . KODE SATKER 027210",1
SP2D Terbit atas SPM yang ditolak.,1
Perbaikan verifikasi data pada Aplikasi e-Jafung,1
Permasalahan MarketPlace,1
Persetujuan akun APRLAP untuk persediaan error,1
Revisi Tidak Normal,1
Kekurangan potongan BPJS PPNPN,1
Error Proses SPM Hibah Barang,1
Tunjangan Fungsional Widyaprada,1
Biaya Konsumsi untuk ASN selama masa Pandemi COVID-19,1
akun 81177 pad LAK KPPN Amlapura,1
Fasilitasi Pandemi Covid 19 kepada Non PNS,1
Error back up pada modul Silabi,1
Permohonan Penghapusan Invoice yang Tidak Diproses di SPAN,1
Apakah mengubah jadwal pembayaran pada kontrak memerlukan adendum?,1
Penolakan Supplier karena Data Sudah Berlangsung,1
Proyeksi Penyaluran,1
Penolakan SPM SBSN,1
Supplier TIPE 2,1
Gagal Upload SK pada GPP Terpusat (Error Hubungi Admin),1
Upload Gbr. Eror SAS,1
Tranport bagi non ASN di masa Covid dan penggaran Covid 19,1
Validasi Gagal SPM Koreksi,1
Pencairan Dana BOP KUA Kecamatan untuk Satker Bimas Islam,1
KKP untuk pembayaran Zoom dibebankan anggaran sumber dana hibah,1
oya...,1
supplier tipe npwp baru,1
Koreksi SPM Untuk Memperbaiki kesalahan Sumber Dana,1
"""aplikasi e-jafung.kemenkeu.go.id untuk calon peserta inpassing"" sering error",1
dokumen revisi dipa,1
Permohonan kill USERNAME_MASKED satker 119368,1
Daftar Kontrak DAK FIsik Terpotong,1
Retur Belum Muncul,1
Perlakuan Potongan PPh Final yang ditanggung pemerintah,1
Biaya selama darurat COVID 19,1
Perhitungan Permintaan Kekurangan Tukin Juni 2020 akibat kelebihan potongan absen,1
Mekanisme pembayaran biaya lisensi aplikasi video conference,1
Informasi Monitoring Pengajuan Pemutakhiran Data POK,1
magang mahasiswa,1
Input,1
Permintaan password operator BMN pada e rekon,1
Biaya Transfer Bendahara karena Rekening Pihak Ketiga Beda Bank,1
Tidak bisa cetak petikan dipa.,1
KEKURANGAN GAJI ULP TERTOLAK,1
download header data,1
BAST,1
Pertanyaan terkait kesalahan penginputan transaksi spm non kontraktual pada modul komitmen,1
Menu upload foto tidak ada,1
USERNAME_MASKED PASSWORD LOGIN SAKTI DAN EMAIL SAKTI ATHUB TOKYO,1
Penolakan SP3B BLU Universitas Jambi (677565),1
"Tidak Bisa Catat SP2D, Namun SP2D Sudah Cair (Sangat Segera)",1
Penyampaian SPM dengan renkas otomatis ke KPPN,1
Persetujuan Penyamaan data satker baru kode 690434 Dit. Pengembangan dan Pemanfaatan Kebudayaan,1
Mohon reset password mpn g2 kppn medan 1 (004),1
Impor Supplier PPNPN (Tipe 6),1
OMSPAN OPD,1
Penamaan Bank pada SPM,1
Pertanyaan terkait pengiriman surat menyurat,1
Permintaan Perubahan Pendidikan pada Aplikasi GPP KPPN,1
Pendaftaran USERNAME_MASKED SAKTI - Level Satker (352410),1
mohon bukakan data sp2d farmasi 2019,1
Permohonan USERNAME_MASKED aset dan persediaan,1
"permintaan update pendidikan data GPP untuk data ejafung dengan lampiran screenshot data GPP KPPN, screenshot data GPP satker, ijazah terakhir",1
Permohonan Penghapusan Transaksi Anak Satker Bappenas,1
Perubahan USERNAME_MASKED menggunakan SSO Pusintek belum berhasil,1
Pemusnahan Arsip Keuangan,1
forani,1
IKPA KEMENTERIAN,1
Akun untuk pembayaran honor panitia kegiatan selama masa.darurat covid,1
Upload Webadi Pengesahan Hibah,1
Terlambat mengisi daftar hadir masuk kerja karena lupa,1
Perjadalanan Dinas dalam masa Pandemi Covid 19,1
Konfirmasi Satker Non Mitra Kerja pada OMSPAN,1
Pendaftaran PINPPSPM di KPPN,1
menu upload foto tidak muncul,1
PER-24/PB/2019,1
Klasifikasi Anggaran,1
Jabatan Fungsional Pranata Keuangan APBN,1
Pengertian Rumah Mandiri,1
Tidak Bisa Membuat SPP DAK Fisik Pada Aplikasi Sakti,1
Tanya Koreksi aset,1
Perbedaan RPD di OMSPAN dan saat Pengajuan Revisi halaman III DIPA,1
OMSPAN 2020,1
Ubah data kontrak sudah salu tahap 1,1
Akun 53/Belanja Modal tidak tersedia,1
Pendetailan 16 Segmen CoA pada aplikasi SAKTI,1
Kesalahan Transaksi Masuk (Pembelian) Persediaan Pada Sakti KPPN Palangka Raya,1
aktivasi windows dan office komputer dropping,1
USERNAME_MASKED Kewenangan APIP,1
Permintaan Pembukaan Trigger Melalui Kanwil DJPB Sumatera Utara,1
Daftar DPT pada SPM GUP KKP tidak muncul,1
ADK SPMKP tertolak,1
Permohonan pembuatan USERNAME_MASKED password aplikasi OMSPAN,1
AKun Covid 19,1
Kontrak Multi year (tahun jamak),1
"Selamat pagi hai.djpb. Perkenalkan saya Al, seorang asn salah satu daerah tk. II di Prov. Aceh. Saat ini Saya bekerja di Badan Pengelolaan Keuangan Daerah, dan saat ini saya berumur 40 thn. Yang ingin saya tanyakan adalah apakah bisa saya mengajukan permo",1
jurnal di aplikasi SAKTI terkait jurnal akrual uang makan 2019,1
Perubahan Nama Suplier,1
Indikator Sasaran Utama,1
SAKTI : Modul Pembayaran (Daftar SP2D hilang),1
Penolakan SPM TUP,1
Permohonan Pembatalan Persetujuan pada akun Approver Aset Tetap,1
ADK Sakti dan E-rekon Beda,1
Pendaftaran admin KPPN pada aplikasi Simaspaten,1
"%PCO = %realisasi anggaran, data pasti salah",1
Tidak bisa install SIMAK,1
Nilai Pagu dan Realisasi pada Capaian Output (Aplikasi SAS) menjadi double/dua kali lipat dari pagu yang sebenarnya.,1
Permintaan Kembali UP yang telah dinihilkan,1
Tidak bisa input modul persediaan terkait sudah tutup buku,1
PERMINTAAN PENGHAPUSAN PMRT KPPN (TEGAL) PER 24-06-2020,1
Pengesahan Hibah 2020,1
Permasalaan Capaian Ouput,1
Rekapitulasi SPM di Aplikasi E-SPM tidak sinkron,1
"Selisih Belanja Pegawai Uang Makan pada E-Rekon,",1
Honor Panitia Kegiatan Vidcon,1
gagal unduh excel,1
TAYANG PAGU,1
"PENGELUARAN DANA sejumlah : Rp.371,780,000 INI,DAPAT DIAMBIL DARI ANGGARAN RAPAT/ANGGARAN PENYULUHAN/ANGGARAN SIDANG/ANGGARAN PEMBAHASAN/ANGGARAN PERJALANAN/ANGGARAN RUMAH TANGGA/ANGGARAN BELANJA BARANG & JASA",1
Terkait transparansi,1
Biaya Perjalanan Dinas Luar Kota Menggunakan kendaraan pribadi,1
Mohon jawaban tiket 20200623-H29KOI,1
Penyelesaian Saldo Tidak Normal pada E-rekon,1
Sinkoronisasi Data Kepegawaian,1
Aplikasi SIMAK 20,1
Tidak dapat Ubah Kode Barang pada BAST (Modul Komitmen),1
TTD Segmen COA pada hasil rekon DIPA satker 416638,1
Gagal upload dokumen pendukung SPMKP (SAKTI),1
Data belum terpush ke e-rekon,1
DATA ESTIMASI YANG TERCATAT GANDA DI DATA SIAP (BUN),1
Reset Password Digit NIP NIP_MASKED an Nur Haryanto,1
Monitoring Data Kehadiran Pegawai pada Aplikasi eDJPb,1
push excell rekon,1
PPR Menggantung,1
Printer SP3 dan SP2D KPPN KPH Mengalami Kendala,1
Pergantian USERNAME_MASKED Kanwil DJPb,1
error remote desktop connection,1
Muncul banyak satker dengan kode yang sama pada erekon,1
USERNAME_MASKED anggaran,1
Gagal Tarik Data SKPKPP,1
Data SPMKP Tidak muncul saat klik tombol cari di menu catat/ubah SPP,1
Penempatan uang negara pada bank umum,1
izin infromasi cara penarikan rekap data realisasi per satker per program,1
Informasi NTPN,1
beda neraca SAIBA vs e-rekon,1
Perjalanan Dinas Dimasa Covid 19,1
perbaikan daftar kontrak,1
Penghapusan PMRT 30 Juni 2020,1
Kekurangan UK PPNPN bulan Juli 2020,1
Pengubahan owner terkait usulan revisi DIPA pada aplikasi sakti,1
Permasalahan Pembuatan DPP ppnpn pada SAS,1
Pengiriman Permintaan Pembatalan SPHL KPU Kab. Sidoarjo,1
Aplikasi Sakti Mac OS,1
TATA CARA PENGISIAN RKAKL 2021 melaui SAS,1
Transaksi Reklas,1
Vitamin,1
YTh Dr- DERRY PANTJADARMA,1
Memo MPHLBJS tidak muncul,1
status rekening TNP,1
"permasalahan aplikasi GPP, pembuatan kekurangan gaji setelah update GPP terakhir jadi minus di potongan Taperum",1
aktifasi USERNAME_MASKED,1
Permohonan Pembukaan Periode,1
"Upload ke CW SPAN ""Dana_code not exists""",1
Supplement sesuai S308/PB/2020,1
Apakah erekon sedang eror ? Mohon solusi,1
Registrasi SIMASPATEN,1
Perbedaan nilai peralatan dan mesin (kendaraan bermotor) pada SAKTI,1
Capaian Output Mei USERNAME_MASKED,1
Pengajuan DD Tahap-III,1
Data SPP hilang saat mencetak SPP 00171T,1
Migrasi Pencatatan Kas di SAKTI,1
API untuk input data Penyusunan RKA pada Aplikasi Sakti,1
Kode SATKER pada potongan pajak tidak sesuai,1
Kesalahan Kode Barang,1
Perbedaan Saldo Awal dan Saldo Akhir dokumen SP2B dan SP3B BLU dikarenakan adanya salah satu SP3B BLU yang gagal terbit SP2B.,1
Kekurangan Gaji KP-Gaji Lama melalui SUSULAN GAJI,1
Cara Merubah Kode BMN SPP GUP yang sudah jadi SP2D,1
Permasalahan Tidak Bisa Edist Data KontrakDAK Fisik Yang Sudah Salur Tahap I (Pemda Kab. Magelang),1
Pendapatan yang tidak diakui oleh satker,1
Penghapusan Rekening Bendahara Penerimaan di SPRINT,1
Error SAS Satuan Kerja Pada RUH Transaksi SILABI,1
Pulsa untuk non pemerintahan / Masyarakat,1
Akun Covid,1
Usulan USERNAME_MASKED,1
Mengenai e jafung,1
Aset berupa persediaan Belum diregister pada Erekon bernilai minus,1
permasalahan e-rekon,1
BPP,1
Jurnal balik pada SAIBA,1
Gagal Upload ADK Koreksi PNBP Satker 019009 & Koreksi Pengembalian Belanja Satker 003024 Terinterface dgn Status Pending-Normal.,1
Data Capaian Output Satker SAKTI DIPA DAK Fisik Dana Desa berstatus Belum Ada Data pda Aplikasi e-Rekon&LK,1
Permohonan Batal Approv Transaksi KDP Bulan Juni 2020,1
Pengisian Bukti Dokumen pada Capaian Output,1
Pembatalan Approval Aset,1
Transaksi CMS,1
Permohonan Unduh ADK LPJ Bulan Juni 2020 KPP Pratama Serpong 560944,1
Kendala pada Aplikasi SPAN Seksi Bank,1
Jumlah Ekuitas pada LPE dengan Ekuitas pada Neraca per 30 Juni 2020 Tidak Sama,1
Permohonan pembukaan referensi tahun 2018 aplikasi sakti,1
Cara mengecek proses Ralat Akun pada Omspan,1
Data Absensi Manual Edjpb Tidak Semua Dapat Masuk Ke Aplikasi SILAP,1
Permohonan Bantuan Solusi Selisih Pembukuan UP,1
Peraturan pengelolaan barang persediaan,1
SAKTI: Buka tutup periode 6-2020 modul aset tetap,1
ADK LPJ Tidak dapat di Download,1
konfirmasi output,1
Permohonan Hapus Log In Admin,1
Tagihan Listrik Pembayaran melalui Multi Payment Bank,1
cara membuat jurnal penyesuaian,1
Capaian Output DAK Fisik dan Dana Desa,1
Tidak bisa unduh ADK LPJ bulan Juni 2020 pada Aplikasi Monsakti,1
Aplikasi SAKTI: Saldo ekuitas akhir pada LPE tidak sama dengan saldo ekuitas pada Neraca,1
Tunjangan Struktural,1
push data,1
Kill Admin,1
Selisih data SAI pada OMSPAN,1
Mohon buka kembali aset Juni 528455,1
tidak bisa akses youtube,1
Refresment dan Uji Kompetensi PPK /PPSPM,1
Pengiriman data SIMAK ke SAIBA,1
Dana belum masuk rekening,1
Buka buku modul aset,1
Konfirmasi Capaian Output pada E-Rekon LK,1
memo mphlbjs,1
erekonlk,1
permasalahan update sas,1
Capaian Output pada aplikasi SAS,1
Kesalahan penginputan kode jabatan di aplikasi GPP,1
permohonan pembukaan modul aset pada aplikasi sakti,1
Permasalahan SAKTI,1
Permohonan Perubahan USERNAME_MASKED KPP Pratama Kayu Agung,1
mohon bantuan atas kesalahan double input pendetilan atas kuitansi yang sama,1
Permohonan Pembatalan Pendetailan,1
Permohonan Buka Trigger DAK Fisik,1
Penambahan Operator SAKTI,1
aplikasi pin ppspm teruninstall,1
Gagal Kirim Data SIMAK ke SAIBA (Rekonsiliasi),1
Notifikasi email USERNAME_MASKED SIMASPATEN belum di terima,1
Permohonan Penghapusan Jurnal Pada Buku Besar_411183,1
Update Aplikasi GPP,1
Kendala pada aplikasi Sprint,1
Permintaan buka modul GLP KP2KP Makale periode Februari 2020,1
Penyesuaian Data SIKP PMK No.85 Tahun 2020 tentang Subsidi Bunga/Subsidi Margin,1
Bukti tanda transfer,1
Permohonan ubah role USERNAME_MASKED,1
Permintaan Penutupan GL Periode bulan 6 2020,1
Kewajiban revolving UP dalam satu bulan,1
Bantuan untuk tutup buku bulan Juni,1
Terkait SAKTI Input transaksi persediaan di USERNAME_MASKED tidak sama dengan tampilan di USERNAME_MASKED,1
Pengembalian Sisa Uang Harian Konsinyering,1
PERMINTAAN INPUT UPDATE REVISI DIPA 01 SKPD NTT KE SAKTI WEB,1
Batal Setuju transaksi stock opname,1
penyusunan rkakl,1
Transaksi tidak normal pada modul aset tetap,1
Penyelesaian SP2D 1 Jam,1
perubahan kode KPPN,1
Aplikasi SAKTI terdapat selisih TKTM terkait Dropin Kartu NPWP dari Kantor Pusat,1
Pengenaan Pajak atas Penggunaan KKP,1
Selisih Nilai Persediaan Setelah Tutup Buku,1
Penyesuaian Persediaan Tidak Normal,1
penyampaian surat Konfirmasi atas penyelesaian THR Ganda 2020 pada satker mitra kerja KPPN Bandung II,1
Pembukaan kembali Rekon Juni 2020,1
daftar rencana kegiatan,1
Bagaimana cara mereset password USERNAME_MASKED sakti yang kelupaan,1
Mohon bantuan untuk tutup buku modul piutang karena tidak wajar,1
Jabfung Pranta Keuangan APBN,1
Pembayaran Gaji untuk Pegawai yang Diberhentikan secara tidak hormat,1
Upload rekonsiliasi periode Juni,1
Pendaftaran USERNAME_MASKED Web Penganggaran Satker Belum Ada DIPA,1
Satker 668994 (KPPBC Jagoi Babang) salah melakukan periode posting atas hapus setoran PNBP pada bulan juli karena saat hapus setoran periode buku Juni 2020 belum dibuka,1
mekanisme perubahan kontrak dari satker lama ke satker yg baru,1
Muncul Saldo Kas Bendahara Pengeluaran di Neraca Lajur Detail Segmen Satker Pasca Reval periode Juni 2020 pada satker inaktif 451522 (ATASE PERINDUSTRIAN DI TOKYO (JEPANG)),1
Cara mengajukan subsidi bunga di jendelaumkm.id,1
Akun Sas tidak ada,1
Pengajuan USERNAME_MASKED Sakti,1
Penjelasan Terkait ND Dirjen perbendaharaan No. ND-533,1
Pembebeasan LAhan,1
PERMOHONAN PERUBAHAN NOMINAL CAPAIAN OUTPUT BULAN JUNI 2020,1
Validasi Pengembalian Belanja Melebihi Realisasi Belanja pada e-Rekon,1
cara res,1
Konsultasi penolakan adk kekurangan gaji,1
Push Ulang data,1
Neraca Akrual Semester I Thn 2020 Kanwil Jakarta Tidak Balance,1
Pendaftaran USERNAME_MASKED belum memiliki DIPA,1
revisi Hal III DIPA,1
Tidak bisa membuat SPM Koreksi (SPM GUP karena akun tidak aktif),1
Juknis Perubahan NPWP Satker pada supplier tipe 6 (PPNPN) - Kanwil DJPb Provinsi Jawa Barat,1
Permohonan petunjuk teknis PMK 70 2020,1
KIB tidak muncul pada saat pencetakan Kartu Identitas Barang pada Aplikasi SAKTI,1
Gagal Mencetak Lembur PPNPN pada Aplikasi SAS,1
Terms of Reference for External Assessment of BPDLH,1
PEMBAYARAN ATAS KEURANGAN TUNJANGAN FUNGSIONAL TMT 1/3/2014,1
Perbedaan Pengembalian Belanja di Erekon LK antara SIAP dan SAI,1
"Pendaftaran USERNAME_MASKED untuk satker 351738, 351739, 351740, 351741, 351742, 351743",1
Error saat mengambil data belanja,1
NTPN Belum Masuk E-Faktur,1
perubahan referensi Unit,1
Format surat usulan Calon Peserta Penilaian Kompetensi PPK dan PPSPM,1
Cara menghapus ADK SPM tolakan KPPN yang menggantung,1
solusi atas PIN SALAH 1 dari 8 satker kanwil kemenkumham (1 PPSPM 1 laptop inject),1
Reset USERNAME_MASKED Portal Sakti,1
Detil Informasi Nomor Surat pada Pengajuan Perubahan Suupllier Melalui Mekanisme BCSU pada OMSPAN,1
Pembayaran,1
Sakti Web,1
pendaftaran USERNAME_MASKED tingkat unit,1
Terdapat perbedaan antara Kode UAKPB dan BAES1 pada lampiran Referensi minta tolong diperbaiki. Kantah Kayong Utara,1
Salah memasukkan id pengguna atau kata sandi,1
USERNAME_MASKED monsakti bagi pegawai dja,1
Bagai mana cara mendapatkan USERNAME_MASKED Pasword OM SPAN untuk masyarakat ?,1
Lupa USERNAME_MASKED password Simponi,1
Akun Belanja Barang Operasional untuk Covid,1
Permohonan persetujuan pembayaran IPP jatuh tempo,1
merubah pendidikan DIII ke S1 untuk kepentingan input Jabfung,1
BIOS G2 Masih Tercantum kode satker lama,1
Penggunaan Akun terkait Lisensi,1
Penerbitan SPM PP atas Setoran PNBP beda Satker,1
Pendaftaran USERNAME_MASKED level unit dan satker,1
Selisih Rekon Internal dengan Sub-Ledger Persediaan,1
"Izin bertanya, kenapa adk hasil konversi tidak muncul di ftp 134 ? Padahal tidak ada setting yang diubah",1
Permintaan perubahan pendidikan dan title di nama pegawai pada aplikasi gaji terpusat,1
Web e-Rekon&LK Penanda Tangan BAR Kosong/BAR tidak dapat dibuka,1
permintaan enabling hostname,1
WhatsApp Pusat Layanan DJA Ketentuan Peraturan Perjalanan Dinas serta PMK 72/PMK.02/2020 perihal PMK SBM,1
tiket hai,1
Tidak bisa Menghapus USERNAME_MASKED sakti,1
Uang lembur,1
Penyesuain pendidikan pada e jafung,1
Lupa Password Aplikasi Sakura KPPN Kolaka,1
Kirim ADK RKAKL Sakti,1
Permohonan Application Programming Interface (API),1
SAS Tidak Sesuai dengan Omspan,1
File upload di DIGIT tentang pendaftaran PPK dalam SIMASPATEN,1
Data SAKTI tidak diterima e-Rekon LK,1
Apilikasi digit/sprint satker,1
permintaan reset password akun digit,1
add kontrak lebih kecil dari realisasi,1
Request password admin lokal Komputer,1
PENDAFATARAN JOIN DOMAIN,1
Koreksi SPM 667730,1
Permohonan penghapusan ADK PMRT di OMSPAN per 29 Juli 2020 untuk KPPN Tahuna (083),1
Relaksasi IKPA,1
Register USERNAME_MASKED eselon 1,1
Pembahayaran Penghasilan PPNPN,1
Permohonan Buka Buku Bulan 07 pada Satker KPPBC TMP C Pantoloan,1
Hasil Cetak MPHLBJS kosong,1
Juknis Realisasi Capaian Output SAKTI,1
pengaktifan USERNAME_MASKED,1
PC SPAN tidak dapat connect dengan jaringan SPAN,1
konfirmasi,1
Penjelasan pantek ppspm,1
Upload data SIKP,1
Status Upload e-Spm tidak aktif,1
Perekaman kuitansi pada Silabi tidak bisa karena validasi dana kurang,1
Tampilan Aplikasi Sprint terbaru,1
Pajak atas pembelian pulsa untuk paket data kegiatan daring,1
Perubahan Operator SPMKP,1
Tidak Bisa Upload LPJ,1
Tidak bisa melakukan import/ADK supplier dari OM_SPAN ke SAKTI,1
Pendaftaran USERNAME_MASKED tingkat K/L Kementerian Kesehatan,1
Permohonan Persetujuan Void SP2D,1
Segmen Bank pada Neraca Lajur - Detail Segmen Tambahan,1
Tidak dapat login PC,1
Reset password sprint,1
CC DJA - Juknis Subsidi Bunga,1
Pengajuan Penghapusan Fasilitas KUR Lama A.N Sulastri,1
Ketentuan Pembayaran Remunerasi Ketigabelas bagi Satker BLU,1
Aplikasi SAKTI gagal cetak SPM,1
kendala input data kas bank,1
Tata Cara Pendaftaran USERNAME_MASKED level KL,1
Konfirmasi Terkait Informasi USERNAME_MASKED,1
Monitoring Renkas Beda Nominal Tagihan Tahun Lalu Masih Muncul di monSAKTI,1
Aktivasi admin satker Simaspaten tidak berhasil.,1
uraian spm,1
Surat Banding,1
SP2D reksus SBSN BRI Syariah,1
SPRINT V2,1
Permasalahan call DIPA,1
Pendaftaran Akun SAKTI,1
Honor Panitia,1
Belanja Pegawai bln Juli 2020,1
Permasalahan kontrak multiyears pada KPPN Banjarmasin (045),1
ADK LPJ Juni tidak terbaca oleh KPPN,1
Gaji susulan tidak bisa diproses karena masih aktif di satker lain,1
Perekaman PINPPSPM di KPPN,1
Permasalahan SPM dengan sumber dana PLN di KPPN Banjarmasin,1
penginputan BAST,1
Uang Harian Perjalanan Narasumber/ Instruktur Pelatihan,1
Eror Saat Kirim ADK ke SAS di Aplikasi Saktiweb,1
PAYGROUP UNTUK SPM SBSN KOSONG,1
Gagal kirim ADK ke SPAN,1
Data Di Aplikasi SAKTI tidak bisa tersimpan,1
cetakan LPJ tidak sesuai,1
Update SAKTI per Kamis Tanggal 06 Agustus 2020,1
Permintaan Konfirmasi Penerimaan Negara,1
Alokasi konsumsi rapat terkait COVID,1
Kendala install aplikasi SAS di Macbook,1
Hasil Cetakan Surat Permohonan Pembukaan Rekening pada Aplikasi SPRINT,1
Status SPMKP,1
Paygroup untuk SPM SBSN,1
Permasalahan USERNAME_MASKED tidak bisa digunakan di salah satu PC,1
Perbedaan Data,1
Penjelasan SIKP,1
Permohonan Pembuatan USERNAME_MASKED Level K/L Kemlu,1
Gagal upload ADK GPP Uang Lembur pada aplikasi SAKTI - Kanwil DJPb Provinsi Jawa Barat,1
saldo migrasi rek giro tidak tercatat di rek Virtual,1
Akun untuk Rapid Test,1
Biaya Taksi Bandara,1
Menu view ADK LPJ yang telah diapprove pada SPRINT,1
Reset Password Portal SAKTI,1
Tanggapan,1
SPM Gaji 13,1
Tidak Bisa Hapus PPSPM lama,1
Gaji 13 Pegawai LPP RRI Non PNS,1
mohon aktifkan USERNAME_MASKED untuk satker 070028,1
Permohonan Perubahan USERNAME_MASKED satker KPP Pratama Banda Aceh (119642),1
Nomenklatur di span berubah menjadi nomenklatur lama.,1
adk gaji tidak bisa diupload,1
Release OMSPAN Dana Desa sesuai dengan PMK 110/PMK.07/2020,1
GAJI 13: GPP TERPUSAT: PENGUJIAN GAJI: Permohonan Penghapusan Nomor Gaji Menggantung,1
Apakah operator SAKTI modul persediaan dan modul aset tetap dapat dipisah ?,1
kontrak,1
Selisih pada LPJ,1
SPM Gaji 13 tertolak,1
Pembebanan Akun Belanja,1
Pembayaran Gaji 13 pada PNS DIpekerjakan pada BRG,1
Pemberian hak keuangan untuk peserta diklat,1
Permohonan penyamaan data gpp terpusat untuk satker baru,1
Tidak dapat menerima SMS Pendaftaran PIN Sakti (non-Web),1
Pembayaran Tunjangan Jabatan Fungsional,1
Aset tetap belum di register,1
Kendala ADK Tidak Asli Saat Upload USERNAME_MASKED di SPAN,1
Permohonan Aktivasi USERNAME_MASKED SIMASPATEN Satker KPP Pratama Jakarta Grogol Petamburan Kode Satker 635684,1
Pengajuan Gaji 13 Satker 420016 ditolak,1
Penghapusan PMRT KPPN Rangkasbitung per 11 agustus 2020,1
belum bisa masuk SPAN untuk USERNAME_MASKED,1
Potongan taperum minus,1
Penegasan Pembiayaan Penanganan COVID-19 untuk Kegiatan SWAB Test,1
reset sandi untuk sakti satker 099230 dan 099258,1
Usul Format Penilaian IKPA dan Jenis Penilaian Lainnya di OM SPAN,1
Pembayaran gaji ketiga belas bagi pegawai yang pada bulan Juli statusnya pegawai dipekerjakan,1
Penggantian role USERNAME_MASKED,1
ADK Gaji GPP gagal,1
Pendataran SIMPONI,1
ADK Gaji yang Berhasil Upload Menggantung,1
Penginputan data debitur dalam SIKP,1
Penambahan modul USERNAME_MASKED,1
koreksi SPM,1
Menghapus Transaksi di Laporan FA SAKTI,1
Penyampaian Perubahan USERNAME_MASKED SAKTI pada KPKNL Kupang,1
Reset Password USERNAME_MASKED Web Satker,1
Terkait surat permohonan pembayaran tagihan subsidi bunga,1
Persetujuan penggunaan sisa maksimum pencairan (MP) dana PNBP bidang pendidikan Tahun Anggaran Sebelumnya,1
Import Supplier SAKTI,1
Azza Sustia Re: Action Required: Your ticket has not yet been submitted,1
Permohonan Input Kurs ISD Tanggal 13-08-2020,1
Permohonan penambahan USERNAME_MASKED KPP Pratama Tabanan,1
SPBy yang sudah divalidasi tidak tersimpan,1
Undangan Pembahasan Transformasi Tugas dan Fungsi Tim EITI,1
Permohonan USERNAME_MASKED satker baru,1
Dirjen dari Non PNS,1
POTONGAN PAJAK,1
Koreksi Saldo Akhir SP2HL,1
Pesan Error eDJPb (Tidak bisa Lapor Kondisi Kesehatan & Clock out),1
BLT dana desa,1
Permohonan Broadcast: Update OMSPAN DAK Fisik 16 Agustus 2020,1
Azza Sustia RE: Azza Sustia Re: Penting : Tiket 20200812-X6O9DU akan ditutup,1
Ralat SP2HL,1
Masa berlaku USERNAME_MASKED password VPN Kemenkeu,1
Uang saku dan konsumsi diklat online,1
Register Hibah Belum update di SAKTI,1
Permohonan Pergantian USERNAME_MASKED SAKTI Satker 403650,1
IACCOUNT_MASKED RE: Tindak Lanjut Hasil Checklist - amber - SN:06CVZGE - Hendra Mardianto,1
Akun honor narsum,1
Perubahan Password OMSPAN Satker MTsN 1 Tulang Bawang,1
Perekaman No. Rekening pada SPRINT,1
Upload SE-61/PB/2020 tentang Batas Maksimum MP PNBP DR dan PSDH Kementerian LHK Tahap III 2020,1
Aplikasi SIKP,1
Koreksi SPM TUP Salah Sumber Dana,1
Data SKPKPP Belum berubah pada SAKTI,1
Modul Aset,1
perhitungan subsidi bunga,1
Kode Registrasi PLN tidak terdapat di SAKTI tapi sudah ada di SATUDJA,1
Azza Sustia RE: Azza Sustia Re: Penting : Tiket 20200815-R9OII0 akan ditutup,1
Gagal upload pph 21 di effiling,1
Akun untuk honor penguji ujian dinas,1
Output dobel pada form realisasi kinerja,1
Operator Investasi Pemerintah,1
Tunjangan kinerja,1
Permohonan reset USERNAME_MASKED password web sakti,1
Salah Mata Anggaran,1
Penggantian sementara bendahara pengeluaran,1
Permintaan Softcopi Surat Dirjen Perbendaharaan S-682/PB/2020 tanggal 14 Agustus 2020,1
batasan jumlah personil tim pelaksana kegiatan,1
Masuk ke akun apa,1
Aplikasi e-Rekon&LK Bermasalah,1
Batch penyaluran DAK Fisik,1
Permohonan Permintaan Data,1
Konfirmasi Kendala Konfersi Penilaian Kopetensi PPK dan PPSPM,1
"SPM-KP muncul notifikasi ""Nilai kompensasi tidak sesuai dengan detail kompensasi""",1
tidak bisa upload MPHLS BJS Ke web Adi,1
Permohonan Perubahan USERNAME_MASKED pada Aplikasi SAKTI,1
pin ppk USERNAME_MASKED ditemukan,1
Data Tidak Muncul Pada SIAP,1
USERNAME_MASKED NIP NIP_MASKED saat ingin login muncul notifikasi USERNAME_MASKED terdaftar,1
Pencabutan Pemblokiran USERNAME_MASKED Akibat Salah Memasukan Password,1
Kesalahan Jenis SPM Non Kontraktual,1
Informasi USERNAME_MASKED Password SIKP,1
Permohonan Pembatalan Validasi Transaksi BMN pada Aplikasi SAKTI,1
Tidak dapat mencetak SP2D Nihil,1
Permintaan USERNAME_MASKED admin TIK SPAN dan non SPAN KPPN Jambi,1
pendaftaran satker di aplikasi GPP terpusat,1
perbaikan tanggal buku Jurnal,1
Ubah Status Kontrak DAK Fisik,1
SPMKP ke rekening pribadi,1
Tiket 20200710-UZS879,1
Inquiry,1
USERNAME_MASKED password SIKP,1
Mekanisme kurang salur DAK Fisik,1
Permohonan Push data E-Rekon Bulan Juli 2020,1
Revisi sisa belanja banpem 526112 menjadi perjadin,1
Status Monitoring Bank SP2D,1
"Sangat Segera, Permohonan Unggah Data Rekon ke Aplikasi E-Rekon",1
Adendum Kontrak Ditolak,1
Permohonan Pembayaran Tagihan Subsidi Bunga/Subsidi Margin PT. BPR Pasarraya Kuta,1
Gagal Validasi SPM Koreksi,1
Permintaan upload rekon bulan Juli 2020,1
Fitur CMS rekening bendahara pengeluaran,1
LRA 2019,1
adk upload fail pada SPAN,1
Duplikasi Mail SAKTI dengan Satker di luar wilayah,1
Penghapusan Akun PPSPM,1
Permohonan Push e Rekon Juli 2020,1
Data ADK Gaji Anomali,1
Masalah selisih simak dan saiba,1
Data tidak sesuai pada menu ketersediaan dana,1
Permohonan Pembayaran Tagihan Subsidi Bunga/Subsidi Margin bulan Mei 2020 PT BPR Aruna Nirmaladuta,1
Error saat melakukan proses RETUR di SPAN,1
BAST tidak bisa diubha/dihapus,1
nilai bruto nya kok sama dengan nilai prestasi pekerjaan,1
REKAM SPBY TIDAK MUNCUL AKUN 521811,1
Revisi Anggaran TA 2020,1
perekaman rekening VA satker,1
Pergantian KPA untuk SPM rutin dan SPMKP,1
aplikasi PINPPSPM tidak mau mengirimkan sms,1
Pendetailan ganda,1
Rek. Giro Terblokir,1
FA Detil Berubah,1
Rapat Diluar Jama Kantor,1
Status Capaian Output pada Aplikasi e-Rekon&LK,1
Koreksi Tagihan Subsidi Bunga,1
pertanyaan mengenai SIKP untuk subsidi bunga non KUR,1
Lupa USERNAME_MASKED Pasword DIGIT,1
Kode Satker Suspense,1
Gagal login PC SPAN,1
Permasalahan entri kontrak DAK,1
pemda tidak bisa menginput volume dan capaian output kegiatan di OMSPAN DAK Fisik,1
Nominal Retur 0 berbeda dengan SPM yang diajukan,1
Perubahan data KPA,1
Nama bawahan tidak muncul pada aplikasi edjpb,1
Permohonan subsidi bunga BPR Danamas PRatama,1
Aplikasi digit untuk Aplikasi SPRINT,1
"Surat Permohonan, Surat Pernyataan, NPWP, Rekening Koran",1
Konfirmasi pembayaran luar negeri (US),1
Apikasi SAKTI,1
pembatalan SP2HL,1
Nomor telepon KPPN Jakarta IV,1
Selisih Kas pada LPJ BPG,1
Membatalkan Transaksi KDP BMN yang telah disetujui,1
NPWP di sakti tidak muncul untuk input Setoran,1
blt dd,1
Tindak lanjut tiket nomor 20200827-9HBW18,1
USERNAME_MASKED SMS,1
Akun Penanganan Covid dan Kelengkapan Berkas untuk Dilakukan Pencairan,1
Kesalahan deskripsi akun belanja,1
USERNAME_MASKED SAKTI,1
DOKUMEN PENGAJUAN PEMBAYARAN TAGIHAN SUBSIDI BUNGA PERIODE MEI 2020-TAHAP 2,1
Dokumen kelengkapan pergantian KPA Satker,1
Pendaftaran USERNAME_MASKED Baru,1
Transfer 2x atas SP2D yang sama,1
BPJS untuk anak ke-4,1
Mohon solusi untuk perubahan transaksi lain-lain,1
Revisi sakti,1
CC DJA - Hari Subsidi SIKP,1
Pengajuan Revisi,1
Bagaimana cara mengaktikan kembali NPWP lama di Sakti,1
SALDO UP SILABI BP TIDAK SESUAI,1
USERNAME_MASKED Simaspaten Tidak dapat Mengajukan Pendaftaran,1
(OMSPAN) Data Kontrak tidak tampil saat menginput SP2D BUD,1
Selisih LPJ terkait migrasi rekening VA,1
EROR PADA TAGIHAN,1
Pertanyaan Seputar nilai konfirmasi capaian output,1
Permohonan perubahan USERNAME_MASKED KPA satker 119731,1
Penambahan USERNAME_MASKED,1
DRK pada ADK LPJ,1
workshop/ bimtek,1
surat tagihan periode bulan Mei 2020,1
tautan download aplikasi installer saiba,1
Mengapa ada TDK Pendapatan Pajak di Satker Bapas Batulicin,1
Permohonan Penghapusan PPR Menggantung,1
Permohonan Tambahan Waktu Input Kontrak Pada Aplikasi OMSPAN,1
Dokumen Kelengkapan Subsidi Bunga,1
DATA TAGIHAN SUBSIDI BUNGA PT BPR SAMI MAKMUR PERIODE MEI-JULI 2020,1
salah entry,1
Cetak Memo Pengesahan MPHL BJS,1
koreksi pecah akun SPM GUP,1
Nomor register loan 99999999,1
Penghapusan USERNAME_MASKED Penilaian PPK dan PPSPM,1
Kas lainnya di bendahara,1
Pergantian USERNAME_MASKED Satker 636693,1
Korban PHK covid 19,1
Harga satuan dan jumlah barang tertukar,1
Permohonan reset USERNAME_MASKED password adm sakti Dipa 01(307928) dan Dipa 04 (309113),1
Om span versi terbaru susah dibuka,1
Data LK Satker SAKTI belum masuk e-rekon,1
Pencabutan Tunjangan anak atas anak yang terlambat dilaporkan,1
Perubahan Tgl Buku pada Penerimaan Negara,1
PERMOHONAN PEMBAYARAN SUBSIDI BUNGA/MARGIN BPRS INSAN MADANI,1
Permohonan Konfirmasi Sewa Rumah Dinas,1
USERNAME_MASKED tidak muncul saat dicari dan saat akan di approve,1
Asuransi,1
Rekonsiliasi bulan Agustus 2020,1
No gaji satker 685880 nomor 000250 sudah dihapus diuser kepala seksi tapi masih muncul di fo menu pengujian,1
Tidak bisa input BAST di SAKTI,1
Rekening RKUD untuk penyaluran DAK Fisik Cadangan Tidak Muncul Ketika akan Dikirim ke SAKTI,1
PERMOHONAN PEMBAYARAN TAGIHAN SUBSIDI BUNGA/MARGIN PERIODE BULAN MEI 2020,1
mohon untuk dibantu push rekon dari SAKTI,1
Permohonan Akses SIKP,1
NRP KPA belum terekam pada BAR,1
Permasalahan Kekurangan Gaji,1
Aplikasi OMSPAN tidak bisa di akses,1
Web susah dibuka,1
"LAPORAN BERITA ACARA BUNGA SUBSIDI BULAN MEI, JUNI, JULI & AGUSTUS",1
Permintaan Push Ulang Data Rekon Satker Aplikasi SAKTI ke Aplikasi e-rekon&LK,1
Komputer join domain tidak dapat login karena sudah lama tidak digunakan,1
PERMOHONAN PENGGANTIAN USERNAME_MASKED,1
PERBEDAAN NILAI SIAP DAN SAI SATKER 410713 KPPBC TMP MERAK TERKAIT E-REKON,1
menu upload spm PP di aplikasi espm,1
Adendum kontrak salah akun,1
Pengajuan Surat Permohonan Dispensasi Proporsi UP KKP,1
Perubahan Nama Pejabat Eselon I sebagai Unit untuk USERNAME_MASKED,1
Permohonan pembatalan validasi SPM,1
Konsultasi Solusi salah input jumlah unit BMN,1
kendala pada saat perekaman MPHL-BJS,1
Pergantian PPSPM,1
Pertanyaan mengenai USERNAME_MASKED di Aplikasi SPRINT,1
Permohona n Pembatalan ADK SPP atsa Satker KPPBC Nanga Badau,1
Dokumen pendukung tagihan subsidi bunga sesuai dengan 65/PMK0.5/2020 dan 85/PMK0.5/2020,1
Penyampaian Berita Acara Verifikasi BPR Mertha Sedana,1
adk tidak dapat masuk dalam konversi,1
History update Aplikasi Simak BMN,1
Marketplace,1
Akses masuk om Span Sulit,1
aplikasi SPRINT,1
Permohonan Pembaharuan Token dalam rangka Integrasi Sistem Monev Pengadaan dengan OMSPAN,1
Permintaan Pembuatan USERNAME_MASKED Password OMSPAN (satker baru),1
PC non SPAN tidak bisa mengakses jaringan internet,1
gaji induk,1
ganti email sakti,1
Dana Tidak Cukup,1
Penyampaian Berita Acara Verifikasi BPR Surya Yudha,1
Permohonan Pembayaran Tagihan Subsidi Margin - PT. BPRS Bina Rahmah - Mei 2020,1
COMMERCIAL:Auto Response: Tentukan kata sandi,1
pembuatan SP2HL,1
Proses SAKTI pengesahan SP3B PPKGBK no 102A sd 108A,1
Satker baru belum muncul di OMSPAN,1
USERNAME_MASKED Password SPRINT Kuasa Pengguna Anggaran (KPA),1
Permasalahan tentang pengajuan subsidi bunga PMK 85 th 2020,1
Perubahan NRP di aplikasi Gaji KPPN terpusat,1
Kode satker 632025 belum ada di aplikasi gpp kppn terpusat,1
Permintaan USERNAME_MASKED Non KUR,1
Informasi Realisasi SBSN,1
Verifikasi Admin Aplikasi SIMASPATEN,1
sewa rumah dinas yang pelaksanaanya sampai tahun berikutnya,1
KIB sudah tercatat,1
Mohon kode akses untuk SIKP PMK 85,1
Surat Permohonan Pembayaran Subsidi Non Kur Mei 2020,1
No CAN tidak muncul di RUH Pencatatan Kontrak,1
Runtime Exception SAKTI,1
Tutorial perekaman kontrak di SAS,1
Konsultasi Kendala Upload Subsidi Bunga Non-KUR,1
Permohonan USERNAME_MASKED Password OM SPAN Satker 999302 DirektoratJenderal Perimbangan Keuangan,1
"Aplikasi SAIBA, SIMAK & PERSEDIAAN",1
alur pencatatan pembuatan SPBY dan Kwitansi yang menggunakan pembayaran dari virtual account,1
installer aplikasi SAKTI,1
Hapus ADK rekon gaji,1
BAV dan Pengajuan Subsidi Bunga Mei 2020 PT BPR Jaya Kerti,1
Sisa dana kontrak,1
Rapid Test untuk Keluarga Pegawai,1
Daftar Hadir Lembur sebagai dasar pembayaran Uang Lembur,1
Pesan Internal Server Eror pada E-Jafung,1
tidak bisa buat SPMKP di aplikasi SAKTI,1
Perbaikan SPM GUP dari MAK sebelum Revisi menjadi MAK Setelah Revisi,1
PERMOHONAN PEMBAYARAN TAGIHAN SUBSIDI BUNGA BULAN JUNI SD AGUSTUS 2020,1
Akun Perjalanan Dinas untuk Kebutuhan Diklat Mandiri,1
BLT BPJS,1
Instalasi Aplikasi SAS,1
Pembayaran uang transport dan uang saku rapat/ uang harian,1
Tagihan Bunga Juni 2020,1
Saldo PNBP TAYL Akumulasi/Tidak Akumulasi,1
login salah password,1
Permohonan USERNAME_MASKED Password SIKP,1
NPWP dan Rekening Koran BPR Tunas Jaya Graha- Lampung,1
Pengurangan Nilai IKPA Akibat Keterlambatan Proses SP2D GUP di KPPN,1
salah input BAST,1
Pengaktifan (Enable) Kembali Hostname PC Non SPAN KPPN Makale,1
Permohonan Pembayaran Tagihan Subsidi Bunga Bulan Juli 2020,1
LAMPIRAN TAGIHAN SUBSIDI BUNGA BULAN MEI 2020,1
Interkoneksi Master Aset ke SIMAN Tidak Berjalan,1
NPWP tidak berubah pada kontrak,1
permohonan penyamaan data satker 638002 (PNS) pada aplikasi GPP terpusat,1
Penambahan Referensi Satker baru dan Penyamaan Data GPP Satker tipe POLRI dan tipe PNS untuk Satker baru,1
Permohonan akses (USERNAME_MASKED password) aplikasi SAKTI tingkat Polda,1
OMSPAN DAK FISIK,1
Kelengkapan Berkas,1
Menu Input FA (16 Segmen),1
Permohonan Pembatalan Approval Nomor SPPA A02203,1
Register Hibah 23LAPZ6A belum ada di COA,1
Validasi Rekening pada Modul Bank aplikasi OMSPAN,1
Permohonan Void,1
Ubah nama header supplier,1
Tidak bisa membuat kuitansi,1
Permohonan Pembayaran Tagihan Subsidi Margin PT BPRS Haji Miskin,1
Surat Permohonan Pembayaran Tagihan Subsidi Bunga Bulan Agustus 2020,1
error realisasi anggaran di sas tidak sama dengan data omspan,1
penolakan pada aplikasi GPP,1
Prosedur Pengesahan MPHL-BJS pada SPAN,1
Pembuatan Permohonan TUP melalui SAS,1
perubahan status pendidikan di aplikasi GPP pusat,1
Surat Konfirmasi Ketidakikutsertaan Subsidi Bunga Non-KUR PT. Bank Jago Tbk,1
Permintaan USERNAME_MASKED Aplikasi SAKTI Web,1
Tagihan Subsidi Bunga,1
Permohonan Pembuatan USERNAME_MASKED Password USERNAME_MASKED OMSPAN,1
Berita Acara Verifikasi Perhitungan Subsidi Bunga/Subsidi Margin UMKM (Non KUR) PT BPRS Buana Mitra Perira periode Mei 2020,1
Pengurangan Nilai IKPA pada Indikator Renkas Harian Satker Pusintek (672906),1
Permohonan Pembayaran Tagihan Subsidi Bunga bulan Juli 2020,1
"Error no rekening tidak valid di bln 3, sedangkan bln 4 dan 5 valid",1
Surat Permohonan Pemabayaran Tagihan Subsidi Bunga /Subsidi Margin,1
Cetakan Persetujuan MPHL BJS yang tidak muncul,1
penggantian USERNAME_MASKED pasword aplikasi SAKTI,1
Penghapusan USERNAME_MASKED di SIMASPATEN,1
Masalah Revisi Anggaran Yang data adknya gak bisa terbaca(Fail),1
Berita Acara Verifikasi Perhitungan Subsidi Bunga Periode Juli 2020,1
Koreksi Akun SPM GUP,1
SALDO AKHIR LPE TIDAK NORMAL,1
Belanja Pegawai Tugas Belajar,1
Upload SP4HL di e-spm,1
Penggantian Swab Test / PCR Test Pegawai Tugas Belajar,1
Honor moderator pelatihan online,1
SPM tidak muncul pada menu Validasi SPM,1
Anggaran,1
Permohonan Pembayaran Tagihan Subsidi Bunga Bulan Juni,1
Penambahan Data Supplier,1
Permohonan Merge Supplier,1
NPWP BELUM DIKIRIM,1
Perubahan Role USERNAME_MASKED,1
Batas Pendaftaran Simaspaten,1
Proses Verifikasi Dokumen Calon Peserta Penilaian Kompetensi PPK/PPSPM,1
Pembuatan Approver Unit Eselon I,1
FTP tidak bisa diakses,1
Perekaman Pengembalian Belanja pada SAKTI,1
Cara Input Ulang Data Usulan USERNAME_MASKED SIMASPATEN Satker Sekretariat Pengadilan Pajak Kode Satker 119106,1
dokumen pendukang,1
Jurnal atas Setoran Saldo Kas BLU,1
Batas Waktu Penyelesaian Koreksi SPM,1
Permohonan Pembatalan Update CoA,1
Setting Plt. Pada Aplikasi EDJPB dan penonaktifan Pejabat yang pensiun,1
Konsumsi bagi pegawai WFO,1
Kendala Teknis Aplikasi SAKTI Modul Bendahara (Cetakan Daftar Saldo Rekening),1
Permohonan penayangan surat Direktur Jenderal Perbendaharaan,1
Penandatangan pada aplikasi SAS,1
Refund tiket pesawat dengan pembayaran melalui KKP,1
Monitoring Capaian Output,1
Penolakan Kekurangan gaji,1
Absensi di eDJPb,1
Lupa password kpa e-rekon,1
Menu Supplier di SPAN,1
DOKUMEN TAGIHAN SUBSIDI SIKP,1
Tidak dapat melakukan input pengembangan KDP,1
Tanggapan Keikutsertaan Perusahaan Pembiayaan dalam Program PEN,1
Biaya swab utk tenaga pendukung individu di Kementerian pupr?,1
Tindak lanjut atas keikutsertaan dalam mengikuti program Pemulihan Ekonomi Nasional PT Resona Indonesia Finance,1
SURAT PERMOHONAN PEMBAYARAN TAGIHAN SUBSIDI BUNGA / SUBSIDI MARGIN BULAN JUNI 2020,1
Pengembalian Limit KKP BPP ke BP,1
Tolakan Validasi Kekurangan Gaji,1
KPP Pratama Gresik Selatan,1
Pada Aplikasi muncul tidak ada referensi,1
Reset kata sandi,1
Pembayaran lesing mobil,1
Saya ingin mengajukan permohonan modal pelaku usaha mikro terdampak covid19,1
PERMINTAAN PASSWORD ULANG USERNAME_MASKED PERWAKILAN IMIIGRASI DI JOHOR BAHRU,1
Mohon modal usaha mikro terdampak covid,1
minta aplikasi CALK,1
Push Data SAKTI untuk E-Rekon,1
Pembayaran Subsidi Bunga,1
Permohonan Push Data untuk satker KPPN sebagai Penyalur DAK Fisik dan Dana Desa,1
Pendaftaran penilaian PPK PPSMP,1
Pembayaran Tunjangan Khusus Papua,1
Rekon Satker KPPN Tegal Penyaluran DAK Fisik dan Dana Desa belum terbawa,1
Surat Permohonan Pembayaran Subsidi Bunga/Margin Program PEN,1
BIOS - RinDU (Pengiriman Data BLU),1
Permohonan Reset USERNAME_MASKED Aplikasi SAKTI,1
PT. BPR Darbeni Rizki,1
dokumen surat tagihan PEN PT. BPR JAM GADANG,1
"Tagihan Subsidi Bunga PT. BPR SUlawesi Mitra Abadi bulan Mei, Juni & Juli 2020",1
Permohonan Pembayaran Subsidi Bunga Periode Agustus 2020,1
nama rekening tidak muncul pada surat persetujuan,1
Akun Taperum,1
Permohonan USERNAME_MASKED sementara untuk PC nonspan,1
ingin menghapus SPBY akun 521811,1
Ubah BAST KKP yang telah didetilkan oleh Operator Persediaan,1
Jabatan Fungsional analis keuangan,1
Registrasi email sakti,1
Pembayaran Permohonan Tagihan Subsidi Bunga Agustus 2020,1
Revisi Surat Tagihan Subsidi Margin Agustus 20 ( subsidi 3%) sesuai PMK 138,1
Laporan Perubahan Ekuitas Satker 403543 KPPN Tegal Pengelola Penyaluran DAK Fisik dan Dana Desa yang Bersaldo,1
(SAKTI),1
Koreksi NPWP pada SPM Gaji,1
Menghapus data kuitansi belanja barang persediaan yang telah tutup buku,1
potongan taperum pada aplikasi GPP satker,1
Permohonan perbaikan data kepegawaian pada edjpb,1
kelengkapan untuk penagihan subsidi bunga bulan Juli 2020,1
Penggunaan Saldo Awal pada Satker BLU,1
Login ke aplikiasi digit tidak bisa,1
Permohonan pengaktifan kembali rekening giro 410599,1
Dokumen Pendukung Tagihan SIKP bulan Mei 2020,1
Menghapus Persediaan yang sudah didetailkan sudah tutup buku,1
Data realisasi tidak muncul di RUH transaksi modul bendahara,1
kode dan alamat email KPPN Cirebon,1
Permohonan password,1
Akun Tidak Muncul Saat Cetak SPBy,1
Revisi Surat Tagihan Subsidi Bunga Bulan Juli 2020,1
TIDAK BISA MERUBAH PASSWORD SAKTI,1
Berita Acara Verifikasi Perhitungan Subsidi Bunga/Subsidi Margin UMKM Periode Juli 2020,1
Dokumen Penagihan Subsidi Bunga Mei 2020,1
Selisih pencatatan MPHLBJS pada e-Rekon,1
Apakah bisa pph 411124 dikoreksi akunnya menjadi 411122 lewat menu di SPAN,1
Kendala Koreksi Penerimaan Negara,1
Permasalahan terkait rekonsiliasi rekening hibah di SPAN,1
Selisih Pembayaran Bunga Subsidi Bulan Agustus 2020,1
Penambahan referensi dan Approve Penyamaan Data Untuk satker Baru 423013 pada Aplikasi GPP,1
Perubahan tanggal pelaksanaan kontrak DAK Fisik,1
Data Revisi DIPA belum terposting pada SIAP,1
Kesalahan pada Aplikasi SAS,1
perubahan tanggal buku,1
Dokumen Pendukung PMK 85 Revisi,1
Undangan Sebagai Penanggap Pada FGD Upaya Penyelesaian Sengketa HAM Terkait Permasalahan Rumah Dinas Sebagai Barang Milik Negara Melalui Fungsi Mediasi HAM,1
Pendaftara USERNAME_MASKED tingkat Wilayah Kemenag,1
Pengajuan Usulan USERNAME_MASKED Level Kanwil (Provinsi),1
Rekonsiliasi Sisa Dana Desa Tahun 2015-2018,1
SURAT PERMOHONAN RESET PASSWORD SAKTI,1
SAKTI : Permohonan Perubahan User,1
file dokumen persyaratan dana desa TA 2018 tidak bisa diunduh,1
Transfer ADK sakti ke SAS,1
Pertanyaan terkait Aset yang dihapuskan namun masih muncul di laporan BMN,1
Pembayaran lembur PNS,1
SPM Gaji Induk November 2020 Satker KPPBC TMP B Surakarta Gagal Validasi,1
Penggantian USERNAME_MASKED KPA level Unit Eselon 1,1
PPR Pengesahan Hibah Bernilai Negatif,1
Mengetahui Jenis SPM yang salah,1
Pengajuan Surat Permohonan Pembayaran Tagihan Subsidi Bunga Bulan Agustus 2020,1
KENDALA PROSES GAJI,1
Masalah lanjutan tiket 20200929-TW3NIB Perbaikan atas Penolakan SPM Koreksi Satker pengguna SAKTI full modul,1
Kuitansi Belum di SPJ kan Lebih Dari 30 Hari di MonSakti,1
PPR Ulang,1
Permohonan Pembayaran Tagihan Subsidi Bunga Periode Agustus 2020,1
tidak bisa melihat beranda ejafung,1
ADK tagihan bulan Juli 2020,1
permasalahan pembuatan SPM GUP KKP kartu kredit pemerintah,1
Jenis belanja 82 dalam RPDH,1
Pengaktifan Sementara USERNAME_MASKED dan buka buku periode 03 2020,1
Permohonan penghapusan transaksi pembelian pada modul persediaan yang sudah di aprove,1
Dokumen softcopy Perkada untuk Dana Desa,1
Perhitungan Bank dan di Sistem SIKP Berbeda,1
gagal Koreksi SPM karena Penonaktifan akun 811911,1
LPE DD DAK Fisik KPPN Sragen,1
Error SIMAK BMN,1
Permohonan Perubahan dan Penggantian USERNAME_MASKED pada aplikasi Sakti,1
Tidak bisa hapus SPM yang sudah dibatalkan,1
SURAT PERMOHONAN PEMBAYARAN SUBSIDI BUNGA,1
Tidak Bisa Membuat SPM GUP KKP,1
permohonan subsidi bunga bulan agustus 2020,1
Status PRR Menggantung,1
Pemda Purworejo (0322) Mitra KPPN Purworejo (027),1
Mekanisme Pergantian Bendahara Pengeluaran jika Cuti Panjang (Selama 3 Bulan),1
URGENT : Uang muka kontrak multiyears SAS,1
Error ketika membuat SPP GUP KKP,1
Tidak Dapat Login SPAN,1
Kendala Terkait ADK SPM,1
Penyelesaian Retur Bank Riau Kepri Syariah,1
Permintaan Penggantian USERNAME_MASKED KPP Pratama Aceh Besar,1
Minus Data RPDH SAS akun 425243,1
tidak bisa input ruh belanja di aplikasi sakti,1
Permohonan Tagihan Subsidi Bunga,1
tidak bisa masuk ke SAKTI,1
sakti desktop,1
Perekaman pejabat aplikasi sakti,1
install sakti desktop tidak bisa karena kode satker tidak ditemukan atau kata sandi salah,1
Laporan Perubahan Saldo Anggaran Lebih ( LPSAL ) pada aplikasi SAKTI tidak menampilkan nilai yang seharusnya,1
Permintaan Password Sakti MTsN 1 Trenggalek,1
Sewa Kendaraan untuk SPPD,1
Konsultasi masalah gaji,1
Mekanisme perubahan USERNAME_MASKED portalsakti,1
"Kantor Pertanahan Kab. Pulang Pisau, Prov. KAL-TENG",1
ADK Pegawai bermasalah,1
Pergantian User,1
Gagal rekam Gaji 13 tahun 2017,1
PEnambahan referensi kode dan nama satker pada aplikasi e-Jafung,1
PPDH satuan kerja sakti,1
KEP USERNAME_MASKED,1
Honor PPSPM bulan Oktober 2020,1
Data Renkas,1
Permohonan pergantian PPSPM pada Aplikasi SAKTI selaku Pengelola DAK F dan DD pada KPPN Curup,1
Koreksi SPM Covid-19,1
Kenapa ya USERNAME_MASKED dan paswd tidak bisa login,1
Permohonan Pembayaran Tagihan Subsidi Bunga/Subsidi Margin Program PEN Juli Tahap 1,1
Permintaan Reset Password Digit,1
Langkah apa setelah pendaftaran nama PPK di simaspaten,1
SPM tertolak dengan alasan seluruh rekening tidak ditemukan,1
Aplikasi SAS 20.0.12 - potongan SPM,1
Permintaan Reset Password Akun Kemenkeu untuk keperluan USERNAME_MASKED PD,1
Surat Permohonan Tagihan Subsidi Bunga Juli 2020,1
USERNAME_MASKED tidak bisa menggunakan validasi SPM,1
Loker,1
SPM Koreksi pada SPAN,1
Perbedaan Jenis Pajak Pada SPMKP dan SKPKPP,1
CC DJA - USERNAME_MASKED,1
Salah pilih supplier pada BAST dan sudah terbit SP2D,1
Penyelesaian Pembayaran Gaji Induk yang Terindikasi Double Bayar s.d. bulan September 2020,1
kelompok bayar/ paygroup tidak keluar,1
Hapus Data SIKP KUR,1
Data SPRINT,1
Pembayaran Tagihan,1
Penggunaan Akun Covid di TA 2021,1
Belum mendapat Email aktivasi USERNAME_MASKED dan PPSM,1
subsidi bunga KPR,1
PERMOHONAN PEMBAYARAN TAGIHAN SUBSIDI BUNGA PERIODE MEI 2020,1
Terdapat SP2D belum di rekam di bulan yang telah lalu,1
permohonan reset pasword,1
PERMOHONAN PEMBAYARAN TAGIHAN SUBSIDI BUNGA/SUBSIDI MARGIN PT. BPR PARASARI SIBANG,1
Permohonan push rekon,1
akun untuk pembayaran PPNPN,1
Supplier menggantung,1
Batas Waktu LLAT 2020,1
Inpassing fungsional Analisa Pengelola Keuangan APBN,1
Permohonan Pengisian Kolom No KTP Pada Referensi Pejabat SAKTI,1
kata sandi salah,1
Reset pasword SAKTI,1
Pengajuan Pembayaran Subsidi Bunga Bulan Agustus 2020 PT BPR Juwana Artha Sentosa,1
Limitasi hak akses di edjb / tidak berhasil clockout dan mengisi lapor kondisi kesehatan,1
Permohonan Pergantian CSO pada KPPN Kutacane,1
SAIBA/SIMAK,1
menu laporan dana desa,1
Lupa mecatat tanda terima SP2D BUN Dak Fisik,1
pagu gaji minus dan deviasi IKPA,1
Inpassing keuangan apbn,1
form Surat Pengantar Revisi DiPA,1
Permohonan penambahan USERNAME_MASKED e JAFUNG untuk admin KPPN Purworejo,1
Monitoring Retur SP2D pada OM SPAN,1
Permohonan hapus spm yang tersangkut,1
Kontrak tidak muncul di USERNAME_MASKED,1
Permohonan Tagihan Subsidi Bunga Bulan MEI 2020 Tahap 2 - BPR DANAGUNG ABADI,1
Eror USERNAME_MASKED satker USERNAME_MASKED terdaftar,1
Tata cara penerimaa hibah,1
Permohonan USERNAME_MASKED SAKTI KPPN Cilacap,1
permohonan push data e-rekon bulan september 2020,1
Link aktivasi untuk USERNAME_MASKED tidak terkirim ke email yang didaftarkan,1
Rekam SP2D BUD Bidang Kesehatan DAK Fisik Reguler,1
Permohonan Pengaktifan USERNAME_MASKED untuk keperluan hapus SPBy,1
PERMOHONAN PEMBAYARAN SUBSIDI BUNGA/SUBSIDI MARGIN PROGRAM PEN,1
Pengnonaktifan USERNAME_MASKED,1
Paygroup SP2B BLU Satker RUMKIT BHAYANGKARA BANDA ACEH (679330),1
Permohonan Magang Kerja,1
Mail delivery failed: returning message to sender,1
Tidak bisa login akun digit,1
Histori revisi di sakti tidak muncul,1
Terima kasih RE: Terima kasih RE: Terima kasih RE: Mencetak SP2D Nihil,1
Rekonsiliasi Sisa Dana Desa,1
Permohonan Pembayaran Tagihan SubsidiBunga / Subsidi Margin,1
SURAT SIKP BPR INDOMITRA ARTHA PERTIWI JUNI 2020,1
ADK Per Tanggal Yang Lalu,1
Status e jafung,1
permohonan pengiriman USERNAME_MASKED pasword USERNAME_MASKED tingkat KanwilKL,1
Jenis SPM,1
Pengjuan subsidi bunga Tahap 2,1
admin laporan monev,1
Konfirmasi Billing,1
Permohonan perubahan USERNAME_MASKED KPPBC TMP B Sidoarjo (675525),1
Permintaan Perubahan Nama Satker Di Omspan,1
Dispensasi Pembayaran Termin Karena Hari Libur,1
Dispensasi terkait tidak terverifikasinya oleh admin KPPN,1
Lampiran SPM SAKTI dobel,1
Data Kontrak Menggantung pada USERNAME_MASKED PD,1
PEMOHONAN PEMBAYARAN SUBSIDI BUNGA JULI PT. BPR DUTA ADIARTA,1
PBN Open dan Edjpb,1
Aplikasi SAKTI tidak bisa mengirim ADK ke SPAN,1
Permohonan Pembayaran Subsidi Bunga Bulan Juli 2020 - PT. BPR Nusamba Singaparna,1
WhatsApp Pusat Layanan DJA Iuran Taperum,1
Permintaan Perubahan Pengguna Aplikasi Sakti,1
Surat Permohonan Pembayaran Tagihan Subsidi Bunga/Subsidi Margin Juli 2020 PT. BPR Mustaqim Sukamakmur,1
Aktifasi sprint,1
Permintaan Penghapusan PMRT KPPN Jember per tanggal 30 Oktober 2020,1
permohonan subsidi margin Oktober 2020,1
Permohonan Perubahan Kode Akun Pada SAKTI Modul Komitmen,1
Permohonan kenaikan limit kkp,1
Tidak Bisa input Pengembalian Belanja,1
Koreksi SPM belum masuk di OMSPAN,1
nomor register hibah tiddak muncul di sakti,1
Bukti potongan pajak pada SPM/ SP2D,1
Transaksi Jurnal Penyesuaian Tidak Muncul,1
perbedaan saldo belanja kebutuhan perkantoran di sakti dan satu dja,1
penghapusan pajak,1
Pedoman Pembayaran loan IBRD,1
Pengecekan status billing,1
20201104-Y222NS,1
Permintaan reset password akun,1
Dokumen Penagihan Kontrak Swakelola Satker 672906,1
Permohonan penambahan USERNAME_MASKED pada omspan / hai-cso,1
tanggal SPM beda dengan tanggal cetakan pada Aplikasi SAKTI WEB,1
Reset USERNAME_MASKED/SPRINT,1
Penggantian USERNAME_MASKED KPA,1
Gagal simpan/cetak DRPP pada SAKTI WEB (2),1
Ganti rekening bank di data supplier,1
Gagal upload ADK dan LPJ di SPRINT,1
Kesalahan Pembukuan PNBP,1
Upload Data Pendukung SPM,1
Data Rekening Double pada Aplikasi SPRINT,1
Permohonan Setup CoA Segmen Bank SPAN,1
Penyampaian kembali Berita Acara Verifikasi,1
langkah mendaftarkan kips,1
MOHON PETUNJUK PEMBUATAN GAJI,1
Pegawai masih menggunakan NIP lama,1
Tambah Pagu Perjalanan Dinas,1
ADK LPJ Gagal terbaca di KPPN,1
Perbaikan Jumlah Kuantitas Rumah Negara Golongan II Tipe B Permanen (ACCOUNT_MASKED) pada Laporan Barang KPPN Makale,1
Permintaan Penjelasan Re: Survei Kepuasan Pengguna Layanan HAI DJPb Semester II Tahun 2020,1
Reset Password SPRINT/DIGIT,1
Tidak bisa menghapus rincian barang,1
Masukan sakti web modul PPSPM,1
HONOR SAIBA DAN PENGELOLA KEUANGAN,1
Tidak ada output 951,1
Surat Perintah Kerja Lembur ditandatangani Plh Kepala Kantor,1
"Login APR sakti menyangkut, dan tidak bisa di kill lewat login admin",1
Pergantian Bendahara dan PPSPM,1
Perlakuan atas nasabah meninggal (SIKP),1
Mohon push e-rekon Satker 527432,1
Revisi Belanja Uang Makan ke Belanja Operasional Kantor,1
Reset Passsword,1
Tidak Bisa Upload ADK Pegawai di Modul Komitmen,1
Informasi Dana yang masuk ke pihak ketiga,1
Transaksi Keluar Modul Persediaan SAKTI Web,1
Berita Acara Verifikasi Perhitungan Subsidi Bunga,1
Buka buku GLP SAKTI Juli 2020,1
Tidak bisa memilih sumber dana pada Sakti,1
Permintaan Arahan Terkait Pencairan Jaminan Uang Muka,1
Adk Belum Terbentuk,1
Tagihan Subsidi Bunga/Subsidi Margin September 2020 PT.BPR Trisurya Bumindo,1
KIB KP2KP Larantuka tidak sinkron ke Database SAKTI KPP Pratama Maumere,1
Logout USERNAME_MASKED sakti pada GKN Singaraja (560813),1
DOKUMEN TAGIHAN AGUSTUS 2020,1
Gagal hapus ADK GPP di SAKTI,1
Jenis SPP 217 gagal input potongan,1
Proses Pembatalan SPM Dana Desa Melalui Sakti Masih berstatus Teruskan sedangkan Invoice Sudah dibatalkan Seksi PD,1
Penandatangan SPMKP yaitu KPA Tidak Muncul Pada Sakti Web,1
Permohonan Pembayaran Subsidi Bunga Kredit Bulan Oktober 2020,1
Perjalanan Dinas Batal Karena Positif COVID,1
Perbedaan Data Rekonsiliasi Pada Transaksi TransferKeluar/Masuk (E-Rekon),1
PENYAMPAIAN SOF COPY DOKUMEN SYARAT PERMOHONAN PENCAIRAN SUBSIDI BUNGA MARGIN PERIODE SEPTEMBER 2020,1
SOFT COPY TAGIHAN SUBSIDI BUNGA KREDIT PT. BPR BATANG SELO BULAN OKTOBER 2020,1
Asia air,1
Aplikasi SAKTI USERNAME_MASKED,1
Mohon push data satker DAK Fisik DD 403546 KPPN WONOSARI PENGELOLA PENYALURAN DANA ALOKASI KHUSUS FISIK DAN DANA DESA,1
Terdapat nomor gaji gantung pada gpp terpusat,1
Subsidi bunga pinjaman,1
Login terus,1
Permohonan Tagihan Pembayaran Subsidi Bunga Bulan Mei 2020 tahap V,1
Rekon belum terpush,1
Perjadin,1
Buka Modul GLP Periode Oktober 2020,1
PERCEPATAN PENYELESAIAN SUBSIDI MARGIN,1
Permohonan Subsidi Bunga PMK 85,1
Retur,1
Rapat/Seminar/Pertemuan,1
hasil rekon bulan oktober dimana revisi belum muncul di SIAP,1
Berkas permohonan pengajuan Subsidi Bunga PT. BPR Mukomuko Makmur Bulan Mei 2020(NPWP&REKENING BANK),1
Tagihan Tahap 2 Subsidi Bunga Bulan September 2020,1
SAKTI checker,1
Data Pegawai terbaca dobel di SAKTI,1
Kendala simpan SPP gaji SAKTI,1
PENYAMPAIAN BERITA ACARA VERIFIKASI PERHITUNGAN SUBSIDI BUNGA/ SUBSIDI MARGIN PT. BPR BALI DANANIAGA,1
hibah multiyears,1
Surat Permohonan Pembayaran Tagihan Subsidi Bunga Agustus 2020,1
Usulan perbaikan di aplikasi simaspaten,1
Cara Penginputan piutang TGR di modul Piutang SAKTI,1
DATA DOKUMEN SIKP,1
Permohonan Pembayaran Tagihan Subsidi Bunga / Subsidi Margin Bulan Agustus 2020,1
Penggantian nomor reksus atas kontrak yang berjalan,1
Pengajuan SPM Pengadaan Tanah,1
Hasil rekon ada beda COA Belanja ditanggal 15 okt 2020,1
Pendaftaran Portal SPAN,1
Push ADK Rekon Bulan Oktober 2020 Satker 403585,1
DAFTAR USERNAME_MASKED TK. WILAYAH PROV. JATIM,1
Referensi Register Hibah belum ada pada aplikasi SAKTI,1
Data estimasi PNBP di SAKTI tidak sama dengan di SPAN,1
RPD Halaman 3 DIPA dengan RPD Aplikasi SAS berbeda,1
Permohonan Pembayaran Subsidi Bunga Oktober 2020,1
Subsidi Bunga/Subsidi Margin atas Kredit/Pembiayaan bulan Mei tahun 2020,1
Dana Desa Keumumu Seberang,1
Permohonan pembayaran tagihan subsidi bunga bl Mei 2020 Tahap II dari PT BPR Rejeki Insani (600679),1
Permohonan Tagihan Subsidi Bunga Bulan JUNI 2020 - BPR DANAGUNG ABADI,1
Kendala omspan,1
Permohonan pembayaran tagihan subsidi bunga bl Juli 2020 Tahap II dari PT BPR Rejeki Insani (600679),1
Autoreply - Data Telah Diterima RE: PERMOHONAN TAGIHAN SUBSIDI BUNGA,1
Perubahan USERNAME_MASKED Sprint KPPN Kudus,1
Pembatalan SPM Koreksi pada Portal SAKTI KPPN Jakarta II,1
Permintaan kode register PINPPSPM,1
halaman iii dipa,1
Aplikasi Pim PPSPM,1
permohonan pengajuan Subsidi Bunga PT. BPR Mukomuko Makmur Bulan Juni 2020,1
Pengembalian ISI,1
BA Subsidi Margin OKt 2020,1
"Kepada Yth Direktur Sistem Manajemen Investasi Direktorat Jendral Perbendaharaan Kementerian Keuangan Republik Indonesia,Gedung Prijadi Praptosuhardjo I lantai 3 Jl Lapangan Banteng Timur No.2-4 Jakarta Pusat 10710",1
Pertanyaan seputar koreksi SAKTI,1
Perbedaan Detil Anggaran pada Aplikasi SAKTI dan Aplikasi SAS,1
Addendum kontrak Satker IAIN,1
Tidak bisa melakukan Batal ADK SPM di Aplikasi SAKTI,1
Pembayaran Uang Makan & Lembur bulan Desember,1
Pembuatan Kekurangan Gaji untuk Pegawai yang Memasuki Masa Pensiun di Aplikasi GPP,1
Permoh Limoonan Subsidi Bunga non KUR dri PT. BPR Gonjong,1
Perbedaan Data Realisasi SAKTI,1
Realisasi Anggaran pada IKPA,1
Pembayaran Insentif WBK Satker Kejaksaan Negeri Sumba Timur (008910),1
App Omspan,1
pembuatan USERNAME_MASKED Satker Istana Kepresidenan Jakarta,1
penggunaan akun pembelian lisensi,1
Buat spm(ada potongan) sedangkan Cetak SPM(tidak ada potongan),1
Koreksi SPM di SPAN,1
Surat pemberitahuan pendebetan rekening giro,1
saldo detail LS Bendahara minus,1
Permintaan pembuatan USERNAME_MASKED SAKTI untuk BA BUN 99902 DJPK,1
Pengembalian Lebih Bayar PNBP,1
Bukti Potong hilang dari daftar pada aplikasi sakti,1
PPh 21 hakim,1
Kode KPPN tidak bisa diklik di Sakti,1
Login Akun Sakti Satker tersangkut,1
ADK Uang Lembur Tidak Muncul,1
Mengubah Password Sprint,1
gagal upload adendum kontrak,1
Gagal Input SP2D BUD Kabupaten Tapin,1
Kirim ADK Hibah Tahun Anggaran yang Lalu sebagai Saldo Awal Hibah Tahun 2020 pada Aplikasi SAS,1
"Tagihan Subsidi Bunga Agustus, September, Oktober",1
Permohonan Pembayaran Tagihan Subsidi Bunga Bulan Oktober 2020,1
Perubahan USERNAME_MASKED Sakti Satker 525190,1
Penyampaian Berita Acara Verifikasi Periode September 2020 dan Klarifikasi Tagihan,1
Permohonan hapus invoice menggantung,1
Permohonan pembayaran tagihan subsidi bunga/subsidi margin,1
Permohonan Pembayaran Tagihan Subsidi Bunga,1
PenambahanReferensi Output Kementerian Agama,1
Reset password pada Aplikasi e-Rekon & LK tidak berhasil,1
Pergantian USERNAME_MASKED di SAKTI Web USERNAME_MASKED I satker 986917,1
Gagal Login Komputer Client,1
"Saat mengupload adk revisi pada satu dja di tolak, sehingga kami tidak bisa melaksanakan revisi padahal sudah sesuai dengan ketentuan,",1
Permohonan Pembayaran Tagihan Subsidi Bunga/Subsidi Margin Bulan Oktober 2020,1
Berkas Permohonan Pembayaran Tagihan Subsidi Bunga/Subsidi Margin Oktober 2020 PT. BPR Citra Darian,1
Permohonan Subsidi Bunga Bulan September 2020 PT BPR Tridanasakti Sumberpucung,1
Catatan dari Arya Sastra Wijaya ke Halaman Facebook Anda Direktorat Jenderal Perbendaharaan - DJPb Kemenkeu RI.,1
Permintaan reset password sebagai USERNAME_MASKED,1
"Permohonan Tagihan Subsidi Bunga HSBC Bulan Mei 2020-Tahap 02, Juni 2020-Tahap 01, Juli 2020-Tahap 01, Agustus 2020-Tahap 01, September 2020-Tahap 01, Oktober 2020-Tahap 01 dan Berita Acara Verifikasi Bulan Mei 2020- tahap 01",1
"E-rekon tidak bisa membuka menu, proses ttd KPA tidak muncul",1
Reviu APIP,1
Satker Dinas tidak bisa login di Simaspaten,1
SUBSIDI BUNGA BULAN AGUSTUS 2020,1
Tidak Bisa Cetak Kuitansi dan SPBY,1
Tagihan Subsidi Bunga.Subsidi Margin Peridoe Oktober 2020,1
Kepada Yth Direktur Sistem manajemen Investasi ditjen Perbendaharaan,1
Konfirmasi penerimaan,1
Spm ls,1
gagal upload adk PMRT,1
Tagihan Mei 2020 (tahap 2) - September 2020,1
konsultasi mengenai hasil recon bln mei 2020 tahap 3,1
registrasi USERNAME_MASKED,1
Data SiAP pada ADK Rekon Satker dan OMSPAN berbeda,1
Permohonan Perubahan USERNAME_MASKED KPP Pratama Balikpapan Barat,1
Pengujian UAT,1
LPE hasil cetakan SAKTI tidak balance,1
Permasalahan pada Pembayaran Honorarium PPNPN KPPN Semarang II,1
SPP Kekurangan Gaji,1
Surat Permohonan Tagihan Ke 2 (Dua) Periode Mei s.d. Oktober 2020 (Surat No. 185/Dir/MSD/XII/2020),1
perbedaan sisa pagu antara SAKTI dengan OmSPAN Satker 477198,1
Pengembalian penerimaan negara karena kesalahan kode billing kode satker 440780,1
Autoreply - Data Telah Diterima Re: Penting : Tiket 20201125-DK1Z8T akan ditutup,1
rekam kas bank,1
Gaji Januari 2021,1
input volume dan capaian output kegiatan,1
PENYELESAIAN RETUR SP2D YANG TELAH DISETOR KE KAS NEGARA,1
Identifikasi kode SPAN PT Telkom,1
Usulan USERNAME_MASKED dan Operator Kanwil,1
Rekam PNBP Umum pada SAKTI,1
NIP Bu Sri Mulyani,1
Pesan Error Tutup Buku Ketika Melakukan Pencatatan Penerimaan Barang/Jasa KKP,1
Input Penerimaan Barang/Jasa KKP,1
Perbedaan saldo akun,1
Tidak bisa input Data SP2D BUD,1
FA Detil Minus setelah melakukan koreksi SPM,1
Bolehkah membayar Kekurangan Tukin di Tahun Anggaran berikutnya,1
Aktifasi Akun Digital Treasury,1
Inpassing Pranata Keuangan,1
Cara mengisi capaian output di Laporan Realisasi Penyerapan Dana dan Capaian Output Kegiatan di OMSPAN DAK FISIK,1
PADA MENU PEMINDAHAN KAS-KAS BENDAHARA PENGELUARAN NO UM BPP TIDAK MUNCUL,1
Permohonan Penghapusan SPP 00001T/655519/2021,1
TIDAK BISA REKON PPNPN,1
Penghapusan Invoice Hasil Konversi yang belum diproses SPAN,1
Kendala dalam pencetakan laporan pada aplikasi sakti web,1
Permasalahan salah input transaksi pembelian aset tetap di modul aset tetap,1
URGENT Salah catat kas bendahara,1
PNBP akun 425912,1
Selisih saldo UAKPA pada LPJ Bendahara,1
Permohonan bantuan input data pengawai baru pada GPP Terpusat,1
Tagihan SUbsidi bulan Agustus,1
Permohonan Penghapusan Transaksi penerimaan barang UP,1
Pada volume dan capaian output kegiatan ada beberapa kolom yang tergeser. Mohon untuk segera diperbaiki. Terimakasih,1
Mohon dengan sangat bantuannya terkait satker baru TNI AD pada KPPN Parepare,1
Maintenance SAKTI 6 Desember 2020,1
PERMOHONAN PEMBAYARAN TAGIHAN SUBSIDI BUNGA/SUBSIDI MARGIN OKTOBER 2020,1
SAKTI WEB tidak mau menyimpan data Reklasifikasi Masuk,1
Selisih LPJ,1
Gangguan Jaringan Internet KPPN Pelaihari,1
Mphlbjs,1
penggunaan dana sisa UP untuk UM PNS Bln Desember,1
Permintaan Peraturan,1
Tanggal transaksi dan tanggal pembukuan tidak sesuai,1
Revisi DIPA tapi target dan rencana penarikan berubah menjadi 0,1
Tidak dapat membuka submenu Monitoring sisa dana desa di RKUD pada menu Kertas kerja di OMSPAN,1
Pendaftaran USERNAME_MASKED CSO Kanwil DJPb Provinsi Papua,1
OM-SPAN,1
Penghapusan Gaji pada GPP Terpusat,1
Akun di SPP Gaji Induk Januari 2021,1
Penolakan SPAN USERNAME_MASKED Kantor pada Perubahan Data Kontrak,1
Pengajuan Perbaikan SPM TUP Lewat Batas Waktu,1
Cara Perekaman BAST/BG pada Aplikasi Sakti,1
permohonan penambahan rule setoran pd sakti,1
E-Rekon Bulan November,1
PEMBUATAN SPBY,1
ASET TETAP TIDAK WAJAR,1
Permohonan Batal Approve Transaksi Aset Tetap berupa P.C Unit dengan No. SPPA A03204,1
Mohon Solusi terkait bebrapa capaian output yang tidak muncul pada saat cetak Laporan Kinerja di Aplikasi SAIBA,1
Hal : Penyampaian pembayaran tahigan Subsidi Bunga/Subsidi Margin,1
Indikasi akun persediaan yang tidak wajar pad Monsakti,1
foto dan geotagging,1
Pengiriman Dokumen Pembayaran Subsidi Bunga/Subsidi Margin Bulan Oktober 2020,1
Selisih Pengembalian Belanja Pada Aplikasi eRekon,1
permohonan USERNAME_MASKED,1
Error pada modul setoran pajak,1
Penting : Sangat Segera : Akun : Gaji Januari 2021 Satker pengguna SAS Pengadilan Negeri,1
Rapel Kekurangan Gaji Berkala dan Kenaikan Pangkat,1
Data Bank Supplier Salah,1
Permohonan Pendetailan Laporan FA,1
Pembatalan Transaksi,1
Data Capaian Output,1
penonaktifan seluruh pegawai satker kodim 0501 Jakarrta Pusat (344453),1
Jurnal balik belum terupdate ke Aplikasi E-Rekon&LK,1
Konfirmasi Capaian Output Tidak Terverifikasi,1
kekurangan uang makan,1
Permohonan push data sakti ke erekon,1
Permasalahan adendum kontrak Pada KPPN Bandung II,1
Maintenace Aplikasi Om SPAN,1
Surat Permohonan Pembukaan Akses Server Development SIKP,1
Permintaan perbaikan LPJ Juni dari KPPN,1
ADK LPJ Satker tidak bisa diapprove KPPN,1
Permintaan push data GL dan Pelaporan dari SAKTI ke Erekon-LK,1
Nomor Invoice sudah pernah digunakan,1
Tidak bisa memvalidasi,1
Pengajuan Dispensasi SPM Kontraktual,1
Pekerjaan lanjutan pakai SPM LS kontraktual atau non kontraktual?,1
Penggantian akun (approval) KPA untuk aplikasi web sakti,1
Dokumen dari Hayulin,1
Identifikasi Kode SPAN PT Telkom,1
Batas Perubahan Kontrak,1
Supplier tipe 3,1
Terjadi gagal tarik tunai UP dari Bank Modul Bend SAKTI menu pemindahan Kas,1
SPP Retur SP2D,1
Permasalahan Validasi ADK SPAN,1
Beda pagu di SPP dan SPM,1
Error ketika restore DIPA 2021,1
Dasar Pencatatan Hibah Jasa Satuan Kerja,1
Penghapusan satker dari referensi Penilaian IKPA,1
Adakah dispensasi 1 atau 2 hari untuk Tagihan Non Kontraktual di LLAT TA 2020,1
Lupa password digit kemenkeu,1
"Aplikasi Simaspaten, aktivasi tidak masuk email",1
ADK SP2HL Tidak Muncul,1
KIRIM ADK BANK GARANSI,1
Sisa dana BOS,1
Gagal inject PIN,1
Konfirmasi Capaian Output erekon pada KPPN,1
OMSPAN pagu minus,1
Rincian Nilai Komitmen,1
Permohonan penghapusan record SPP,1
Penggunaan mata anggaran kegiatan yang sesuai BAS,1
Persetujuan Kontrak di USERNAME_MASKED,1
Pengembalian Bea Keluar,1
Pertanyaan terkait perjadin,1
Akun 521213 tidak ada,1
Permintaan Penghapusan PMRT KPPN Sintang per tanggal 14 Desember 2020,1
SUPPLIER PPNPN BERMASALAH,1
Permohonan tutup buku anak satker periode November 2020,1
Dispensasi Pengajuan SPM LS Non Kontraktual,1
BAST no.145 hanya sebagian yang terbaca pada modul Aset,1
Permohonan Penambahan Role USERNAME_MASKED KPPN Tobelo Penyaluran DAK Fisik dan Dana Desa (403685),1
Permohonan Hapus ADK gaji Satuan Kerja Lingkup KPPN Pangkalpinang,1
Kendala Hapus Gaji pada Aplikasi GPP Terpusat 2021 (622014),1
Aplikasi konversi mengalami error saat melakukan konversi,1
Upload ADK MPHLBJS di Aplikasi SPAN,1
Incoming Payment,1
TerkaitSILABI,1
Permohonan approve capaian output,1
Permohonan Setup Rekening BLU kode Satker 439039 /BADAN PENGELOLA DANA LINGKUNGAN HIDUP (BPDLH),1
Void SPHL KPPN Tanjung Selor,1
Pendaftaran USERNAME_MASKED BAPPEDA KALTIM 160019,1
Tentang E-Rekon LK,1
Koreksi Penerimaan Negara Error,1
Pemberitahuan tidak dapat diaksesnya aplikasi SPRINT.,1
pencairan ls non kontraktual,1
Mekanisme Penonaktifan USERNAME_MASKED yang sudah tidak dipakai lagi,1
Pengajuan SPM GUP belanja barang dan belanja modal yang digabung jadi 1,1
Daftar SP2D Tahun 2016,1
masalah tranfer,1
Permasalahan terhadap USERNAME_MASKED,1
Konfirmasi pembayaran,1
Transaksi KKP yang belum di GUP kan,1
Selisih Transfer Keluar dan Transfer Masuk pada satker eks Kemristekdikti,1
Permohonan penambahan fitur Data Koreksi SPM dan SP2D pada aplikasi Monsakti,1
Spby,1
Ada SPBy menggantung di USERNAME_MASKED Lama,1
Pergantian USERNAME_MASKED Masih Aktif,1
Permasalahan Login / Lupa Password pada PBN Open,1
Pengesahan MPHLBJS Satker KPKNL Dumai,1
permohonan update data unit pada aplikasi eDJPb a.n. Andi Ramlang PL NIP NIP_MASKED,1
Pengaktifan kembali USERNAME_MASKED satker KPP Pratama Padang Sidempuan (525165),1
Permohonan Ubah Jenis Rekening ke Non-Virtual,1
"Tidak bisa validasi perintah bayar, Pagu masih tersedia",1
Permohonan Penambahan Role USERNAME_MASKED,1
Status register Hibah belum terdaftar,1
Informasi Pembukaan Rekening Pengeluaran Virtual,1
Surat Permohonan Menu Backup Data Aplikasi SAKTI Modul Aset Tetap,1
Softcopy Surat Pembayaran Tagihan Subsidi Bunga PT. BPR Bank Bantul (Perseroda).,1
salah nomor rekening,1
Perubahan Data Diri,1
Apakah saya mendapat subsidi dari pemerintah?,1
Permasalahan TUP,1
tambah satker KPPBC Purwakarta (613281) di bawah KPPN 019 (JAKARTA II),1
Perencanaan RPDH,1
Data kepesertaan BPJS ketenaga kerjaan masih aktiv,1
Hal : Permohonan Bantuan Pemerintah,1
Error Upload Tulisan di Forum Perbendaharaan,1
PERBAIKAN DATA OMSPAN SATKER 427485,1
Bukti Pungutan Pajak Hilang pada Aplikasi SAKTI Web,1
Referensi output di span,1
Permohonan Akses Aplikasi Sistem Pengadaan Secara Elektronik (SPSE) dan E- Katalog LKPP,1
Tidak bisa catat Kwitansi di SAS,1
Permasalahan ketika melakukan validasi SPBy,1
permohonan setup paygroup hibah,1
Urgent : Pembayaran Honor Pengawas Kontrak Multiyears,1
FA detil minus tapi tidak sesuai dengan realisasi,1
TAGIHAN SUBSIDI BUNGA OKTOBER,1
Perbaikan SPM/SP2D,1
Login USERNAME_MASKED Belum Ada,1
Akses Modul-Modul di aplikasi SAKTI dan Perubahan Email USERNAME_MASKED,1
token aktivasi pada hai kadaluarsa yg masuk ke email sampai sekarang belum bisa mohon bantuannya,1
Penyampaian BAV Subsidi Bulan Oktober 2020,1
Penyebab Deviasi RPD,1
Perekaman PNBP atas setoran Sisa Dana Desa dari Pemda pada Sakti KPPN,1
"Penyampaian Surat Permohonan Pembayaran Tagihan Subsidi Bunga Kredit UMKM (Non KUR) Bank Mandiri Periode Mei 2020 (Tahap 9), Juni 2020 (Tahap 8), Juli 2020 (Tahap 8), Agustus 2020 (Tahap 6), September 2020 (Tahap 5), Oktober 2020 (Tahap 3), dan November",1
perbaikan atas SPM yang diupload pada tanggal 28 Desember 2020,1
Permohonan Pembayaran Tagihan Subsidi Bunga Bulan November 2020,1
Register Hibah Jasa 2EQ23VMA blm ada di SPAN,1
Kas di Bank terhadap pencatatan modul pelaporan,1
Surat Pengesahan Hibah Langsung,1
ADK tidak dapat diteruskan sebab mengakibatkan pagu minus,1
Penutupan Kontrak tidka mengurangi Nilai Pencadangan Kontrak,1
saldo awal kas hibah rolog polda jabar,1
RETUR,1
pembayaran pajak uang makan,1
Bukti Pungut Tidak Muncul,1
Konfirmasi Penerimaan Negara,1
Akun COVID,1
opr ppk sudah menghapus SPP tp DRPP nya ga balik seprti semula (nyangkut),1
Upload dokumen pelaporan,1
Kesalahan penginputan kode sumber dana dan kategori kas pada pencatatan kas tunai,1
Permintaan identifikasi SPAN 01 Jan 2020_a,1
Restore ADK Revisi,1
Pemulihan Pagu DIPA,1
DPMDP3A,1
Masuk IP menggunakan E-mail Kemenkeu,1
Pengembalian Setoran Sisa UP/TUP,1
Data Reaktivasi IKPA yang muncul tidak sesuai dengan kondisi terkini,1
INTERNAL SERVER ERROR SAAT SIMPAN DATA PPK DI SIMASPATEN,1
Anggaran 2021 untuk belanja penanganan COVID,1
Perubahan USERNAME_MASKED Bidang PAPK Kanwil,1
bpjs kesehatan,1
Proses retur tahun 2021,1
Instal Scanner Fujitsu Fi-6140Z,1
Pengisian capaian output pada aplikasi om span,1
Tanggal di cetakan renkas tidak sesuai,1
Permohonan USERNAME_MASKED OMSPAN,1
Reaktivasi Indikator Pelaksanaan Anggaran 2020,1
Permintaan pemulihan kas,1
PETUNJUK TEKNIS PROSES PENDAFTARAN OTP DI KPPN,1
Tersendatnya proses aktifasi PIN PPSPM di localhost,1
REVISI SBSN,1
USERNAME_MASKED sakti,1
Pengesahan Hibah TAYL,1
Push E Rekon Sehubungan Perubahan Pengisian Capaian Output,1
kontrak Multiyears,1
TAGIHAN SUBSIDI BUNGA PERIODE OKTOBER 2020,1
Permasalahan ADK Transfer SAKTI,1
invalid login sijabfung,1
INPASSING JAFUNG,1
Gagal simpan SPP GUP Nihil,1
Ubah status output menjadi ditolak,1
Aplikasi GPP terpusat tidak bisa digunakan untuk registrasi operator Gaji pertama kali,1
Permohonan Perubahan USERNAME_MASKED 403519,1
BPP Tidak Dapat Merekam Uang Muka,1
Penggantian USERNAME_MASKED Untuk Kasi PDMS,1
SBM 2021,1
Permintaan Void SP2D,1
Aplikasi e-jafung,1
Terdapat Selisih Kas Bank pada saat Rekon KPPN,1
Satker 403546 KPPN WONOSARI PENGELOLA PENYALURAN DANA ALOKASI KHUSUS FISIK DAN DANA DESA sudah tutup buku namun blm terpush di eRekon&LK,1
Salah mencatat pungutan Pajak,1
Permohonan Push EREKON,1
login ke e jafung,1
Perbedaan Data E-Rekon dan LPJ,1
"Aplikasi Sprin - Setelah login fitur tidak bisa digunakan, dan keluar koneksi error",1
Lupa password Aplikasi E Jafung untuk Calon Peserta,1
Permohonan reset password digit satker,1
Permintaan Void SP2D tanggal 4 Januari 2021,1
"Permohonan ""Buka Periode Desember 2020"" Modul Aset Tetap",1
Permohonan USERNAME_MASKED Password OMSPAN Satker Sahli Kasad 685094,1
Pergantian dan Penambahan Role USERNAME_MASKED SAKTI,1
BELUM BISA LOGIN MEMAKAI USERNAME_MASKED PASWORD JAFUNG YG DIKIRIMKAN,1
SPP 311 tidak boleh melakukan ruh untuk periode 13/14,1
Permohonan RESET Pasword Digit,1
Karwas OM SPAN terkait Setoran UP di awal 2021,1
Capaian Keluaran Output Tidak Terkonfirmasi,1
Permohonan Reset Password Admin EJAFUNG MAN Kedang,1
perbedaan data pada erekon,1
Permintaan void SP2D Nihil,1
Transaksi USD tg 31 Desember 2020 belum tercatat,1
Release OMSPAN Dana Desa 2021 untuk Penyaluran Tahap I dan BLT Desa,1
Tidak bisa upload dokumen pada SIPEGIKU 2020,1
Kendala masuk ke E-Jabfung,1
USERNAME_MASKED Password Administrator Komputer yang join domain,1
saldo pajak tidak ketarik pada LPJ dan saldo kas tunai tidak sesuai,1
Permohonan layanan konsultasi SIMAK,1
Push erekon bulan Desember 2020 KPPN Malang (527432),1
Uang Duka PNS Status Tidak Kawin,1
Penambahan Kewenangan Bendahara Rekam Setoran Penerimaan Negara,1
Laporan Data PIC Jaringan Kantor Vertikal DJPb Tahun 2021 pada KPPN Marisa,1
Permasalahan pendaftaran supplier,1
Transaksi Double di modul komitmen,1
Pembatalan Persetujuan Transaksi Persediaan dan Pembukaan Periode Modul Aset Tetap,1
Permohonan Permintaan Pergantian dan Pendaftaran USERNAME_MASKED (528502),1
Satker tidak dapat mencatat kembali SPM yang telah dihapus pada SAS Modul Bendahara,1
Sertifikasi PPSPM,1
Pengajuan Permintaan Update Data Pendidikan,1
Data Pegawai Tidak Ada Pada Aplikasi GPP,1
Permohonan Penggantian USERNAME_MASKED KPPN Banjarmasin,1
persediaan sudah terekam di sakti namum SPM ditolak,1
Permohonan bantuan login Cajafung PK APBN,1
Tidak bisa membuat dispensasi UP,1
Eror proses koreksi penerimaan pada SPAN,1
Kontrak Wanprestasi 2020 Yang akan Dianggarkan dan Dibayarkan Tahun 2021,1
Data Posting Jurnal SP2D Tidak Tergena ke LRA,1
Permintaan Pembatalan SP2D (Void),1
Hapus Transaksi PNBP KPKNL Malang,1
SP3BLU dengan status refund recorded pada history invoice omspan,1
Permintaan hapus buku besar,1
Perubahan Nomor HP Pada Aktivasi PIN PPK,1
Kendala Aplikasi PINPPSPM,1
permohonan perbaikan role USERNAME_MASKED aplikasi e jafung,1
Penambahan PC ke OU KPPN,1
Capaian Outpt,1
Permohonan Pembayaran Tagihan Subsidi Bunga / Subsidi Margin Debitur PT Bank Mayapada Internasional Tbk Periode Juni - Juli 2020,1
Permohonan Pembatalan Persetujuan,1
Perbaikan data pendidikan eJafung,1
Permasalahan Rekon Gaji Induk di GPP karena adanya Anak Satker Baru,1
Penyampaian Perubahan Akun SAKTI,1
USERNAME_MASKED OMSPAN DAK Fisik dan Dana Desa untuk level Pemda pada KPPN Tapaktuan,1
Aturan RPD 2021,1
Ganti USERNAME_MASKED,1
Penarikan data realisasi anggaran kontrak akun 521112 pada OMSPAN,1
PERUBAHAN DATA PENDIDIKAN PEGAWAI,1
Terkendalanya proses rekon melalui e-rekon LK,1
Harga Satuan pada Aplikasi SAKTI tidak muncul,1
Update pendidikan terakhir calon jafung,1
Perubahan nama rekening,1
Penyampaian Formulir Penggantian USERNAME_MASKED SAKTI Satker KPPN Sungai Penuh,1
Belum mendapatkan email aktivasi USERNAME_MASKED e jafung,1
Buka Periode Aset Tetap,1
Revisi DIPA TA 2021,1
Pembatalan SO terkait BAST-40 yang ingin kami hapus,1
Tidak dapat melakukan persetujuan transaksi aset tetap,1
Permintaan pembatalan stock opname persediaan,1
Perbedaan nama Wajib Pajak pada database SAKTI dan Kantor Pusat Pajak,1
terkait belanja barang sudah ditolak bulan maret tapi di neraca akrual muncul akun belanja barang yang masih dibayar,1
Buka Buku Modul Aset dan Persediaan,1
NIP pada USERNAME_MASKED Salah,1
Pergantian USERNAME_MASKED SPRINT KPPN Ruteng,1
Penerapan OTP pada penerbitan SPM TA 2021,1
Pengelolaan Pengguna SAKTI,1
Perbedaan antara nercob kas dan akrual pada beberapa akun terkait koreksi,1
Asal Satker Pengirim dan Penerima TKTM Aset Sama (Segera),1
Permohonan Perubahan USERNAME_MASKED Satker KPPN Manado Sebagai Penyalur DAKDD (403634),1
adanya akun utang pajak bendahara yang belum disetor,1
Utang yang Belum Diterima Tagihannya pada KPKNL Singaraja,1
BA Refreshment bisa diupload di simaspaten tidak?,1
permohonan pembukaan USERNAME_MASKED satker paspampres,1
Permintaan penyamaan data pendidikan terakhir calon fungsional untuk UKom Tanggal 19 Januari 2020,1
Pengecualian dalam menyampaikan Capaian Output periode Desember 2021 lingkup KPPN Lahat,1
Tidak bisa menghapus transaksi PNBP,1
Push Capaian Output di SAKTI,1
Penggantian PC SPAN ke PC non SPAN,1
RKA 2021,1
Permasalah E-JabFUng,1
Pembatalan Perekaman Stock Opname pada SAKTI,1
Batal Approve,1
Login akun digit,1
Permohonan Penyamaan Data Satker Baru pada Aplikasi GPP,1
Permohonan push MPHL-BJS TAYL,1
aplikasi e-Jafung,1
Aplikasi SAS2021: SPP SPD tidak muncul saat akan dikoreksi,1
Konfirmasi Capaian Output Satker KPPN DAK DD,1
Permasalahan e-rekon dengan transaksi modul Pembayaran SAKTI,1
Permohonan penghapusan PNBP,1
lpj satker 642211,1
CC DJA - USERNAME_MASKED Wilayah,1
supplier tertolak,1
PERMASALAHAN TDK BELANJA PADA REKON,1
Uang transport untuk petugas pendata yang sudah mendapat honor,1
Koreksi penerimaan tahun 2020,1
"SSP, SSPB, dan SSBP pada lampiran SPM",1
: Permohonan Perubahan Password Aplikasi Online Monitoring SPAN KPPN Jayapura Selaku BUN,1
Revisi akun pada kegiatan Prioritas Nasional,1
Permohonan perubahan gelar S2 di e jafung,1
Sisa Dana PNBP Fungsional,1
GUP Nihil Atase Perindustrian,1
KIRIM DATA PADA APLIKASI E JAFUNG,1
PC Komputer SPAN PPA I Kanwil DJPb Prov. Sumsel,1
merubah tanggal laporan aset tetap,1
Penolakan Koreksi SP3B,1
Upload Dokumen LRPD Capaian Output DAK Fisik Tahun 2020,1
Nilai Piutang TGR di Modul Piutang,1
"salah rekam UP KKP, sehingga tidak bisa rekam tagihan KKP di sakti.",1
Penggantian USERNAME_MASKED SAKTI KPPN Ketapang 528082,1
Update Ralat SPM di OMspan,1
Addendum Kontrak Multiyears,1
Pertanggungjawaban pengadaan barang/jasa dibawah 10 juta,1
Pergantian USERNAME_MASKED SAKTI,1
Permohonan Perubahan USERNAME_MASKED SPAN dan SMS gateway,1
register simaspaten,1
Tindak lanjut Perubahan KPA,1
Aturan turunan PMK 190 Tahun 2012,1
SAS - Tayang Pagu tidak muncul data Pagu nya,1
Mohon di berikan solusi,1
Data E-Rekon tidak update,1
Mohon Approve Penyamaan Data TNI,1
Permohonan Penghapusan Data PPK di SAKTI,1
reset data USERNAME_MASKED Level KPA,1
TDK pada Rekonsiliasi Internal BMN satker,1
Pengajuan Perubahan USERNAME_MASKED SAKTI,1
Perubahan Uang Muka,1
Analis Pengelolaan Keuangan APBN,1
Mohon reset status kirim usulan peserta e Jafung,1
Pengusulan Peserta Seleksi Inpassing,1
Permohonan Penghapusan SPM,1
Penghapusan Pejabat SAKTI terkait Pemuktahiran,1
Tiket Peserta terlanjut tertinggal usulan,1
DAFTAR PESERTA TERTINGGAL USULAN JAFUNG KEUANGAN 419719,1
Selisih LAK dan Realisasi Hibah Uang pada OMSPAN,1
USULAN ULANG/BARU E-JAFUNG,1
Tunjangan yg diterima CPNS,1
Permasalahan di aplikasi ejafung,1
Laporan Deviasi renkas KPPN Bekasi,1
Pembukaan Akses Opr UAPPA-W,1
Akun Admin Tidak Bisa Log in Sakti dikarenakan Kata Sandi Salah,1
Permohonan buka buku periode Desember 2020,1
langkah-langkah mengunduh data OM SPAN dan unduh neraca kas kuasa BUN,1
Error approve lpj,1
Penghapusan data Pejabat,1
Permohonan MONSAKTI pada OMSPAN USERNAME_MASKED I,1
Pendaftaran refreshment PPSPM,1
tidak dapat kirim usulan data pejabat fungsional pada e-jafung,1
gaji.kemenkeu.go.id,1
Penyampaian Data Distribusi Subsidi Bunga ke Debitur,1
Laporan Penerimaan dan Pendistribusian Subsidi Bunga UMKM Tahun 2020,1
Setting Komputer SPAN,1
Laporan Pendistribusian Subsidi Bunga,1
TIDAK BISA UPLOAD LPJ,1
UPLOAD LPJ JANUARI 2021,1
proses run report USERNAME_MASKED,1
LPJ tidak dapat diapprove,1
LPJ Sakti masalah UP KKP,1
USERNAME_MASKED kppn,1
Peserta Inpassing Jabfung Keuangan yg terlanjur tertinggal usulan,1
Kode satker pada akun KPA aplikasi SPRINT salah,1
Pergantian USERNAME_MASKED pada aplikasi OM SPAN,1
permohonan akses USERNAME_MASKED atas PC KBN0203G241,1
Usul Aplikasi SAKTI dapat unduh file excel,1
Permohonan Approve ADK PGW Satker 536779 BIDKUM POLDA KALTARA,1
Permohonan Perubahan USERNAME_MASKED (PPK dan PPSPM) Satker KPPN Merauke,1
Permohonan data transaksi UP/TUP KPK di Sakti TA 2020,1
Tidak Bisa Login SPRINT dari DIGIT,1
Penambaham Modul Penganggaran di Menu SAKTI,1
adk LPJ,1
perubahan email USERNAME_MASKED,1
"Rekonsiliasi pada e-Rekon terkait Update Aplikasi SIMAK BMN, SAIBA dalam rangka Penyusunan LKKL Tahun 2020",1
Pengaktifan Akun SAKTI Satker KPPN Kuala Tungkal Penyaluran DAK Fisik dan Dana Desa 403595,1
Permohonan Pendaftaran USERNAME_MASKED Pengelola Dak Fisik dan Dana Desa,1
Kesalahan Nominal Pendapatan dan Belanja pada SP2HL,1
SAKTI : E-mail Satker Kosong untuk Kontrak,1
Menghapus data supplier di sakti,1
permohonan bantuan Upload ADK dan LPJ bulan Januari 2021 - KPKNL Tangerang II (506194),1
SAKTI OTP KPA: Data Tidak Ditemukan di Master Pejabat,1
Permohonan Reset Pasword,1
Gagal Upload ADK dan Lampiran Pdf di Aplikasi Sprint,1
Tidak bisa rekam Saldo Awal pada Aplikasi SILABI Bendahara Pengeluaran,1
pilih PPK,1
Kendala Aplikasi SPRINT,1
ADK LPJ tidak terbaca oleh KPPN,1
Data Laporan Penerimaan dan Pendistribusian Subsidi Bunga UMKM Tahun 2020 BPR Tapeunadana,1
Pembatalan Transaksi Opname Fisik persediaan dan pendetailan Pembelian persediaan,1
Alamat Kosong pada SPM,1
Staff Pengelola Keuangan,1
Pertanyaan tentang pembayaran yang belum berhasil dibayar tapi sudah dicatat,1
Permasalahan Status Pendaftaran Kontrak,1
Perubahan satker pada USERNAME_MASKED SPRINT,1
Tutup Buku Pelaporan Aplikasi SAKTI Periode Januari 2021,1
"inpassing dari S1, tapi status kenapa PKAPBN / penyelia?",1
Jurnal koreksi,1
Perlakuan Kelebihan Setor Sisa UP/TUP,1
Pengajuan SPM Uang Makan,1
Permohonan UP PNBP yang belum di tindak lanjuti KPPN 049 (Manado),1
Tidak bisa hapus gaji,1
Laporan Pendistribusian Subsidi Bunga PT. BPR Binalanggeng Mulia,1
Kontrak di tolak karena tidak mencantumkan email,1
Data Distribusi Subsidi Bunga/ Margin Ke Debitur,1
Pertanyaan teknis terkain Permintaan Rapel Tukin Satker,1
Tidak Muncul Kelompok Bayar Saat Proses SPM Reksus,1
Referensi rekening di SPRINT sudah sama tapi muncul tombol tolak,1
Tidak bisa nyimpen rekening di refrensi bendahara pada silabi/lpj,1
USERNAME_MASKED ppk lama,1
tidak bisa simpan SPP jumlah sumary berbeda,1
Perubahan USERNAME_MASKED Web Role PPK pada KPPN Rantauprapat,1
Resturkturisasi Rekening Penerimtah,1
Belanja Pemeliharaan Gedung dan Bangunan Lainnya,1
Permohonan Resset Pssword USERNAME_MASKED,1
Iput Referensi 2 Rekening yang terdetek hanya 1 Rekening pada Aplikasi SAS 2021,1
Error pada saat join domain kemenkeu,1
Kompetensi PPK,1
Permohonan Ubah Jenis Rincian Barang pada Modul Komitmen,1
Perlengkapan Berkas PKL Politeknik Negeri Medan,1
TIdak muncul menu SPM UP/TUP pada sas 2021,1
SPM di ESPM pada tanggal 4 Februari menghilang semua.,1
Mohon bantuan installer aplikasi DPP (Gaji TNI),1
Pembayaran Tunjangan Suami/Istri pada Gaji Induk,1
Tidak bisa buat ADK OTP,1
Microsoft Word Activation Failed,1
KPA tidak bisa request OTP,1
Penggantian USERNAME_MASKED eselon 1,1
Aplikasi OM SPAN,1
KKP dan persetujuan Daftar Pengeluaran Rill tdk muncul,1
Kode mata Akun anggaran untuk biaya pendaftaran pelatihan,1
mohon bantuan utk identifikasi SPAN_09 Feb 2021,1
Perubahan USERNAME_MASKED SAKTI Dak Fisik Dana Desa,1
Menu Unit Pada Modul Pegawai Aplikasi PbnOpen,1
konfirmasi OM SPAN terkait penyaluran Dana Desa,1
permohonan VOID atas SP2D SP2HL satuan kerja KPU Kab. Barru ( ?659426 ),1
Juknis Penutupan dan Pembukaan Rekening di Aplikasi SPRINT,1
Permohonan Penghapusan USERNAME_MASKED,1
Konfirmasi Capaian Output,1
pendaftaran pin ppspm satker 449916,1
Pemuatan SPP Uang Makan muncul lam.nilai 0,1
Permintaan perubahan USERNAME_MASKED,1
Error penarikan data lampiran LK UAKBUN-Daerah,1
Gaji Induk KPPN terpusat,1
Gagal Rekonsiliasi LPJ Bendahara Pengeluaran Bulan Januari satker 400768,1
minta tolong buka aset,1
Tanya Admin Portal SAKTI,1
Pembelian kursi,1
Registrasi USERNAME_MASKED GPP,1
Urgent,1
Permohonan Perubahan USERNAME_MASKED 560820 KPP Pratama Binjai,1
Kesalahan input data KPPN,1
Referensi Satker Aplikasi GPP Terpusat,1
Pemantauan IKPA Satker DIPA program AHU,1
Tidak bisa buka buku pada aplikasi SAKTI.,1
Perubahan Jadwal PPR,1
LPJ DAN MONITORING REKENING PENGELUARAN,1
Persetujuan penyamaan data Satker Kodim Serang 685051,1
Perubahan Nomenklatur Satker BA 056 Kementerian ATR/BPN,1
RESET BAR,1
Juknis PC SPAN ke NON SPAN,1
Tidak bisa akses spanint.kemenkeu.go.id,1
Kelengkapan pembayaran Tunggakan TA 2020,1
Permintaan Penjelasan Re: Penting : Tiket 20210210-SAD4CZ akan ditutup,1
Internal server error saat upload adk di erekon,1
Alamat Email Kanwil DKI Jakarta Jl. Otista,1
Transport Narasuber Kegiatan,1
PAGU MINUS MTsN 12 JOMBANG (598550),1
Terkait Nilai buku minus pada aplikasi e-rekon,1
Penolakan SPM atas SBSN,1
Cara merubah atau menambah USERNAME_MASKED SAKTI,1
terkait koreksi penerimaan negara,1
Permasalahan SPMKP tidak bisa di rekam,1
saldo tidak normal akumulasi penyusutan jalan dan jembatan bersaldo debet,1
pengajuan USERNAME_MASKED KPPN Digipay 002 008 009,1
Penambahan Referensi Satker Kemendikbud,1
Pertanyaan Mengenai Data pada e-DJPb,1
Koreksi SPM GUP Tahun 2020,1
Tidak bisa registrasi level KPA satker Kemenag Prov. Sulawsi Tenggara,1
Ubah tanggal laporan BMN Es1 pada Modul MAT,1
akun covid untuk swab antigen/pcr perjalanan dinas,1
Tidak Dapat Melakukan Pencadangan Dana Data Kontrak Sumber Dana SBSN (SPAN),1
GTK,1
tidak bisa input usulan UP,1
Re-set pasword email sakti.mail,1
Perubahan USERNAME_MASKED PPK Satker Atase Keuangan,1
USERNAME_MASKED KPPN BOJONEGORO HILANG/TERHAPUS,1
Permintaan buka periode aplikasi sakti periode Januari 2021 pada KPPN Meulaboh,1
Perhitungan IKPA dalam Perbaikan Tanggal Revisi DIPA,1
Pertanyaan Mengenai Potongan Pajak PPNPN dalam Aplikasi SAS,1
SAS : Tidak bisa rekam nomor KKP,1
Perubahan Kode KPPN USERNAME_MASKED KPA,1
PERUBAHAN USERNAME_MASKED KPA (SATKER 411837),1
Informasi mengenai IKPA/Hal III DIPA,1
Akun terkait biaya iklan lelang BMN,1
Input Referensi Kegiatan pada OMSPAN,1
mohon batal transaksi satker 635155,1
PENGHAPUSAN DATA BI CHECKING,1
Penolakan gaji 13 susulan,1
Data saya di SIKP ada pinjaman,1
Permintaan buka modul GLP dan Aset tetap periode 12,1
Tidak dapat mencatat SPP,1
Sisa Dana DAK Fisik tahun-tahun sebelumnya,1
USERNAME_MASKED password level unit utk akses saktihilang,1
Rekam Supplier pada Aplikasi SAKTI,1
"Permintaan Penjelasan Re: Feedback terkait tiket ""BAST tidak muncul ketika rekam SPP""",1
Pendaftaran OTP SAKTI KPP Perusahaan Masuk Bursa,1
Tindak Lanjut Merger Bank Syariah Indonesia,1
Kedaluwarsa Tagihan,1
Permintaan Perubahan Data USERNAME_MASKED,1
Menu Pembagian PUM pada silabi error,1
Pembayaran Kekurangan Tunjangan,1
Pendaftaran OTP Sakti,1
Perbaikan Rekening Pegawai Penerima Tukin dan Uang Makan,1
push data bulan Desember 2020 satuan kerja GKN Singaraja (560813),1
Permintaan pengaktifan USERNAME_MASKED,1
"Tolakan kontrak ""ADK Sudah Tidak Asli""",1
Tidak bisa rekam COA Pengeluaran,1
SMS OTP tidak diterima USERNAME_MASKED,1
"status SP2D Insufficient Balance,null SKN",1
Perhitungan Deviasi KPPN pada Modul Renkas Aplikasi OMSPAN,1
tidak bisa merekam USERNAME_MASKED setelah pemutakhiran data,1
Dasar Hukum SWAB ANtigen Perjalanan Dinas,1
Konversi ADK Kontrak gagal Pencadangan,1
penonaktifan USERNAME_MASKED Bendahara,1
RPD untuk Aplikasi SAKTI,1
Error Pada Saat Penyimpanan ADK capaian output (.txt) pada sas,1
Tiket Hai CSO,1
Tidak bisa hapus data pejabat,1
Revisi usulan belum update,1
Kolom Akun pengeluaran terkunci saat membuat SPP PPNPN,1
Masalah Perubahan Data Kontrak,1
tidak bisa merekam anak satker pada USERNAME_MASKED kppn SPRINT,1
Tidak bisa terima adk PPNPN Satker Sakti,1
Jafung APKAPBN,1
Permasalahan Pendaftaran Addendum Kontrak,1
Permintaan password lokal KBN2400G335,1
Permohonan Pembukaan Kembali Buku Aset Tetap dan Persediaan bulan Januari 2021 KPP Pratama Jakarta Gambir Satu 561431,1
cara buat mapping operator dan PPK,1
Kesalahan Perekaman Kode Kanwil pada Aplikasi SPRINT Satker 648680),1
Perubahan USERNAME_MASKED DAK DD,1
Kode Akun Belanja Rapid Tes/SWAB/Antigen dalam rangka melakukan perjalanan dinas,1
Data Akun Pengelola Aplikasi SAKTI,1
Pembuatan USERNAME_MASKED di Aplikasi SAKTI,1
"Upload ADK Satker 465992 ke CW SPAN Masih ""Nyangkut""",1
Rekening Suplier Tipe 7,1
Sudah 3 hari tidak bisa login ke EDJPB untuk absen,1
Pendaftaran email sakti,1
Berkas Sprint Tidak dapat di simpan atau di download,1
Perjadin ajudan,1
Gangguan Infrastruktur Kelistrikan,1
reset passwor email sakti,1
EROR Aplikasi SAS 21.0.5 different Version Foxpro,1
Direktur utama,1
leraning Bendahara Nasional Sertifiksasi,1
Lowongan Kerja Magang untuk Mahasiswa,1
Permohonan File RBT SPAN KPPN,1
Informasi status pembayaran SPMKP,1
Tidak bisa validasi SPM pada SAKTI 2,1
"Kode MAP atas setoran Taspen 3,25% (JHT) bagi Pegawai Pemerintah dengan Perjanjian Kerja /PPPK",1
Terkait pemnuatan SPP uang makan dan uang lembur,1
Tidak Dapat Melakukan Maping Operator pada Aplikasi Sakti,1
SKPP untuk pegawai pensiun yang meninggal,1
registrasi akun digit,1
Pelaporan Saldo Rekening Pada Vitual Account,1
Error saat proses hapus gaji di aplikasi Gaji KPPN,1
Ketentuan cap dinas Surat Perjalanan Dinas,1
Nilai Kode Billing Tidak Sesuai Seharusnya,1
Kontak KPPN Jakarta II,1
Kegiatan internal,1
Tidak bisa mengajukan KUR,1
PEMBUATAN EMAIL SAKTI UNTUK SATKER,1
Data Akun double di OmSpan,1
"Installer aplikasi saiba, simak bmn dna persediaan, sas",1
Akun Kemenkeu PIC TIK Kanwil DJPb Provinsi NTT,1
tidak bisa login pc non span,1
Bank Pembayar untuk Rekening BPG,1
"Permohonan Pergantian USERNAME_MASKED pada KPKNL Banda Aceh, 537827",1
Register SBSN Satker 664111,1
Penggantian admuser_497587 dan apruser_497587,1
Honor Dokter untuk vaksin,1
Retur transasksi bendahara pada CMS,1
Perubahan Akun Pada Data Kontrak,1
Data ADK LPJ Bendahara Terkait Transaksi Kartu Kredit Pemerintah Tidak Sinkron Antara SAKTI dan Sprint,1
Masalah Aplikasi SPRINT.,1
Pertanyaan Seputar Pembayaran PNBP Double,1
Rekon kekurangan gaji Tertolak,1
Penghentian penggunaan barang hilang di SAKTI,1
Selisih Saldo BKU pada Satker SAKTI,1
PEMBETULAN SALDO AWAL LPJ BPP,1
Permohonan Menambah Fitur/Satker USERNAME_MASKED NIP_MASKED,1
Permintaan pengalihan USERNAME_MASKED KPPN Tual kepada KPPN Saumlaki,1
Cetak SPP tidak muncul PPK yang akan ditunjuk,1
perubahan nomenklatur satker BA 068,1
Uang SP2D belum masuk ke rekening VA,1
Permohonan perbaikan password USERNAME_MASKED,1
Pendaftaran Akun Digit Untuk Login Aplikasi SPRINT,1
Permohonan USERNAME_MASKED untuk KPA,1
Penghapusan PMRT,1
Tidak bisa mengajukan KUR (Bank Mandiri Cabang Purwodadi Diponegoro),1
Tidak ada kolom isian 'mata uang' pada menu pencatatan/penerimaan barang dan jasa KKP,1
Daftar kontrak dengan rekening dan npwp orang pribadi,1
"Permintaan USERNAME_MASKED kppn dumai untuk aplikasi digipay/marketplace bank mandiri, bri, dan bni",1
BUMDes,1
Kendala saat perekaman SPP GUP,1
Aduan,1
permintaan NTPN,1
OMPSAN tidak bisa dibuka,1
OM SPAN Error,1
Permintaan Password Admin Lokal PC SPAN,1
Gagal SIMPAN BAST Kontrak menggunakan VALAS USD.,1
Gagal Pembuatan SPP Uang Makan,1
Perubahan USERNAME_MASKED KPKNL Dumai,1
terima penyamaan data satker gaji baru PNS,1
Perubahan Operator SAKTI khusus PPK dan PPSPM,1
LPJ Bendahara Pebgeluaran,1
Data rekening di aplikasi SPRINT hilang,1
Pengisian Data Capaian Output di aplikasi SAS,1
Usulan SPM kekurangan TUKIN,1
Gagal Absen edjpb,1
Pendaftaran User - OMSPAN,1
lupa password aplikasi sprint,1
lupa pasword,1
Kendala LPJ dan Hapus Perintah Bayar,1
Kendala input kontrak pada dak fisik 2021,1
Validasi Gagal,1
Koreksi SPM dari 1 output menjadi 2 output,1
Rekon gaji satker 655277,1
Pendaftaran USERNAME_MASKED of Trainer SAKTI,1
Terima kasih RE: Data PFK Salah Jendok,1
Cuti diluar Tanggungan Negara,1
SIKP: Pinjaman belum lunas,1
pengaktifan USERNAME_MASKED Level KPA,1
"Terdapat notifikasi ""Nilai Summary Gaji Bersih tidak sama dengan Nilai SPM LAM di Komitmen""",1
Perlakuan atas rekening bendahara penerimaan,1
Terima kasih Re: Penting : Tiket 20201204-H8BI5J akan ditutup,1
Pencatatan Retur SP2D di LPJ Pengeluaran SILABI,1
{URGENT} VIRUS di komputer kepala kantor,1
input Dana Desa,1
Auto Reply,1
gagal upload adk UL,1
Permintaan USERNAME_MASKED SAKTI untuk Satker BA BUN 999.02 LDKPI,1
PPK Konsolidator Gagal Upload Caput pada SAS 2021 versi 21.0.6,1
Supplier,1
Reaktivasi Data GPP KPPN Satker Likuidasi,1
426421_KENDALA Tidak muncul output bulanan,1
Aktivasi,1
Screenshot_2021-03-12-09-49-57-053_com.whatsapp.png,1
Realisasi di OM SPAN berbeda,1
pengembalian kelebihan setoran belanja pegawai,1
Surat Ditjen APK,1
Permohonan Tambahan Jenis Laporan di Monsakti,1
Error terima ADK konsolidasi Caput,1
Supplier tidak ditemukan,1
Bantuan Approve Kontrak,1
Pendaftaran OU KPPN Baturaja,1
Perubahan USERNAME_MASKED SAKTi,1
Penyampaian Surat Keputusan Trainer SAKTI KPPN Surakarta Tahun 2021,1
Pelaporan sikp,1
Pagu Revisi yang tidak terbaca dam Mengurangi Pagu pada menu Capaian Output,1
Perubahan USERNAME_MASKED dan penonaktifan USERNAME_MASKED,1
Pendaftran kontrak tidak masuk ke USERNAME_MASKED Kasi,1
Perubahan Nomor Telepon Pengguna SAKTI KPPN Sekayu dan KPPN DAK Fisik dan Dana Desa Sekayu,1
Permasalahan pembuatan SPM Uang Makan,1
mohon bantuan utk memberikan /identifikasi SPAN,1
Permohonan Pembuatan USERNAME_MASKED Password Aplikasi OM SPAN,1
DATA SAKTI,1
juknis perubahan data supplier dana desa,1
REVISI NO HP USERNAME_MASKED,1
Kapitalisasi,1
Error System,1
"Tidak Bisa Login App Sprint, tampilan di layar USERNAME_MASKED Aktif Silahkan Hubungi Administrator untuk Penagktifan",1
Sentralisasi Gaji Tahap 1 Lingkup DJBC,1
Bendaha Pengeluaran Baru,1
Perekaman Data Kontrak,1
Update Windows 10 pada PC Join Domain,1
Status Upload LPJ Satker pada Aplikasi SPRINT,1
Perubahan USERNAME_MASKED Satker,1
Permohonan reset password OM SPAN,1
Rekonsiliasi Gaji Induk,1
Pemberitahuan penonaktivan PC SPAN sehubungan dengan adanya penambahan daya listrik,1
Kertas Kerja Excel,1
Bagaimana cara input perubahan harga perolehan barang hasil penilaian ulang harga tanah dari KPKNL pada aplikasi SAKTI,1
"Telusur Saldo Kredit pada Akun Belanja Jasa (522131. 522151, 522191)",1
Kertas Kerja Capaian Output di OMSPAN tidak bisa muncul,1
NIP_MASKED,1
ADK Caput konsolidator tidak valid,1
Pelaporan data capaian output DIPA tahun 2021,1
Kendala Kertas Kerja Capaian Output Satker 466272,1
USERNAME_MASKED password e-rekon satker kodim 0501/jakarta pusat (685079),1
Penghapusan ADK PMRT KPPN Jakarta V per 21 Maret 2021,1
Permasalahan Input Data Kontrak DAK Fisik,1
Edit Nomor Rekening yg sudah ditutup,1
Aplikasi OM-SPAN - MONEVPA,1
Hapus USERNAME_MASKED,1
Error aplikasi SAS,1
USERNAME_MASKED Password Sprint Kemenkeu level KPA,1
Bantuan subsidi bunga dari pemerintah,1
Mohon solusi dan jawaban,1
Permohonan Reset USERNAME_MASKED,1
Data capaian Output Januari tidak muncul,1
terkait SPMKP,1
Pendaftaran USERNAME_MASKED Omspan tingkat Satuan Kerja,1
Gagal Validasi Aset yang dihentikan dari penggunaan,1
Login USERNAME_MASKED,1
tidak bisa catat kode barang persediaan di modul komitmen,1
Terdapat 1 PPNPN tak terbaca ADK nya saat upload SAKTI,1
Pertanyaan Terkait Subsidi Bunga,1
Permintaan Penghapusan PMRT KPPN Sumbawa Besar Per 23 Maret 2021,1
Nama Bendahara Pada SPBY Kembali ke Bendahara Lama,1
Perubahan data USERNAME_MASKED,1
Tidak Bisa Konfirmasi Penerimaan Negara Tahun 2020 di Aplikasi OMSPAN,1
panduan menambah data pegawai ke supplier pegawai di SAKTI,1
Konsep Surat Persetujuan Penggunaan PNBP Bidang Pendidikan TAYL yang merupakan Pendapatan Uang Pendidikan untuk Membiayai Kegiatan di TAB,1
Permohonan Bantuan terkait Aplikasi SILAP,1
Lupa password lokal komputer SPAN,1
Pergabtian USERNAME_MASKED,1
Komputer Muncul Proses Windows Installer,1
Kegiatan dilakukan sebelum revisi DIPA BA BUN Turun,1
Tidak bisa download ADK Realisasi dan DIPA di OM SPAN Level Eselon I,1
SP2D Retur,1
Session login inaktif,1
Surat Tugas Narasumber,1
Mengapa kami tidak bisa upload capaian output?,1
Selamat Malam Prihal Subsidi Margin KPR,1
Pembayaran Iuran BPJS Ketenagakerjaan Bagi PPNPN,1
Informasi Subsidi Bunga dari Bank BTN,1
Laporan capaian output satker BLU,1
Kerjaan belom kondusif,1
Kendala Penginputan Capaian Output PPK Konsolidator,1
subsidi bunga,1
PPK Konsolidator tidak dapat meload Satker,1
subsidi KPR,1
Cek subsidi,1
Bantuan subsidi kpr,1
Dashboard MPN G3,1
Pembuatan lembur PPNPN pada SAS,1
Pemberian subsidi bunga atau margin,1
Permintaan data/daftar penerimaan (form A3) setoran tahun 2019,1
Pengaktifan USERNAME_MASKED Baru Aplikasi Gaji KPPN Terpusat,1
Pemegang USERNAME_MASKED,1
Pergantian Approval Sprint,1
Perubahan data supplier,1
USERNAME_MASKED TIDAK AKTIF,1
Subsidi bunga / margin,1
Input data Capaian Output,1
Tidak bisa input daftar kontrak,1
Konfirmasi Capaian Output bulan Januari,1
Permohonan Broadcast HAITALK episode 2,1
Pendaftaran supplier baru di SPAN,1
Kesalahan pembyaran pnpb pada tokopedia,1
Error Aplikasi GPP,1
Rekam akun 311911,1
Petunjuk Teknis Full Modul Sakti,1
Pengajuan SPM 2021,1
Perekaman SPM Uang Muka,1
Tes Tiket Tiara - Aan,1
Error Monitoring Data LPJ SPRINT,1
Laporan Deviasi KPPN pada OMSPAN,1
SK Penunjukan Trainer SAKTI dan Formulir Pengguna SAKTI,1
Konfirmasi Realisasi Pendapatan Satker LPDP (691117) di SPAN,1
Tertanggung BPJS atas potongan di GPP,1
Kendala pembayaran kekurangan gaji,1
Mohon bantuan untuk pembatalan ajuan simas paten,1
Data IKPA Januari-Maret 2021,1
Pembayaran Honor SPM LS ke Pegawai Satker Lain,1
Kehadiran di EDJPb,1
Jangka waktu subsidi bunga/margin,1
Aplikasi Sakti tgl 1-2 April 2021,1
Aplikasi sakti.kemenkeu.go.id ERROR,1
Subsidi KPR,1
pengguna USERNAME_MASKED satker 403865 (urgent!!!),1
Daftar USERNAME_MASKED,1
Permohonan Penggantian USERNAME_MASKED GPP KPPN Pangkalan Bun,1
Permohonan update referensi satker pada aplikasi SIMASPATEN DAN E JAFUNG satker baru lingkup KPPN Bandung II,1
Simaspaten: masalah ppk yg ditolak,1
Tolong di Bantu,1
Analis APKAPBN,1
Analis Anggaran,1
Juknis Pembuatan MPHL BJS pada Aplikasi SAKTI,1
Pembayaran Peninjauan Masa Kerja,1
Pencatatan Transaksi BMN pada Modul Aset Tetap - Aplikasi SAKTI,1
Penghapusan ADK PMRT KPPN Jakarta V per 5 April 2021,1
Kemenkeu,1
Pengembalian Belanja,1
konfirmasi penerimaan tidak ada,1
photo,1
Penolakan SPM kekurangan gaji,1
Terdokumentasi Ganda di Karwas,1
"Permintaan panduan pencatatan kontrak dengan Uang Muka, Jaminan, dan termin",1
Tolakan SPM LS Banyak Penerima,1
Kertas Kerja Capaian Output Maret,1
Mau menanyakan tentang user,1
lpj error,1
lupa password USERNAME_MASKED pada aplikasi Sprint,1
"Modul Pembayaran, kesalahan supplier",1
Supplier dana desa di sakti tiba-tiba hilang,1
Bantuan subsidi bunga kpr BTN SYARIAH,1
pendaftaran cv,1
Penghapusan kode satker dari monev PA/OM SPAN (IKPA),1
Trs: B.0161 (Permohonan Laporan Realisasi Anggaran Program Pemulihan Ekonomi Melalui OM SPAN),1
Hapus USERNAME_MASKED dan Permohan Perubahan Nomor Rekening satker,1
SK Trainer SAKTI KPPN Jakarta III,1
Permohonan perbaikan password SPRINT,1
Kelompok Bayar tidak muncul saat validasi di seksi Pencairan Dana,1
Subsidi bunga yang diberikan,1
Tidak Bisa Menghapus ADK GPP yang telah diupload di Sakti,1
Inkonsistensi KRO pada Capaian Output,1
sistem pengelolaan rekening terintegrasi,1
SIKP masih terdaftar di bank lain,1
Restore DIPA Awal pada Aplikasi SAS,1
Penyampaian SK Trainer SAKTI KPPN Ruteng,1
selisih di LPJ/ silabi,1
Informasi Magang,1
Sewa Kendaraan Perjalanan Dinas,1
Gagal unduh data SPM di ESPM,1
Salah rekam user/nip pada simaspaten,1
Permohonan Pergantian Nomor Rekening VA pada Aplikasi SPRINT,1
Subsidi bunga atau subsidi margin,1
Permohonan Pembatalan Kontrak Asuransi BMN 2021,1
Tidak mendapatkan potongan subsidi KPR BTN di perumahan Daru estate Tangerang,1
Tidak bisa login ke aplikasi SAKTI,1
Permintaan Perdirjen Perbendaharaan No 26/PB/2020,1
Permohonan Approve Pergantian USERNAME_MASKED Web,1
Permohonan Perubahan Data Pengguna HAI-CSO KPPN Manado,1
Sertifikat Pelatihan,1
Salah Tahun Lahir Anak sebagai Tanggungan,1
Salah Input Besaran Pungutan Pajak PPh 22 di SAKTI,1
Permohonan Fasilitasi Penerbitan Exit Permit dan Perpanjangan Paspor Dinas PegawaiTugas Belajar Luar Negeri atas nama Randi Hermawan,1
batasan belanja nilai kapitalisasi akun 521233,1
salah satu nama suplier Dana BOS berbeda,1
Format SK Sakti untuk Jabatan Funsional Keuangan,1
tidak bisa menyimpan SPP,1
Permohonan Perubahan USERNAME_MASKED Password Aplikasi OMSPAN,1
PEMBAYARAN HONOR PPK,1
Eror Perekaman BAST UP pada SAKTI,1
Perubahan PPSPM,1
Permasalahan pembuatan SPP,1
Permohonan Pengecekan Data SPRINT yang kurang sesuai,1
Akun untuk SP4HL,1
Satker 410000 Tidak Dapat Menyimpan Pejabat BPP,1
USERNAME_MASKED Password Simaspaten,1
Permohonan Buka Periode 12 (Desember) TA 2020 aplikasi SAKTI,1
Pendaftaran USERNAME_MASKED 2021,1
Cetakan Tanggal pada Menu Laporan Modul Aset tidak sesuai,1
Tidak bisa melakukan konfigurasi segmen COA,1
Whatsapp Pusat Layanan DJA - Status pada monitoring revisi pada aplikasi satu DJA,1
Sprint,1
Prosedur penonaktifan USERNAME_MASKED,1
aktivasi USERNAME_MASKED SIMASPATEN,1
Pembatalan Penghapusan BMN TA 2020,1
mohon bantuan untuk penghapusan data pada Aplikasi Sakti Renkas PPDH Satker 689341,1
Tidak dapat merekam Pejabat (Bendahara Penerimaan) pada Aplikasi SAKTI,1
Kendala cetak SPP pada Sakti,1
Perubahan USERNAME_MASKED pada Aplikasi SAKTI,1
Penyamaan Data Satker Baru,1
minta reset COA,1
"form pajabat manual, pengajuan 2 (dua) USERNAME_MASKED PPK",1
Menghapus FA Detail(16 Segmen),1
Pemberitahuan USERNAME_MASKED Password CMS Reksus pada bank umum,1
SPP Gaji Mei 2021 tidak berhasil rekam,1
Permohonan Penyesuaian Data Deviasi pada OMSPAN,1
IKU Petugas Konversi FO PDMS tentang Persentase SPM Satker yang dikonversi secara akurat,1
Subsidi margin/bunga,1
transaksi menyangkut di PPK yang sudah tidak aktif,1
Jumlah satker pada rekap capaian output berkurang,1
tidak bisa kirim PPDH (SAS),1
Pembukaan Periode Maret Capaian Output di Om Span,1
Kelompok pengguna pada aplikasi sakti,1
Mendapatkan potongan bunga bank btn,1
UMKM subsidi bunga margin,1
Permohonan Penggantian USERNAME_MASKED Satker KPPBC TMP C Manado (411300) Sangat Segera,1
Permohonan USERNAME_MASKED Jafung PTPN Terampil,1
Permohonan Solusi terkait masalah Jaringan Intranet Tidak Terhubung,1
Revisi lokasi satker,1
Pengajuan SP4HL ke KPPN (Pengembalian Sisa Hibah Uang TAYL),1
Rekon sisa dana desa,1
Permintaan Pengahapusan Invoice pada SPAN dan Penghapusan Gaji pada Aplikasi GPP,1
Harap validasi email Anda,1
ujian sertifikasi bendahara,1
solusi terkait permintaan reset password USERNAME_MASKED pada aplikasi SPRINT,1
Perbaikan Dokumen Lampiran Perubahan USERNAME_MASKED,1
nama pejabat PPK belum muncul di menu renkas,1
PERATURAN DIREKTUR JENDERAL PERBENDAHARAAN NOMOR PER-16/PB/2020,1
COMMERCIAL:Indexed Journal,1
Perubahan status rumah negara menjadi rumah jabatan,1
akses komputer spandev,1
SPM kontraktual jendok PMRT nya 07 (bukan 81),1
Kendala setting awal aplikasi SAS,1
koreksi uraian SPM terkait penyelesaian tagihan,1
Penanggalan SPP/SPM PPNPN,1
Pembatalan/Void SP2D,1
error saat daftar email SAKTI,1
Permohonan Penonaktifan Supplier Dana Desa (Desa Saloya),1
Konsultasi terkait Marketplace (Digipay008),1
"assalamualaikum, saya Farida Irmayanti peserta diklat PPAKP Tahun 2010, yang dilaksanakan di Surabaya , sampai saat ini belum menerima ijasah PPAKP yang katanya sudah dikirim melalui KL Masing Masing",1
Jasa Giro Rekening Pemerintah,1
Push data E-rekon untuk LK Audited,1
Kendala pada saat Join Domain,1
Pendaftaran Kontrak Konsultan Perencana menggunakan akun belanja barang,1
SPBy dan SPM di hari libur,1
GPP Nyangkut pengujian gaji,1
Permasalahan SPMKP,1
Batas jumlah rekening supplier tipe 6 SAKTI,1
EROR PEMBUATAN SPMKP,1
Paygroup pembayaran Reksus SBSN DJ Sumber Daya Iptek dan Dikti,1
Sisa DAK Fisik,1
tidak bisa login digit,1
Konversi Ulang Data UP KKP yang diajukan kembali,1
Permohonan Email Sakti,1
Aplikasi OM-SPAN,1
E-rekon dan SAKTI,1
PERMOHONAN TAMBAH ROLE USERNAME_MASKED RANGKAP PPK (431431),1
Posting SPAN belum selesai,1
Tidak bisa mengganti email di Digit menjadi email kedinasan,1
Permintaan Broadcast Perpanjangan Maintenance SAKTI,1
"Aplikasi SAS, SAIBA, SIMAK",1
RESET PASSWORD USERNAME_MASKED KPA SATKER,1
Deviasi Renkas KPPN,1
satker Puspalad (344516),1
Realisasi penyerapan pada menu Realisasi Kinerja satker berbeda dengan realisasi pada bendahara,1
Permintaan Pemutakhiran Data Hibah,1
Perubahan data supplier yang terdaftar pada KPPN lain,1
PPSPM CPNS,1
USERNAME_MASKED simaspaten KPPN Tanjungbalai tidak dapat rekam admin satker,1
Aplikasi Konversi,1
Pengajuan SKPP Pensiun pegawai yg Diperbantukan di Perum,1
SAKTI: Sudah Pernah Dibuatkan SPM Sebelumnya,1
Permohonan Pendaftaran Email Sakti,1
open periode penginputan capaian output satker sakti,1
Permintaan Perubahan USERNAME_MASKED Data Referensi dan Pengguna Sistem pada Aplikasi OMSPAN,1
Penerbitan SKTB,1
SPMKP Salah dihitung ke dalam komponen penilaian IKPA,1
Perubahan USERNAME_MASKED role Bendahara Penerima,1
Komputer Non SPAN tidak bisa buka Omspan dan eDJPb,1
Pendaftaran Uer SAKTI,1
USERNAME_MASKED sama dengan USERNAME_MASKED,1
Permintaan Penghapusan Gaji Desember 2020 pada Aplikasi GPP KPPN Larantuka,1
PERMOHONAN TAMBAH ROLE USERNAME_MASKED RANGKAP KPA (431447),1
PC SPAN tidak dapat mengakses ftp,1
Push data manual aplikasi SAKTI ke aplikasi erekon,1
SPM THR,1
Permasalahan Update SAS 21.0.9 THR PPNPN,1
Supplier BPD Sumut dan BPD Sumut Syariah,1
THR Pegawai Pindah Gaji Mei Sudah DIbayarkan di Kantor Lama,1
ADK SPM Sakti tidak muncul di Monitoring ADK Sakti dan di Portal Sakti,1
SPMKP Ditolak,1
Permintaan Identifikasi SPAN 29 April 2021,1
Permintaan Data Pertanyaan Jawaban HAI DJPb Terkait THR 2020,1
Status Periode Upload Data Caput Closed,1
Rekonsiliasi Rekening,1
Perbedaan nilai pada cetakan SPHL dengan SP2HL,1
Perbaikan detail COA,1
jaminan pemilharaan tidak muncul di karwas,1
Pengajuan THR PPNPN Tahun 2021,1
SPP Nyangkut 637194,1
Ketentuan Uraian SP4HL,1
USERNAME_MASKED KPA merangkap PPK 401375 & 401376,1
Pengajuan SPM THR TA 2021 untuk pegawai Non PPNPN Satker KPU Provinsi Jawa Timur,1
PERTANYAAN SEKITAR SERTIFIKASI BENDAHARA,1
"Adanya Merger Bank BNI,BRI, Mandiri Syariah Menjadi Bank Syariah Indonesia (BSI)",1
Pendaftaran USERNAME_MASKED PPK yang dirangkap KPA satker 423362,1
Tidak bisa approve persediaan pada aplikasi SAKTI,1
Penolakan supplier,1
Capaian Output belum terupload pada OMSPAN,1
Pendaftaran akun digit error muncul warning object obect,1
Juyar,1
Kendala Proses Resume Tagihan,1
Pembayaran THR Tahun 2021,1
pengecekan penerimaan subsidi bunga/margin program Pemulihan Ekonomi Nasional.,1
UPDATE SAS. 21.0.9,1
TIDAK DAPAT IMPOR ADK GPP TERPUSAT,1
Permasalahan Proses Import GPP Terpusat,1
Pembayaran THR dan THR Keagamaan,1
Rekon nyangkut satker 622633,1
Validasi Import GPP Data Kosong,1
Capaian Output Satker SAKTI belum masuk OMSPAN,1
Notifikasi SMS dari SAKTI-SPAN,1
Juknis THR Bagi Pegawai Pindah Baru,1
data capaian output SAKTI gak terkirim ke OMSPAN,1
Gaji 13 Pegawai Pensiun TMT 1 Mei,1
Permasalahan Gaji THR,1
Nonaktifkan pegawai di MO SPAN muncul duplikasi,1
Dispensasi RPD karena Pencairan THR,1
Silpa DAK T.A 2020,1
Tidak Bisa Mengganti data foto di akun DIGIT,1
Permintaan USERNAME_MASKED KaKanwil Maluku,1
Upload MPHL BJS TAYL di SPAN,1
RVRO dan PCRO yg kami input tidak terkonfirmasi,1
Portalsakti,1
Pendaftaran USERNAME_MASKED untuk simaspaten,1
GAGAL UPLOAD LPJ BENDAHARA,1
Aplikasi GPP KPPN Terpusat,1
Kekurangan Tunjangan Fungsional PTPN,1
Permintaan Penghapusan PMRT,1
Aplikasi E-SPM,1
SPM Kekurangan Gaji THR dan Pokok,1
Pengajuan SPM THR menggunakan Jenis SPM 04,1
Gagal upload adk LPJ Sakti ke Sprint,1
Penyesuaian saldo awal hibah 2021,1
Lupa Password email kedinasan SAKTI,1
SP2D THR belum masuk rekening pegawai,1
Permintaan Penghapusan ADK PMRT KPPN Bandung II Periode bulan April 2021,1
Data di LPJ Bendahara tidak sesuai,1
revisi anggaran,1
Nomor Gaji Sudah di Rekon di KPPN Tetapi Tidak Muncul,1
Kami menemukan tidak terbacanya Pengesahan Belanja Pada LRA periode Maret 2020 di SAKTI,1
"Saat isi realisasi kinerja satker pada SAKTI, realisasi anggaran lebih besar pada pagu",1
Permintaan Pembuatan USERNAME_MASKED SAKTI untuk BA BUN 999204 DJPK,1
SKP PPK dan PPSPM,1
SAS BACKUP/RESTORE LPJ EROR,1
Permintaan Pembuatan USERNAME_MASKED SAKTI untuk BA BUN 999704 DJPK,1
Capaian Output Tidak Terkonfirmasi,1
Pendaftaran USERNAME_MASKED role KPA dan PPK rangkap,1
ERROR POST ke aplikasi SPRINT dari Aplikasi Silabi (406055) LAPAS KELAS IIA BUKITTINGGI,1
Permintaan Pembuatan USERNAME_MASKED SAKTI untuk BA BUN 999302 DJPK,1
upload capaian output pada OMSPAN,1
THR Pegawai Pindahan dari Pemda,1
Billing id tidak terbayar,1
THR GAJI,1
Tidak Dapat Upload ke Erekon,1
Realisasi Kinerja Satker,1
Permintaan Push Manual Capaian output satker,1
Perbedaan realisasi anggaran di sakti dan span,1
SPM tidak dapat diproses,1
SAKTI - Permohonan Penambahan Kewenangan USERNAME_MASKED Satker 574441,1
Email Sakti,1
Pengembalian Sisa Hibah Uang,1
Tidak dapat login ke digit,1
Bendahara Pengeluaran rangkap Bendahar Penerimaan,1
CC DJA - Kredit Usaha Rakyat,1
URGENT : Request OTP email hanya loading saja,1
Data Capaian Output Realisasi Kinerja Satker pada SAKTI tidak terkirim ke OM SPAN/Monev PA,1
Konfirmasi IKPA Deviasi halaman 3 dipa dan realisasi capaian output,1
ket_validasi_48ead86bfa224e2b26c43392153fca62.pdf,1
Kesalahan Data Realisasi Bulanan pada Aplikasi SAKTI,1
Tidak bisa akses digit.kemenkeu.go.id,1
permohonan pemutahiran data KPA Sakti,1
Pendaftaran USERNAME_MASKED PPK dirangkap KPA,1
KGB terlambat 1 tahun,1
Pembayaran THR PPNPN,1
Mengubah email pada akun digit kemenkeu,1
Pembayaran Tunjangan Fungsional,1
Admin Satker SIMASPATEN,1
AKTIFASI REGISTER HIBAH BARANG PADA OM SPAN,1
data capaian output tidak muncul pada monitoring data,1
Permasalahan data SIKP,1
Pendaftaran USERNAME_MASKED PPK Rangkap KPA,1
PPDH,1
pendaftaran email sakti,1
"terdapat tagihan SPP Belum direkam, ttp sudah keluar SP2D",1
Pembayaran THR anggota Polri terkendala apliksi GPP,1
Gagal Login Aplikasi SIMASPATEN,1
penambahan role PPK pada USERNAME_MASKED satker,1
Permohonan Open Periode SAKTI 180060,1
Ketentuan terkait tanggal SPM dan Tanggal Kontrak,1
satker pada Kertas Kerja Caput,1
Konfirmasi Setoran,1
Pendaftaran USERNAME_MASKED PPK-574970,1
Penghapusan peran approver SPM pada KPA,1
Volume Target berbeda,1
USERNAME_MASKED KPA merangkap PPK Satker 573340,1
Salah Input SPM Potongan,1
Permohonan untuk menghapus gaji susulan satker 647622 untuk nomor gaji 001578,1
Prosedur Perubahan Nama Rekening,1
Tidak mendapatkan subsidi bunga,1
Jendela umkm,1
"Update Aplikasi Persediaan, Aplikasi SIMAK BMN dan Aplikasi SAIBA Versi 20.0.0",1
402117 PA Bengkalis KPA rangkap PPK Pendaftaran USERNAME_MASKED,1
USERNAME_MASKED dirangkap KPA,1
408511 Kanim Seljang KPA rangkap PPK Pendaftaran USERNAME_MASKED,1
402118 PA Bengkalis KPA rangkap PPK Pendaftaran USERNAME_MASKED,1
Mohon aktivasi user,1
Proses pembentukan ADK Transfer Keluar BMN di SIMAK terlalu lama,1
BC Bengkalis PPDH di SAKTI,1
Hasil Rekon Gaji Tidak muncul pada Daftar Pengawasan Gaji,1
ADK SPMKP Tidak Terkirim,1
Capaian Output di Sakti,1
Status SP2D,1
tidak bisa isi caput april,1
Penambahan USERNAME_MASKED pada SAKTI KPPN Manokwari,1
Menu Hai CSO,1
BAST belum rekam SPP,1
Gagal validasi SP4HL,1
Permohonan ijin pembuatan USERNAME_MASKED (krn merangkap KPA) Satker 417357,1
Error Pendaftaran Email SAKTI USERNAME_MASKED Terdaftar,1
OMSPAN,1
Mohon penjelasan atas upload SPM di E-SPM,1
Server latihan ToT Sakti,1
Tidak bisa rekon ADK gaji.,1
Penambahan Kegiatan BA 042 BRIN,1
Permasalahan pencatatan penerimaan barang/jasa KKP di SAKTI,1
Enquiry about Refund from Ministry of Finance of Republic of Indonesia,1
Kesulitan dalam input BA Refreshment PPSPM pada aplikasi simaspaten,1
Edjpb tak bisa login,1
Cara mengubah FA detail,1
Putus Kontrak,1
Kereta luxury,1
Tidak Bisa Mendaftarkan USERNAME_MASKED di Admin SAKTI,1
Koreksi Uraian SPM TA. 2020,1
Uang Harian,1
Pengaktifan OTP SAKTI,1
Pesan Error Aplikasi Digit,1
Gagal Upload USERNAME_MASKED,1
USERNAME_MASKED KPA merangkap PPK satker 614773,1
Pembayaran PBB melalui e commerce,1
permohonan penggantian USERNAME_MASKED KPPN Kotabaru,1
Pembatalan Persetujuan Transaksi Pembelian di Approval Persediaan,1
No Reksus Kosong sehinggan tidak bisa simpan SPP,1
ADK Revisi Fail karena Kode Lokasi dan KPPN tidak Sesuai,1
Permintaan Rollback Status SKP atas nama Dwi Jalu Atmanto,1
"ijin donwlot update SIMAK mulai versi 20.1.0, 20.2.0, 20.2.1",1
Subsidi pemerintah,1
registrasi OTP SAKTI,1
Reset Pasword Aplikasi Digit/Sprint,1
Aplikasi omspan,1
Pendaftaran USERNAME_MASKED satker yang sama.,1
LPJ satker 685003,1
Pengisian Data Profil Di Aplikasi Ejafung,1
Penyampaian Revisi SK Penunjukan Trainer SAKTI pada Kanwil DJPb Provinsi Gorontalo,1
status revisi dipa pada om span,1
lanjutan permintaan pengiriman USERNAME_MASKED password login awal sakti.kemenkeu.go.id yang tidak terkirim ke semua user,1
Tidak bisa mencetak RPD,1
Email Kedinasan sakti.mail,1
Lupa Password Email SAKTI dan Reset Password USERNAME_MASKED,1
Penolakan SP3B BLU Pendapatan,1
Nilai IKPA pada Deviasi Halaman III DIPA,1
Mohon Pengaktifan Perubahan USERNAME_MASKED Level Satker pada KBRI MANILA,1
Pembatalan Renkas yang sudah divalidasi oleh PPK (tidak bisa dilakukan di menu Opr PPK),1
Permintaan reset password akun DIGIT,1
Perubahan rincian nomor BAST,1
Perubahan Data Approver Kepala Kantor Pelayanan Pajak,1
Permohonan Pengembalian PNBP,1
Permohonan Perubahan Data USERNAME_MASKED Peran KPA,1
Permohonan Perubahan Nama Supplier Tipe 1,1
Perubahan dari PPK menjadi PPSPM dalam simaspaten,1
Fungsional APK APBN,1
tidak bisa daftar e-learning Jabatan Fungsional Pengelola Keuangan Negara Tahun 2021,1
Pendaftaran USERNAME_MASKED PPSPM,1
Daftar Dokumen BAST masih tertulis belum terekam padahal sudah keluar SP2D,1
KUR: Status SIKP Belum Lunas,1
Kode COA tidak Muncul,1
Kesalahan Data Penerbitan SPHL,1
Perubahan USERNAME_MASKED dan PPK,1
Biaya Isolasi Mandiri,1
permohonan USERNAME_MASKED unit eselon I,1
Penurunan Status Tidak Valid pada E-jafung,1
Perubahan USERNAME_MASKED (635706),1
Permohonan Perubahan USERNAME_MASKED dan PPK,1
BAST sudah terbit SP2D,1
Status SPM Batal SPM tapi muncul di menu SP2D,1
PERMOHONAN PERGANTIAN USER,1
Data Rekening Giro Lama Satker 521395 Hilang dari Aplikasi SPRINT,1
token simaspaten sudah kadaluwarsa,1
PERMOHONAN PERUBAHAN USERNAME_MASKED,1
Pendaftaran Email SAKTI,1
ND pengantar perubahan USERNAME_MASKED SAKTI di tandatangani manual,1
Penyesuaian Angka Perkiraan Penarikan Dana Harian (PPDH) Bulan Lalu yang Tidak Terbit SP2D-nya pada Aplikasi SAKTI,1
Permohonan Penggantian Status Jabatan Peserta PPK pada Simaspaten,1
Honorarium Tim,1
Rollback status PAK pada ejafung,1
Penyesuaian jabatan pada aplikasi simaspaten,1
Permintaan Penghapusan PMRT KPPN Denpasar per tanggal 31 Mei 2021,1
satker tidak nerima SMS masuk pendaftaran USERNAME_MASKED,1
Perbaikan Data Revisi di Data OMSPAN,1
KENDALA UPLOAD ADK PPNPN,1
Tidak Bisa Akses OMSPAN,1
lupa password Akun kepala kantor UPP Kelas II Anggrek,1
Konfirmasi Pembayaran Pemerintahan,1
dak fisik bidang air minum,1
Juknis terkait pembuatan spm gaji ke 13 PNS,1
Perubahan USERNAME_MASKED Satuan Kerja KPP Pratama Tolitoli 636211,1
Permohonan Pendaftara USERNAME_MASKED Full Modul Satker 485421,1
Permohanan Perubahan Pengguna/USERNAME_MASKED pada Satuan Kerja KPP Pratama Baubau,1
Permohonan perubahan USERNAME_MASKED pada KPPN Surakarta,1
Permasalahan akses digipay untuk vendor,1
Update data KPA di SPRINT,1
Transaksi pada Kas Tunai terdapat Dobel input,1
Permohonan Pembatalan SP2BLU Poltekes,1
Pendaftaran USERNAME_MASKED Aset tingkat Unit Eselon I - Kementerian BUMN (606538),1
Pembebanan akun belanja pemeriksaan dan pengujian instalasi listrik,1
Saldo Aset Tetap Tidak Wajar,1
Mengenai APLIKASI SA,1
Pengajuan LPJ,1
Perubahan USERNAME_MASKED 2021,1
Penggantian Alamat Email pada SIMASPATEN,1
Tidak bisa Update Revisi DIPA,1
penambahan akses menu pada USERNAME_MASKED,1
Addendum Kontrak Kegiatan,1
"Penggantian USERNAME_MASKED, PPSPM, dan Operator Persediaan dan Aset",1
GPP Gaji ke-13 direkon sebelum update 2 Juni 2021,1
Penambahan USERNAME_MASKED Sakti level Unit,1
ADK PMRT Gagal Validasi Meskipun Data Supplier SAMA,1
Tidak Dapat Log in Simaspaten,1
Tidak dapat subsidi kredit KPR BTN,1
Tidak Bisa Tarik Tiket HAI CSO ke Aplikasi e-Jafung,1
Mahkamah Agung RI - Usulan Perbaikan User/Password Fitur Kewenangan Wilayah,1
"Kelengkapan Dokumen IKU Mandatori SITP ""Persentase penyelesaian implementasi Rencana Sistem Manajemen Keamanan Informasi""",1
Perubahan USERNAME_MASKED Web,1
"ADK Gaji, (Perubahan data Rekening Pegawai)",1
permohonan aktivasi USERNAME_MASKED NIP NIP_MASKED,1
Perubahan Nama Pegawai di aplikasi Gaji Terpusat,1
Permintaan Identifikasi SPAN 05 Juni 2021,1
Tidak bisa cetak rekapitulasi dan halaman luar aplikasi gpp,1
Laporan Perekaman Rekening VA di SPRINT setiap bulan,1
penghapusan gaji pada USERNAME_MASKED pd tidak muncul,1
pembuatan spm kekurangan thr 2021,1
Update SAS 21.0.11,1
Menghapus data supplier di SAKTI,1
UP PHLN Reksus,1
Pembayaran Lembur PNS,1
terkait rekonsiliasi hibah langsung,1
Migrasi BRI Syariah ke BSI,1
"permohonan USERNAME_MASKED untuk KPA, KPB serta operator SPMKP KPP Pratama Probolinggo",1
Perihal penyampaian data Retur,1
tidak bisa mengakses akun NIP_MASKED,1
CC DJA - SIKP,1
ADK Gaji Polri Nyangkut,1
Tidak Bisa Melakukan Perubahan Kontrak DAK Fisik,1
reset password akun sakti,1
Pencatatan barang jasa KKP,1
Perubahan USERNAME_MASKED e rekon KPPN Pamekasan,1
Permohonan Pembatalan SPBY melalui HAI,1
Laporan Error Saat Unggah e-mail SAKTI,1
Pengajuan GUP setelah penggantian header supplier tipe 1,1
NIP dobel pada sakti mail.go.id,1
Terdapat Saldo lainya menurut UAKPA saat cetak LPJ yang tidak bisa diidentifikasi,1
Penggunaan KKP Beda PPK,1
SPP GUP KKP,1
PERMOHONAN AKTIVASI E JAFUNG,1
Penambahan Kewenangan Peran PPK,1
Permohonan Perubahan USERNAME_MASKED SAKTI,1
perbaikan data NIP email sakti,1
konsultasi akun pengembalian lebih bayar untuk tahun yang lalu,1
CC DJA - SIKP Belum Lunas,1
Pemblokiran email sakti di KPPN Ambon dan penghapusan USERNAME_MASKED KPA,1
Pencatatan SP2D retur,1
Batas Perhitungan jatuh tempo Revolving GUP,1
Permintaan hapus data lpj pada aplikasi SPRINT,1
Permohonan Penghapusan USERNAME_MASKED E-Jafung Satker 289796,1
DATA CAPAIAN OUTPUT BLN MEI 2021 TIDAK BERHASIL DIUPLOAD DI OM SPAN KARENA REVISI DI SATKER TIDAK SAMA DENGAN DI OMSPAN,1
update revisi dipa pada data span,1
Beda Penandatangan SKPKPP dan SPM,1
konfirmasi terkait rekening virtual,1
Penjelasan ND-2/PB/PB.2/2021 IKPA gaji 13 dan THR,1
Cara atau Input transaksi Perubahan NUP pada Aplikasi SAKTI Aset Tetap,1
USERNAME_MASKED Password SAKTI Full Module KBRI Madrid,1
gagal Tarik data Excel eSPM bulan Mei,1
Dispensasi RPD pada IKPA terkait pembayaran Gaji ke-13,1
Mekanisme Pembayaran Kegiatan Swakelola Tipe 4,1
Rincian TUP,1
Tidak bisa rekam USERNAME_MASKED/Apr pada Admin Sakti,1
tiket saya hilang,1
gaji 13,1
dara capaian output mei 2021,1
Mohon reset e jafug untuk admin untuk mengajukan SKP ulang,1
Gagal Merekam Pendetailan COA pada BAST,1
cetak laporan Rincian kertas kerja pada posisi DIPA Awal data tidak muncul,1
aku digit kemenkeu,1
Bagaimana cara perusahaan bisa memiliki akun simponi.kemenkeu.go.id,1
Perubahan nama di SPAN dan Supplier tipe 1 di SAKTI,1
Pengajuan untuk mendaftar USERNAME_MASKED untuk level PPK dan PPSPM tidak bisa login,1
Pertanggungjawaban UP untuk membayar PNBP Biaya diklat,1
2 ppk ksop selatpanjang capaian output aplikasi sas,1
Permohonan Penggantian USERNAME_MASKED,1
LK_Audited_Universitas_Khairun_2020,1
Aktivasi OTP,1
Rekon Gaji tertolak,1
Cara hapus Data Gaji yang Sudah Direkonsiliasi pada aplikasi GPP,1
SKP untuk analis pengelola keuangan APBN,1
Supplier telah didaftarkan dan telah muncul NRS tapi tidak ada di SPAN,1
Software Set Up Database,1
edit adendum sas,1
Ubah Kode Lokasi di Menu RKA SAKTI Web,1
tata cara revisi 2021,1
USERNAME_MASKED IKPA,1
Permintaan push data caput sakti ke omspan,1
Penyusunan LPJ Satker BLU Pengguna Aplikasi SAS,1
"Pembatalan SKP An. ASEP PARDIANSYAH, S.ST.PI",1
Masalah sisa pagu pada Perubahan Kontrak,1
Permohonan Penggantian USERNAME_MASKED pada KPPN Atambua,1
SALAH TMT di PAK E-Jafung,1
KPPN Pangkalpinang RE: Tidak Bisa Mengakses fXp://ftp1.djpb.kemenkeu.goid,1
Update data pada Aplikasi e-Jabfung,1
Perubahan Pengguna Aplikasi SAKTI Satker 635993 Kantor Pelayanan Pajak Madya Dua Jakarta Selatan II,1
SAKTI register user,1
USERNAME_MASKED SAKTI untuk PanduSAKTI,1
DUPAK e JAFUNG,1
PENDAFTARAN USERNAME_MASKED SAKTI NEW KBRI ALGER,1
Sertifikat Microlearning Pendidikan Profesional Berkelanjutan (PPL) Bendahara,1
Pelaporan,1
"Aplikasi digit, perubahan admin satker e Jafung",1
Pengajuan Gaji Susulan Juni,1
Login aplikasi SAKTI,1
Test swab,1
Input profil di Ejafung,1
Lupa pilih BAST ketika membuat SPBy,1
"Tidak Bisa Login, Password Dianggap Salah",1
Tidak Dapat Melakukan Rekam SPP,1
Permohonan Reset Password akun DIGIT,1
Permintaan penggantian USERNAME_MASKED Aplikasi e-Rekon LK,1
Permasalahan Pendaftaran Supplier,1
Perubahan Nomor HP KPA untuk USERNAME_MASKED,1
permohonan password SAKTI,1
salah isi detal coa,1
Pengurangan hibah dalam negeri langsung bentuk uang,1
Gaji terusan pegawai meninggal,1
"Mohon direset kembali, Status PAK an. Fahda Yani, S. HI NIP NIP_MASKED",1
Perubahan USERNAME_MASKED Satker Aplikasi E-Jafung,1
Sebagai Admin,1
koreksi spm ptup,1
Tidak Muncul di daftar desa,1
Error Pembuatan USERNAME_MASKED Simaspaten,1
Perbaikan NO SKP pada E Jafung,1
Permintaan Penjelasan Re: Transkrip Percakapan,1
Training Online (e-Learning) 2021 Via ZOOM MEETING,1
Role SIMASPATEN salah: Perlu diubah dari PPSPM ke PPK,1
Lupa Password Aplikasi SAKTI,1
Penyesuaian Data SIKP,1
Error Aplikasi Simaspaten,1
reset password akun digit.kemenkeu.go.id,1
Open Periode,1
Petunjuk Teknis Migrasi Aplikasi SAKTI,1
Gagal Kirim OTP Supplier,1
Input Penyerapan Dana Desa,1
Permohonan Penjelasan Penolakan SPM Satker Badan Kebijakan Fiskal (984438),1
Data Pegawai pada Situs edjpb.kemenkeu.go.id,1
Perekaman di E Jafung,1
Perbaikan Data NIK email,1
Validasi OTP PPK langsung ke email,1
Permohonan Pendaftaran Tambahan USERNAME_MASKED KPPN untuk mendaftarkan USERNAME_MASKED satker,1
jaringan lambat,1
Permintaan Penghapusan ADK PMRT Per 25 Juni 2021,1
tanya e-jafung,1
lupa pasword akun digit,1
twTunjangan belajar luar negeri,1
Kontrak yang sudah Realisasi Ganti Suplier,1
Input Rekening VA di Aplikasi SPRINT,1
Simaspaten gagal log in,1
Perbedan rekening SPMKP,1
Kesalahan Input Tanggal DUPAK Semester 1,1
Gaji 13 Tahun 2021 ( Susulan ),1
Hak PNS meninggal sakit,1
"Perjalanan dinas ke/dari lokasi kegiatan dalam rangka perencanaan, pengendalian, dan pengawasan (Reguler) - Tematik 00",1
Topik Layanan HAI CSO,1
Pendaftaran Admin USERNAME_MASKED pada KPPN Bantaeng,1
Nilai IKPA rendah,1
Cara Melakukan Pendaftaran Pejabat Pengusul,1
"Permohonan Rollback Status ejafung (menu pengangkatan) a.n. Nur Indriyati, DIni Giantini dan Cecep Ruchiat (Satker Balai Besar Logam dan Mesin - 248060)",1
sudah daftar Sprint KPA,1
Pembayaran LS Bendahara Melalui CMS/Debit Virtual Account,1
Saya mau minta tolong Ubah Kode Satker saya pada Aplikasi e jafung karena masih KPKNL Tangerang I ke KPKNL Serang (119724) Karena posisi saya sekarang di KPKNL serang Terima kasih,1
CC DJA - Status Kredit Belum Lunas,1
Merubah Tanggal DUPAK pada Aplikasi e-jafung,1
Penambahan Kegiatan dan Output Baru KEMENTERIAN BUMN,1
Nilai IKPA LPJ Bendahara Belum Muncul,1
Penyelesaian Retur Dana Desa,1
Permintaan Pembatalan SP3HL,1
Penyesuaian Nilai IKPA pada OMSPAN,1
SKP Jabatan Fungsional APK APBN Ahli Muda,1
Pencatatan Aset Tetap dari Pekerjaan Penataan Jaringan Instalasi Listrik,1
Permohonan Ralat Pengisian SKP E-Jafung yang telah disetujui oleh admin satker,1
Reset password akun approvel akun approvel dan akun administrator sakti.kemenkeu.go.id,1
Gagal Validasi SPBy,1
Perbedaan pangkat pada Aplikasi e-Jafung dengan SK Jafung,1
Tanya Login Digipay008,1
Deviasi RPD Harian pada OMSPAN,1
Eror admin satker tidak bisa masuk ke aplikasi Ejafung,1
Adk Kirim ke SPAN Kosong,1
Aktif-Nonaktif USERNAME_MASKED KPPN Baturaja,1
admin aplikasi espm dan aplikasi gpp online,1
Aplikasi SIlabi tidak muncul data kuitansi,1
Gagal Upload ADK LPJ Juni pada SPRINT,1
Tindak lanjut tiket nomor 20210701-LQCIZU,1
jafung,1
USERNAME_MASKED e-rekon & LK,1
permohonan USERNAME_MASKED rekon lk,1
Dispensasi Deviasi RPD,1
Perubahan USERNAME_MASKED Aplikasi E-Jafung,1
Solusi ADK tidak bisa diajukan permohonan pembatalan,1
Halaman III DIPA OM SPAN belum terupdate,1
Gagal simpan SPP,1
E jabfung,1
Permohonan Penambahan USERNAME_MASKED SAKTI KPPN Pekanbaru,1
Penghapusan PMRT Menggantung periode 29 s.d 30 Juni 2021,1
Status syarat salur Dak Fisik tahap 1,1
Apakah ada cara lain melakukan validasi konfirmasi penerimaan satker dari OMSPAN?,1
perbaikan email sakti ppspm,1
IKPA PADA BLU,1
File PDF MPHLBJS pada aplikasi konversi tidak terbentuk,1
Upload LPJ Bulan Juni 2021 Error pada aplikasi SPRINT,1
ADK LPJ Bendahara bulan Juni 2021,1
Admin satker e-jafung,1
Pendaftaran akun sakti SMAK Negeri Samosir,1
Perubahan Nomor Rekening Pada Aplikasi Sprint,1
APlikasi EJafung,1
Permintaan Rollback status usulan SKP pada e-Jafung,1
AJF pengelolaan Keuangan APBN,1
Penggunaan Akun khusus covid,1
Salah input,1
Uang Duka,1
Reset SKP karena lupa klik Butir Kegiatan PPSPM Paket,1
Aset Tetap,1
Pertanyaan terkait revisi kewenangan Kanwil DJPb,1
Gaji susulan tidak dapat diterima ( aplikasi GPP),1
Pertanyaan terkait Aplikasi Sakti,1
ESPM Error,1
Selisih pada OMSPAN dan SAKTI,1
Format terkait Rincian Tugas Jabatan untuk Pranata Keuangan APBN,1
minta rollback skp,1
Gagal Upload di Sprint ADK LPJ aplikasi Sakti,1
Roll Back SKP pada E-Jafung,1
Gagal upload LPJ pada aplikasi SPRINT,1
Memeriksa PMRT yang telah diunggah,1
tata cara melakukan revisi,1
LPJ Bulan Juni 2021,1
Pembayaran Paket Data dan Komunikasi 2021,1
Pangkat Pada Kartu Gaji Tidak Berubah,1
Permasalahan terhadap penetapan AK,1
Rollback SKP JF PTPN,1
Selisih Rekonsiliasi Internal modul Persediaan dan GLP,1
Notifikasi File yang diupload tidak sesuai referensi satker,1
Perbedaan Referensi Nomenklatur Satker pada Aplikasi E-Rekon dan DIPA Satker,1
Perhitungan Data Renkas pada IKPA error,1
Permohonan di hadirkanya pilihan pendidikan D II pada menu pendidikan pada aplikasi simaspaten,1
SK Penyetaraan Jabatan Struktural ke Fungsional,1
Penyelesaian PFK salah jendok,1
Perubahan USERNAME_MASKED Kantor Aplikasi SPAN Pada KPPN Purwokerto (update),1
JAFUNG,1
Penambahan dan Pergantian Admuser dan Apruser SAKTI,1
Salah Input Data,1
Gagal Unggah ADK PMRT Alasan Nomor Rekening Bank Tidak Ditemukan,1
Perkintaan Roll back skp tahun 2020,1
mohon rollback untuk pengisian SKP,1
Mohon rollout,1
Permintaan pembukaan periode modul aset sakti Bulan Juni dan pembatalan approve transaksi 503 pada SAKTI milik KPPN Bengkulu (528785),1
permasalahan perekaman SPM,1
adk koreksi tidak terbaca SPAN,1
Informasi Dana yang Masuk Ke Pihak Ketiga,1
Permintaan Identifikasi SPAN 08 Juli 2021,1
UANG JAHIT DINAS SATPAM,1
Permintaan pengaktifan USERNAME_MASKED aplikasi SAKTI,1
perubahan USERNAME_MASKED sakti,1
Roll back DUPAK,1
Kode satker di erekon,1
ejafung kode kegiatan ACCOUNT_MASKED,1
"pesan ""Error"" pada status upload capaian output",1
Pertanyaan terkait akun 521114,1
Jam Lembur di Bulan Ramadhan,1
Tolong turunkan status e jafung,1
Buat USERNAME_MASKED satker e jafung,1
Tidak bisa membuka Buku Aset dan Persediaan Bulan Juni 2021,1
Membatalkan Perekaman Stock Opname,1
Proses pengadaan di USERNAME_MASKED di digipay BRI tidak berhasil,1
bener meriah,1
terkait dengan adendum kontrak,1
Custom Precision Parts Machining Fabrication Manufacturing Factory,1
"DUPAK sudah terkirim ke atasan (status verifikasi atasan ),",1
rollback SPMK dalam e jafung,1
Admin di E Jafung,1
Permasalahan Selisih Rekonsiliasi Persediaan SAKTI,1
mohon turun status pada SKP atas Nama NURUL HUDAYA NIP.NIP_MASKED,1
Hak Pensiun Bagi Pegawai yang Terkena Hukuman Disiplin,1
Data Hutang pegawai satker (GPP Satker),1
Perbedaan tanggal posting revisi DIPA,1
Penolakan Gaji Induk terkait tgl GL,1
Anomali pada Laporan FA Detail,1
Permohonan Buka Buku Aset tetap pada bulan Juni 2021,1
USERNAME_MASKED pic TIK tidak bisa login,1
Rollback status SKP,1
Belum Push Erekon,1
Aplikasi SAKTI Menu Persetujuan Transaksi pada Modul Persediaan Role KPA/KPB,1
permohonan pembukaan kembali menu Dupak tuk verifikasi atasan,1
Rekam USERNAME_MASKED Pengadaan Digipay009,1
Permohona USERNAME_MASKED password Intranet perbendaharaan,1
Satker KPPN Sebagai DFDD belum terpush ke e-rekon_403701,1
Migrasi PC SPAN ke Non Span,1
ND-19/PB.3/2020,1
Permintaan buka modul aset tetap Januari-Juni,1
Error NULL pada Jurnal Kirim dari SIMAK BMN ke SAIBA,1
MP satker Bapelkes,1
684277,1
Permohonan koreksi PFK,1
Push Data E-rekon Satker DJKN,1
kenapa saya tidak bisa distribusi ke tim penilai (eror),1
copy revisi dipa dari sas ke saiba,1
Penarikan data capaian output ke omspan,1
Permohonan Penghapusan Persediaan Yang Sudah Approved,1
Kesalahan Data Di IKPA,1
Teknis Pembayarah Tagihan Pengiriman Surat Dinas Pos Pusat,1
ubah data KPA sakti,1
Atas Nama Agung Prastyo NIP NIP_MASKED DUPAK tidak bisa dikirim ke sekretaris,1
selisih rekon pada belanja akun 521111 dengan 521811,1
pencatatan SPP tidak terekam,1
Selisih pada Akumulasi Penyusutan Transaksional,1
Permohonan Perubahan USERNAME_MASKED PPK satker 403696,1
Sudah tutup buku namun belum muncul data rekonnya,1
rekon,1
Alasan Penolakan 462,1
DATA BELUM TER PUSH,1
Rekon lk bulan Juni 2021 KPUWonigiri,1
Indikator Kesalahan SPM pada IKPA,1
e-Rekon&LK tidak membaca ADK SAIBA dengan benar,1
Perbedaan Target Halaman III pada DIPA dan IKPA (SPAN),1
CAN Kontrak Tidak Muncul,1
Masalah dalam akun neraca Persediaan versi 21.0,1
Kendala Request OTP SAKTI,1
MPHL BJS TAYL satker 344816 MAKOOPSAU I,1
Perubahan Catatan Halaman IV B DIPA,1
Permohonan Reset Password Akun Pbn Open,1
Tidak bisa download Laporan Buku persediaan,1
Push Data,1
"Gagal mendaftarkan USERNAME_MASKED. Yuniar Dwi hantono, S.Sos., M.Si.",1
Penolakan rekon gaji nomor 1579,1
Masalahan pencatatan pengembalian belanja,1
Re.re,1
metode penyaluran,1
Aktivasi Paygroup SPAN,1
cara backup server gaji konversi,1
Permohonan pembatalan SP3HL,1
Penilaian dupak,1
hibah uang,1
Perubahan BSM menjadi BSI,1
Tidak Muncul Detail Pembayaran,1
Reset password e Jafung,1
Lampiran supplier tidak muncul dalam monitoring ADK,1
PUSH MANUAL SAKTI SATKER 528387,1
Permohonan Penutupan Rekening Satker Likuidasi Aplikasi SPRINT,1
Permohonan Persetujuan Penyamaan Data Satker 420082,1
Buka Periode Modul Aset Tetap,1
Terdapat permasalahan saat konversi pada ADK MPHL-BJS Satker,1
Selisih TK TM,1
Data SIMAK tidak terbaca di erekon,1
KEtidaksesuaian penilaian IKPA Q2,1
Gagal Backup Aplikasi SAS 2002 Satker 401735,1
Perubahan USERNAME_MASKED Aplikasi SAKTI KPP Madya Karawang,1
mohon bertanya dan minta solusi,1
Data SAI belum terupdate di e-rekon,1
TRANFER PAGU DAN REVISI POK PADA APLIKASI SAS 2021,1
sprint.,1
Tidak bisa mencetak ualng SPBy dibawah nomor 100.,1
Gagal Akses Portal E-SPM KPPN,1
Saldo tidak normal akun utang pajak bendahara pengeluaran yang belum disetor pada e-rekon LK,1
Penolakan Validasi ADK BCSR oleh KPPN,1
Adendum kontrak belum berubah,1
"ECE,R44, R129 car seat producer from China2021/7/24 19:48:06",1
Broadcast Selesai Penanganan Insiden,1
SE terkait anggaran covid,1
Anggaran Tes Antigen dan PCR,1
Gagal kirim data PPNPN ke pusat,1
Pertanyaan mengenai jurnal manual pada tiket 20210719-25YD0B,1
"Satker 411554 (KPPBC Merauke) ada Aset Tetap Dihentikan, setelah pencatatan transaksi 911 di modul aset tetap, jurnal tidak terbentuk",1
Tidak Bisa Login Digipay 008,1
Permasalahan tentang e jafung,1
Gagal Unggah Data SPM Kontraktual pada SPAN,1
Ralat SPM,1
Permasalahan PPR Gaji,1
Permohonan Akses Remote PC SPAN,1
Piutang dobel di neraca percobaan,1
Penyusunan Juklak/Juknis dalam Pengembangan Profesi di Jabatan Fungsional,1
Tindak Lanjut terhadap Data Supplier yang salah nomor rekening di aplikasi SAKTI,1
Kesalahan penulisan email USERNAME_MASKED,1
Posting Data Hasil Koreksi Penerimaan Negara,1
Update RPD Hal III DIPA Bulan Juni terkait Gaji 13,1
Tidak bisa login Digit,1
Permohonan Hapus USERNAME_MASKED,1
Halaman depan DIPA IAKN Ambon dan Kode Satker IAKN Ambon 579323,1
aplikasi emonev dan pembayaran sbsn,1
Aplikasi Sas,1
Pembatalan Kontrak Tahunan,1
Akses Dashboard MPN,1
Tidak bisa pilih Tahapan SP2D BUD,1
Isoman di daerah,1
Status Proses PPR masih Sedang Diproses,1
Permohonan petunjuk PPR,1
Akun Pendapatan Lelang,1
Permintaan Pembatalan SPHL,1
Reset Pass Komputer SPAN,1
Permohonan Pendaftaran USERNAME_MASKED KPPN Pada Sistem Marketplace & Digital Payment,1
Permohonan Penggantian USERNAME_MASKED E-rekon LK KPPN Makale,1
SIKP KUR,1
Kami sampaikan permohonan pembatalan SPHL sebagaimana ND terlampir,1
Permintaan Pembatalan SP2D Nihil,1
hot sell new sunglasses,1
Pendaftaran Operator Unit lingkup Ditjen Pendis,1
Rekam Referensi Kegiatan Dana Desa TA 2021 pada OMSPAN,1
IP_MASKED,1
salah input nilai persediaan di menu pembelian,1
Pengajuan roll back SKP,1
SAS tidak mau terbuka,1
Luasan Tanah KIB,1
Proses Pendaftaran Rekening dalam Program TNP KPP Pratama Jakarta Penjaringan,1
Pegawai NON PNS/ Honorer,1
Tiket 20210728-WRIWV9 Belum Dijawab,1
Penoolakan unggah PMRT,1
Nama penerima tidak muncul di DRPP SAS,1
Pengisian Capaian Output pada SAKTI,1
selamat pagi.,1
Selisih saldo,1
Kendala Usulan Perubahan USERNAME_MASKED,1
Reset password digipay,1
Perubahan Password OMSPAN DAK Fisik,1
ADK BCSR dan PMRT Kosong,1
Pengaktifan USERNAME_MASKED,1
Penginputan Capaian Output pada SAKTI yang Tidak Dapat Di Simpan,1
pengisian capaian output bulan juli pada aplikasi sakti,1
PINPPSPM Blank pada page aktivasi,1
USERNAME_MASKED Password SPAN tidak dapat login,1
Pengajuan Void SP3HL,1
Bawahan hilang,1
Hak Keuangan utk pegawai/pejabat yg di tugaskan sebagai Pelaksana Tugas atau Pelaksana Harian,1
tidak bisa menghapus pencatatan penerimaan barang/jasa UP tunai/bank,1
Capaian Output tidak dapat Disimpan,1
Error pembuatan adk kontrak,1
Perubahan USERNAME_MASKED KAKANTOR pada KPPN Mojokerto,1
permohonan Perubahan USERNAME_MASKED satker 635773,1
Tidak Bisa Rekam Capaian Output di SAKTI jika GAP Normal,1
Akun Simaspaten Salah Password,1
Penggantian USERNAME_MASKED Erekon-LK,1
Tidak bisa registrasi email sakti baru,1
Fa Detil bulan sebelumnya hilang,1
lupa password simaspaten,1
PENGISIAN REFRENSI CAPAIAN OUTPUT,1
Permohonanan Pemblokiran dan Pemindahbukuan Dana ke Rekening Retur,1
Permohona Perbaikan Rincian Output yang salah rekam pada KPPN Sidoarjo,1
Kesalahan pendetilan COA di SPBy,1
Update Data SIKP,1
Hasil Pemeriksaan Kas Terdepat Selisih,1
Cara Mengubah TMT Kematian Pegawai pada aplikasi GPP,1
reset password sprint,1
Pagu pada OM SPAN berbeda dengan Pagu pada Revisi DIPA ke 8 Satker 239895,1
status monitoring NPWP tidak valid,1
Permohonan Penyesuaian Perhitungan dan Data IKPA Satker 651994,1
Permasalahn pada data supplier banyak penerima,1
Bantuan Upload ADK di SPAN,1
swakelola tipe 1,1
1 ro tidak bisa,1
PUSH data caput ke SMART,1
ADK LPJ ERROR,1
Pungutan Pajak Bulan Juni Tidak Muncul Ketika Rekam Setoran Pajak,1
Perubahan Pejabat KPA,1
data realisasi,1
Jabatan Fungsional APKAPBN/PKAPBN,1
Tidak Dapat Melakukan Konfirmasi Data Capaian Output Satker,1
Akun Untuk Jasa Pembuatan Website,1
Target RO pada Aplikasi SAKTI dan Monev PA yang belum Update,1
permohonan aktivasi akun,1
penyesuaian pagu pada realisasi kinerja satker - SAKTI dengan DIPA terbaru,1
LPJ BEndahara (Saldo Lainnya tidak sesuai),1
ADK DAN LAMPIRAN LPJ SATKER KODIM 0901/SMD 685059,1
konfirmasi ttg MONEV IKPA,1
Permintaan data dan wawancara ke Direktorat SITP,1
Permintaan PIN Aktif PPSPM,1
Nilai IKPA Indikator Halaman III DIPA pada bulan Juni 2021 berubah,1
PAK Semester I Tahun 2021 bagi JF APK APBN Ahli Muda Satker Universitas Lampung,1
Permohonan Broadcast Maintenance SPAN,1
terkait permintaan koreksi penerimaan dari satuan kerja yang mengubah nilai total penerimaan,1
PERMOHONAN PERUBAHAN DATA PENSIUNAN,1
Gagal Transfer Pagu di SAS karena Pagu Minus,1
USERNAME_MASKED satker tidak muncul di daftar USERNAME_MASKED admin KPPN saat pengaktifan user,1
Nama Penerima/Rekakanan pada DPP / KUITANSI,1
Menanyakan Nilai Indikator Kinerja Hal III Dipa yang belum ter update di MOnev PA,1
jam penerimaan spm,1
Update Data Simaspaten,1
Gagal Revisi Pagu pada Aplikasi SAS,1
Proses rekon gaji bermasalah utang Rp. 0,1
SPMKP KB BUKOPIN yang tertolak lagi,1
USERNAME_MASKED untuk menginstall java di PC SPAN,1
Fungsional Analis Pengelolaan Keuangan APBN,1
"Permohonan Link, USERNAME_MASKED pass Familiarisasi Bimtek SAKTI",1
Perekaman Satker Baru,1
Pengajuan SPM sumber PNBP dengan MP,1
Transaksi Penerimaan Negara Telah Mendapatkan NTPN Namun Tercatat Belum Berhasil,1
Kontrak DAK Fisik Reguler Bidang Kesehatan Sub Bidang Pelayanan Rujukan,1
gagal buat adk revisi pada modul angagran sakti,1
Permohonan Hapus User,1
Perbedaan Data RPD pada OMSPAN Movev PA,1
daftar supplier,1
Permohonan penyesuaian status DIPA/Revisi DIPA Capaian Output 404429,1
Permasalahan SPM PPP Pembayaran Tagihan Telkom KPPN Denpasar yang sudah proses sampai dengan SP2D,1
SAKTI Admin - Pemutakhiran email sakti,1
Lupa Pasword Admin Sakti,1
Maintenance GPP,1
Kendala Menggunakan Aplikasi Training,1
Kekurangan honorarium bulanan,1
Kasi dan Kabid tidak bisa approve usulan revisi CW SPAN,1
Reset e-mail SAKTI,1
"Catatan ke Halaman Facebook Anda, Direktorat Jenderal Perbendaharaan - DJPb Kemenkeu RI",1
memunculkan data realisasi SPM di tahun 2020 Span,1
"Data ""Detail realisasi"" di OM-SPAN tidak muncul",1
Hak-hak Gaji PNS yang Tugas Belajar,1
Metode Pemilihan Penyedia Barang/Jasa dalam Program Digipay,1
pertanyaan untuk EUT SAKTI,1
Monitoring Uang Muka UP di SAKTI tidak sesuai dengan seharusnya,1
Penolakan SPM dan Salah Data Supplier,1
Troubleshoot pengajuan gaji induk september,1
Pengajuan rollback SKP,1
IKPA nilai Indikator Deviasi Halaman III DIPA satker Balai Taman Nasional Manupeu Tanah Daru dan Laiwangi Wanggameti,1
Pengangkatan jabatan fungsional APK,1
WFHb (Work From Homebase),1
Aplikasi E-Rekon&LK,1
USERNAME_MASKED belum bisa login pandu-sakti.kemenkeu.go.id,1
Permohonan Perubahan USERNAME_MASKED (403628),1
Pendaftaran User - SAKTI,1
Pertanyaan terkait aplikasi E-DJPb,1
Surat Permohonan,1
SILABI Bermasalah,1
Bertanya terkait email SAKTi tidak bisa login,1
kesulitan input SP2D BUD,1
Honor,1
duplikasi nomor rekening di aplikasi SPRINT,1
Permohonan Reset Password Simaspaten,1
Proses Terima Data ADK Pegawai Baru,1
akun perbaikan untuk SP4HL,1
Action Required: Your ticket has not yet been submitted,1
Data satker induk muncul di akun sakti anak satker,1
Cara merubah unit kerja di edjpb,1
Permohonan Tutup Rekening satler 299185,1
Lupa Password SIMASPATEN,1
Permohonan Arahan terkait Kesalahan Input Transaksi Penmgembangan Langusng ATB - Modul Aset tetap SAKTI,1
Permohonan Pembaharuan Data Pangkat dan Golongan - Lanjutan,1
validasi gagal,1
Tagging PPK,1
SK Sakti,1
Pengajuan pembuatan password PbnOpen Individu Pegawai,1
"mau input penyerapan dana desa tapi ga ada tanda + nya,,,bagaimana??",1
Sya lupa password account DIGIT,1
Finalisasi Migrasi SIMAK gagal,1
kekurangan tunjangan fungsional pns,1
reviu apip,1
Menanyakan Tiket #20210728-BH5UQW,1
Permintaan Buka Perekaman Penerimaan,1
Reset Password Digit Aplikasi Simaspaten,1
Penolakan SPM Kontraktual,1
Selisih pada Rekon Bulan Juli satker 410078 KPP PMA Satu,1
Mengatasi Eror dalam Aplikasi SAS 2021,1
Permasalahan hasil rekonsiliasi pada aplikasi SAKTI,1
Pengiriman Vitamin kepada Pegawai,1
Biaya transport dalam kota dan konsumsi,1
Permohonan Penghapusan Supplier Lama Karena Perubahan Nama Supplier,1
Konsultasi Biasa,1
TOMBOL SIMPAN PENCATATAN PENERIMAAN BARANG/JASA KKP,1
Pengajukan registrasi ulang USERNAME_MASKED role Admin,1
Gagal Hapus BAST SAKTI,1
Sudah input SSBP namun di Buku Besar dan Neraca Percobaan tidak muncul,1
notifikasi tidak masuk ke email,1
Permohonan Perubahan Data Rekening pada SPRINT,1
permintaan tindak lanjut perbaikan penginputan transaksi KKP tiket permohonan nomor 20210806-BEA5XD,1
Penambahan Output Baru Kementan dan Kemendagri,1
Gagal Login PC SPAN,1
Error Pada Rekam Renkas Harian SAKTI Satker Pusintek (672906),1
tidak bisa rekam PU BANK pada SILABI,1
Permasalahan pada saat input kontrak DAK Fisik pada OMSPAN oleh Dinas,1
dinas peternakan aceh,1
"Muncul Pesan ""Rekening Mandiri Belum 13 Digit"" pada Pembuatan Gaji PPNPN Baru",1
Salah input SK fungsional dan struktural dan untuk pengisian SIMASPATEN,1
PERMOHONAN PERUBAHAN NAMA REKENING SUPPLIER BARU SATKER 417998 DISTANBUN PROV ACEH,1
Perbaikan TDK Pengembalian Pajak Satker 561424,1
Permohonan perubahan USERNAME_MASKED kewenangan PPSPM pada KPPN Makassar I,1
rekening tidak terdeteksi di Sakti,1
Pembuatan USERNAME_MASKED Sekretaris (PPNPN),1
Pencatatan Akun saat Rekon Terekam Double,1
pengembalian belanja,1
Template Pengesahan Hibah,1
Pendaftaran Supplier Tipe 6 Selalu di Tolak,1
BLT Desa,1
bertanya tentang menu espm di SPM Koreksi,1
gagal mengirim sms pendaftaran pin ppspm,1
Permintaan Penghapusan Data ADK PMRT,1
Usulann Jabatan Fungsional,1
Password PC KBN2001G071,1
penginputan USERNAME_MASKED pada Penandatangan Aset Persediaan yang USERNAME_MASKED GLP,1
Permohonan Penggantian USERNAME_MASKED SPM SAKTI DFDD 403648,1
Pendaftaran kontrak multiyears,1
Perihal Menu Roll Out Sakti,1
Mengundo / Menghapus Laporan Dewas Yang Sudah diajukan,1
Menggabungkan 2 NRS,1
Sertifikat Kompetensi PPK,1
Penambahan Output Baru BKKBN,1
Whatsapp Pusat Layanan DJA - Kendala dalam melakukan pembayaran billing Simponi,1
Pertanyaan Pemberian Uang Transpor Lokal,1
Tidak bisa bayar billing MPN,1
Pencairan dana menggunakan rekening QQ,1
BAST Barang Persediaan belum dapat diubah/dihapus,1
Perhitungan Pajak Akhir Tahun PPNPN,1
Penambahan referensi satker aplikasi SIMASPATEN,1
Belum Terima Sertifikat BNT,1
Tunjangan Jabfung Analis APK APBN pada Aplikasi GPP,1
penerima uang/penerima uang muka,1
Perubahan USERNAME_MASKED Kasi PDMS,1
NTPN belum muncul,1
Permohonan migrasi USERNAME_MASKED ke pandu-sakti,1
Permasalahan rekon gaji,1
Modul Penganggaran,1
tidak bisa submit Survei Kesiapan Perubahan pada MONSAKTI,1
Permintaan pengembalian atas kelebihan nilai potongan pada SPM,1
Kekurangan tunjangan fungsional,1
Informasi pelaporan Rekening Pemerintah Lainnya (RPL),1
File BCSR dalam proses,1
Migrasi USERNAME_MASKED ke Pandu-Sakti,1
Transfer Keluar,1
Persetujuan Pengujian Gaji Susulan Ditolak,1
DEVIASI HALAMAN III TIDAK SESUAI,1
"SETELAH INPUT TRANSAKSI BULAN AGUSTUS, TIDAK BISA BACKUP APLIKASI PERSEDIAAN V21",1
Kendala Pendaftaran USERNAME_MASKED Full Modul pada admin KPPN,1
Reaktivasi Akun Digit,1
Tunjangan beras untuk suami dan istri sama-sama PNS,1
RESET EMAIL KEMENKEU,1
Pembukaan Rekening RPL dan BPG,1
Kesalahan Rekening Penyedia,1
MOHON PETUNJUK DAN BANTUAN,1
Permohonan USERNAME_MASKED SAKTI a.n. Harsya KPPN Dumai,1
Perakam atasan pada absensi edjpb,1
Void SP4HL dan Perbaikan SP4HL lintas bulan,1
pegawai bujangan meninggal dunia karena sakit,1
Permintaan Pengaktifan Akses Kepegawaian (Presensi) pada edjpb.kemenkeu.go.id,1
Permohonan Perubahan USERNAME_MASKED Satker 40359?9,1
GUP terlambat,1
Whatsapp Pusat Layanan DJA - Satuan Kerja pada OM SPAN belum terupdate,1
Perubahan nama supplier karena berpindah tempat.,1
HAI CSO 017,1
209021 Permintaan Perubahan pasword aplikasi SPRINT USERNAME_MASKED,1
Permohonan pembatalan transaksi pada Modul Aset SAKTI KPPN Biak,1
USERNAME_MASKED Tidak Terdaftar,1
Data yang tidak ditemukan pada SPAN terkait Penyesuaian Pagu atas Pengembalian Belanja,1
Pendaftaran USERNAME_MASKED level Unit untuk Es 1,1
Usulan untuk mengikuti Sertifikasi Bendahara dari Satker Kejaksaan Negeri Kendari,1
Terjadi Eror pengiriman ADK LPJ Bendahara pada aplikasi SPRINT,1
"Dipa Revisi Kode Program dan Kegiatan di Satker Dinas Tenaga Kerja dan Transmigrasi Provinsi Sumatera Selatan kode satker 067.07.350172 dan Dinas Tenaga Kerja, Perindustrian, dan Transmigrasi Kabupaten Mamuju Utara kode satker 067.07.340341",1
Gagal approve LPJ SAS karena selisih,1
SP2D belum muncul pada SiAP di E-rekon,1
Tidak bisa pilih dasar gaji untuk thr di bpp,1
SELISIH DI LPJ BENDAHARA DAN SALDO UAKPA,1
aplikasi gpp ngga bs ddownlod,1
Aplikasi sudah tidak berlaku,1
Pembayaran Honor KPA & PPSPM,1
Permohonan Pergantian USERNAME_MASKED DAK Fisik dan Dana Desa_Role PPK (Permanen)),1
Permohonan Perubahan USERNAME_MASKED PPK dan PPSPM Satker DAK Fisik Dan Dana Desa KPPN Painan,1
Perbedaan realisasi pada SAKTI,1
Konfirmasi Ulang Data SIKP Menggantung,1
Perubahan Pendetailan Barang Pada Modul Komitmen,1
aplikasi gaji,1
Sakti sebagai Operator Komitmen,1
Permohonan Broadcast HAITALK eps 5: Kenali PPP,1
Gagal Download Tagihan Telkom,1
Rollback Status SKP,1
Lupa Pasword Sprint,1
Penagktifan USERNAME_MASKED,1
Perekaman Cuti Diluar Tanggungan Negara melalui GPP,1
Perbedaan kedudukan pegawai pada aplikasi GPP Terpusat KPPN (Satker 018576),1
Permohonan perubahan kode jenis rekening pada aplikasi SPRINT satker 677805,1
Pengembalian belanja pegawai minus terkait penyusunan Capaian Output,1
USERNAME_MASKED gak bisa login di pc,1
Permintaan Pergantian Admin Jaringan di Kanwil DJPb Bengkulu,1
Penjelasan mengenai pasal dalam Garansi Bank sesuai PMK 145,1
Retur SP2D SPM Uang Makan,1
Supplier VA PLN,1
Gagal Hapus GPP di GPP terpusat,1
SUPPLIER PEGAWAI HILANG,1
PENONAKTIFAN USERNAME_MASKED a.n. ferhad akbar NIP_MASKED,1
Juknis Buka Periode GLP SAKTI,1
pembayaran sewa gedung selama 2 tahun,1
Error transfer pagu pada aplikasi SAS,1
Koneksi ke CBS belum berhasil,1
Unduh Sertifikat PPK,1
Potongan Sepertiga Gaji Karena Perceraian,1
Kode kedudukan pns perbantuan kepala desa,1
Salah Input NIK pada Survei Kesiapan,1
Retur Satker Tidak Keluar di Daftar Retur SPAN,1
Permasalahan data responden Survei CRS SAKTI,1
Problem Bendahara Pengeluaran Bulan Agustus,1
Perlakuan akuntansi Aset Lancar pada LK Satker Dekon/TP,1
Permohonan Pembatalan SPM,1
Permintaan juknis dan materi,1
OMSPAN : PFK 811144 Kosong,1
Anggaran Harwat BMN Polda,1
TIDAK MENERIMA SUBSIDI,1
"Surat Tanggapan Koreksi terbit, tetapi satker gagal catat SP2D",1
Penggantian USERNAME_MASKED TIK Kanwil DJPb Sumsel,1
Kesalahan Pencatatan Tanggal Pembukuan Aset,1
Majene Sulbar DAK Fisik,1
Perjalanan dinas luar kota (Satker BKN Pusat - 017220,1
Konsultasi terkait pembayaran Kekurangan Gaji kenaikan gaji pengabdian,1
Permintaan Penghapusan PMRT KPPN Denpasar per tanggal 11 September 2021,1
Laporan perkembangan pegawai terpapar COVID-19 pada Kanwil Kaltara,1
UKT Mahasiswa baru,1
adk_Gaji_SUSULAN_ADK_Kelengkapan_SK_adk_PegawaiBaru_danHArd,1
"""SUREL KAMU TELAH DI TERIMA "" RE: ""SUREL KAMU TELAH DI TERIMA "" Re: Silakan validasi alamat email Anda",1
aplikasi SIMAK BMN tidak dapat melakukan penyusutan dan pengiriman data,1
Permohonan perbaikan periode data SKP,1
Koreksi setoran,1
Kas Tunai Bernilai Negatif LPJ,1
Alih Jabatan sesuia SK Nomor: KEP-36/PB/UP.9/2021,1
Tidak bisa rekam BAST karena detail COA kurang,1
Pengisian Format Surat Ketetapan Keterlanjuran Setoran Penerimaan Negara PMK 196 2017,1
Revisi Anggaran Pagu Tetap,1
Permasalahan Capaian Output,1
Permohonan Koreksi Kode UAKPB satuan kerja 690470,1
Perubahan nomenklatur,1
Nilai Kontrak > Nilai Penyaluran DAKF Tahap I,1
Perubahan USERNAME_MASKED satker 411755,1
Permintaan perubahan nomor rekening di SPRINT,1
Masalah Pada Aplikasi SAS Modul Bendahara Bendahara Pengeluaran,1
Tidak Bisa Buka Kunci Dokumen OMSPAN,1
Pengembalian pada Pangkat Semula,1
Permohonan Pembatalan Penutupan Periode September 2021,1
Modul Bendahara Aplikasi SAS,1
Reset Password USERNAME_MASKED opr,1
Kab.Majene Sulbar DAK Fisik,1
dokumen perkades tidak bisa dibuka kunci,1
Terima Kasih RE: Terima Kasih RE: Permohonan USERNAME_MASKED Sakti,1
Tidak ditemukan pegawai untuk dinonaktifkan di GPP,1
pergantian USERNAME_MASKED GPP terpusat,1
Aktivasi Portal SAKTI,1
Konfirmasi terkait Pembukaan Kuncian Hal III DIPA Triwulan III 2021,1
Perubahan Kontrak multiyears pada USERNAME_MASKED kantor,1
WFH bagi pengguna SPAN,1
Pembayaran Tunkin,1
Gagal install driver printer dengan notiikasi minta USERNAME_MASKED,1
Akun Langganan Sistem Informasi,1
IDENTIFIKASI PEMBAYARAN,1
indikator kesalahan SPM pada data IKPA-OMSPAN,1
Hasil Download ADK DIPA dan Realisasi di OMSPAN Error,1
Akun pasang listrik,1
token aktivasi digipay,1
Permohonan Petunjuk Pencatatan Konstruksi Dalam Pengerjaan (KDP) pada SIMAK,1
Permohonan Penambahan USERNAME_MASKED Trainer KPPN Denpasar,1
NRP Ganda Pada Satker,1
Permohonan Buka Periode Modul Persediaan Bulan Agustus 2021 Kode Satker 635816,1
Blt tahap sembilab,1
KONFIRMASI PENCAIRAN DANA,1
LPJ ditolak karena Rekening BPG pada aplikasi SPRINT terbaca doble,1
sertifikat PNT,1
Terima Kasih RE: Terima Kasih Re: Penting : Tiket 20210915-96IU5C akan ditutup,1
Tidak Ditemukan Daftar Invoice Standar pada SPM Koreksi,1
Pagu Tidak Muncul Saat Input Pencatatan Penerimaan Barang /Jasa UP Tunai/Bank,1
Penyesuaian Nilai IKPA pada Aplikasi OM SPAN,1
SISA MP TAHUN LALU TIDAK MASUK DALAM SURAT PERMOHONAN PERSETUJUAN PENGAJUAN MP PNBP,1
Permintaan Identifikasi SPAN 20 September 2021,1
Cara Mengubah Komputer SPAN ke NON SPAN,1
Permohonan USERNAME_MASKED operator Sakti,1
Mohon di Rollback SKP e-jafung APK APBN Ahli muda An. Abdussalam. NIP. NIP_MASKED,1
Gagal unggah data PMRT pada SPAN,1
Meminta bantuan perubahan zona waktu dari WIB ke WITA,1
Mengenai Aplikasi Digipay status belum terbayar di aplikasi,1
Pengiriman Surat Tagihan SIKP TA 2021 dan Kelengkapan Dokumen Pendukung,1
Permohonan Pendaftaran USERNAME_MASKED Satker Non-Piloting Lingkup Kanwil DJPb Provinsi Sumatera Utara pada Periode EUT SAKTI Pertanggal 21 September 2021 Tahap I,1
Perubahan Unit Kerja untuk Pegawai pada Aplikasi e-DJPb,1
Perubahan supplierpada kontrak,1
Penolakan Validasi SPAN,1
Permohonan password USERNAME_MASKED,1
COMMERCIAL:Auto Response: RE: Peraturan Terkait Pemberhentian Pembayaran Tunjangan Keluarga( Istri ),1
Kode SK pada GPP untuk pembayaran tunjangan kemahalan,1
Permohonan Penggantian Nama,1
Penggunaan Dana PNBP TA. 2021,1
Kendala Penggunaan CBS,1
Revisi SPM terkait Akun khusus PEN,1
Ketidakaktifan USERNAME_MASKED,1
BMN Belum Tercatat sejak tahun 1970,1
SP2D Tahun 2015,1
tidak bisa upload file pada E-SPM,1
Pemulihan Pagu Belanja,1
Permintaan Juknis Pembuatan Logo KPPN,1
persetujuan Return Gaji dan tunkin,1
Penyerapan dana desa pd omspan tahun 2019 tdk bisa d ubah,1
Void SPHL,1
saldo akhir BKU tidak sama dengan saldo akhir BP Kas Bank+ saldo akhir BP Kas Tunai,1
e-jafung,1
Pergantian USERNAME_MASKED belum berhasil,1
Koreksi Nilai IKPA Penyelesaian Tagihan Bulan Agustus 2021,1
Permintaan VOID SP2D,1
Akun pada OMSPAN tidak tersedia,1
Permintaan Juknis KKP (Kartu Kredit Pemerintah),1
karwas TUP Per Satker dalam bentuk excel,1
Reset Password DJPb Merapat,1
Permasalahan SILPA 2019,1
setting waktu absen bagi pegawai baru,1
Penambahan pegawai baru pada aplikasi SAKTI,1
"saya sudah download simak 20 tapi ngak bisa instal, maaf laptopnya ada heng aplikasi hilang, tolong aplikasi Simak dan persediaan kalau bisa dikirim",1
ubah password,1
perhitungan ikpa,1
Penghapusan Transaksi Komitmen,1
program Subsidi PEN,1
Locked USERNAME_MASKED SPAN Level KASI,1
Penambahan gelar USERNAME_MASKED,1
Konfirmasi terkait tertolaknya pejabat PPSPM di aplikasi SIMASPATEN,1
Sisa encumbrance yang belum dibayar,1
Lupa USERNAME_MASKED MPN g3,1
Permasalahan Pada Aplikasi SMARTBUN,1
Koreksi SP4HL,1
Menambah/memasukan butir kegiatan SKP pada aplikasi e-jafung,1
MASALAH MP PNBP DI APLIKASI E-SPM,1
Pemutakhiran USERNAME_MASKED EUT SAKTI,1
"Gagal Upload ESPM pada Aplikasi ESPM ""Keterangan data saldo SE MP tidak ditemukan""",1
kendala SPBY tidak muncul di modul PPK,1
OTP SPM,1
Tidak Mendapatkan USERNAME_MASKED Password Aplikasi Digit,1
Log in Aplikasi Sakti tidak bisa,1
upload dokumen syarat penyaluran tidak sama dengan yang dicetak,1
Permintaan Pendaftaran Komputer Direktur PKN untuk akses ebanking CBS Bank Indonesia,1
Permohonan migrasi USERNAME_MASKED pandu SAKTI satker mitra kerja KPPN Yogyakarta,1
Kapitalisasi Aset tidak berwujud,1
Cara Menjadi Admin Digit Satker untuk Pendaftaran Sertifikasi PPSPM,1
permohonan roll back skp e-jafung,1
password digit,1
Permohonan upload Peraturan Direktur Jenderal Perbendaharaan,1
OM SPAN gagal masuk,1
Permohonan Solusi atas pencatatan rincian barang pada modul komitmen SAKTI,1
532530 : Perubahan dan Penonaktifan USERNAME_MASKED,1
SP2D belum masuk uangnya,1
Permasalahan atas Jurnal Koreksi SPM,1
Permohonan Perbaikan Data Jafung,1
Merge supplier span,1
Tidak Bisa Hapus Perintah Bayar,1
Hapus Dupak e Jafung,1
Eror Login digipay008,1
Selisih COA pada Rekonsiliasi September 2021 (DATA SIAP),1
Data Transaksi Penerimaan tidak muncul di menu Konfirmasi Penerimaan,1
perbedaan tgl revisi dipa,1
Progress permintaan pemutihan data IKPA Satker KPPN Pati 527322,1
Selisih Pada Saldo Lainnya Menurut UAKPA,1
Subsidi perumahan taman citra Malinda Deli serdang,1
NILAI AKUN Pendapatan dari Penjualan Peralatan dan Mesin PADA NERACA PERCOBAAN DAN CETAKAN SIMPONI TIDAK SAMA,1
Permasalahannya setor pajak,1
Import Supplier Gagal pada Aplikasi SAKTI,1
Penyusutan Tidak Muncul di Simak BMN Satker MTsN 1 Langsa Aceh,1
Realisasi DIPA pada Menu capaian Output Tidak Sesuai,1
aplikasi persediaan,1
pertanyaan terkait pengesahan hibah langsung dalam bentuk uang,1
Pengajuan Proposal Kegiatan,1
Laporan KPPN Putussibau yang terdampak banjir,1
Penolakan Kekurangan Gaji Pensiun,1
Penambahan Kegiatan dan Output Baru BSSN,1
Menghapus Laporan yang sudah diupload,1
"Pemda Kab. Tabalong salah upload LHR APIP di OMSPAN, mau dihapus tapi terdapat penolakan sistem karena data sudah dikunci",1
Aset Tetap tidak wajar,1
Mencetak LHR,1
Kendala Cetak LHR APIP Penyaluran DAK Fisik,1
Terkait SPM yang diajukan oleh Satker Pengguna SAKTI,1
setoran 30 September belum terbaca di erekon LK dan omspan,1
Setting Awal PC SPAN,1
Penilaian kompetensi PPSPM,1
Link Download Aplikasi SAIBA,1
Kelebihan Pembayaran SPPD via MCM,1
Perubahan Nomenklatur Kegiatan BSSN,1
Penghapusan Gaji di GPP Gagal,1
Tunjangan Fungsional,1
Kontrak e-catalog secara multiyears,1
Permohonan-Penghapusan-ADK-PMRT-KPPN-Mataram-per-tgl.-04-Oktober-2021,1
Batal mengajukan KUR di BNI tetapi data masih terekam pada SIKP,1
Permohonan USERNAME_MASKED DAK Fisik dan Dana Desa dalam rangka Pelaksanaan BCP KPPN Putusibau pada KPPN Pontianak,1
Hitung Formulasi MP,1
Setoran PNBP tidak muncul di SIAP,1
SPM ditolak karena data suppleir tidak sesuai,1
Permohonan perubahan NPWP,1
RPD dalam matauang asing,1
Pengajuan DD tahap II Pemda Teluk Wondama (3307) mitra KPPN Manokwari penyalur DFDD (065 - 403698),1
Permintaan key production ws bios,1
Ijin Belajar,1
Mohon Bantuan tidak dapat upload ADK Data Pegawai Uang Makan Bulan September 2021,1
Selisih pada Rekonsiliasi Internal Piutang,1
Cara menghitung selisih di daftar gaji GPP,1
Pembulatan Nominal uang pada belanja barang,1
Perpanjangan Batas Usia pensiun Anggota Polri,1
cara mengubah unit organisasi pegawai pada link edjpb.kemenkeu.go.id,1
subsidi margin,1
Permintaan USERNAME_MASKED Lokal Untuk Mengubah PC SPAN Lama Menjadi PC Non SPAN pada KPPN Muara Bungo,1
Menu Daftar SP2D Per satker tidak Muncul Datanya,1
Permintaan PIN Aktif PPSPM SATKER 640211,1
input mp,1
Pengajuan supplier gaji PPPK,1
KPR atau bantuan PEN untuk KPR Subsidi,1
Tipe Supplier pada Kontrak dengan Swakelola Tipe II,1
Usulan Revisi DIPA,1
gagal kirim capaian output sas,1
Perubahan Nomenklatur Program dan Kegiatan,1
Perbedaan cetakan neraca pada erekon dan saiba pada peralatan dan mesin,1
Santunan bagi PNS Anumerta,1
Bantuan subsidi margin,1
Keterlanjuran setor untuk Iuran Jaminan Kesehatan Pemda Kab. Paser ke Rekening Khusus Kas Negara,1
Untuk pengelola JAFUNG: Pengakuan Angka Kredit,1
Terkait Reviu BAST,1
dupak,1
Koreksi Penerimaan atas PFK,1
Nilai Penyerapan Anggaran pada IKPA Satker Rumkit Bhayangkara,1
Cara Menghilangkan Tunjangan Papua pada GPP,1
rekon simak-saiba,1
Proses adendum kontrak pada SPAN,1
Prosedur Pendaftaran Fungsional Perbendaharaan,1
Program Pemulihan Ekonomi Nasional (PEN) tahap 2,1
Hibah barang 11 okt,1
koreksi data spm,1
Penambahan anak satker gaji Polres Banjarnegara,1
Data Pagu Tidak terbaca pada e-Rekon,1
Pembuatan Paygroup,1
tidak bisa cetak LHR,1
Gabisa cek bantuan subsidi,1
Halaman II DIPA,1
Selisih E-Rekon Simak dan SAIBA,1
Pembatalan verifikasi refreshment PPSPM,1
rollback data pada ejafung,1
Kekurangan Honor PPNPN,1
Perubahan PIC TIK,1
Sandi bank salah?,1
Perbedaan Sistem pembayaran kontrak pada SAS,1
Permintaan USERNAME_MASKED Subbidang Sanitasi (Cadangan DAK Fisik) wilayah KPPN Denpasar,1
Selisih Pada Jurnal Uang Makan,1
Kelanjutannya,1
Pembatalan Approve Terkait Penghapusan BMN dengan cara Hibah,1
COMMERCIAL:Auto Response: RE: Perbedaan Hal III Dipa di Monev PA dengan Hal III DIPA di petikan DIPA Revisi 5,1
Pagu Minus di Aplikasi Monevpa,1
PENOLAKAN PENGAJUAN GAJI INDUK,1
Pembuatan USERNAME_MASKED pada digipay 002,1
permohonan penyesuaian perpanjangan closing date Reksus pada SPAN,1
TRANSAKSI MENGGANTUNG PADA APLIKASI SAKTI,1
Permohonan reset password SAKTI a.n Agus Budi Setiawan,1
Penyesuaian Halaman III DIPA,1
Permintaan pengembalian ADK SPM Aplikasi SAKTI,1
Terdapat perbedaan nilai utang yang belum ditagihkan pada neraca sakti dan nilai kuitansi yang belum di GU pada LPJ bebndahra,1
Tidak bisa login di forum perbendaharaan,1
WebADI,1
Penyamaan adata pegawai Unversitas Negeri Gorontalo (677521),1
Pengajuan Revisi DIPA Hal III KPPBC TMC Kediri,1
Data Rekening Satker Inaktif pada KPPN Bandung II,1
BELUM MENERIMA EMAIL AKTIVASI UNTUK SIMASPATEN,1
PENGEMBALIAN DANA DESA,1
Pagu jadi minus di SAKTI,1
Perubahan Terkait Maintenance SAKTI tanggal 15 Oktober 2021,1
Aplikasi SIKP Umi,1
Gaji P3K,1
SPP tidak dapat dihapus pada Sakti,1
DAK Fisik : gagal update lokasi secara manual,1
Uang REPRESENTASI,1
Juknis Admin Satker SIMASPATEN,1
Penambahan referensi kode satker baru di sakti,1
Bantuan kpr subsidi,1
APIP Kab.Padang Lawas,1
subsidi margin saya kenapa blm dikreditkan,1
Perubahan Realisasi Kontrak,1
Permohonan Perbaikan Transaksi Rekening,1
Proses ADK GPP belum selesai,1
Perubahan akun BAST persediaan,1
Akun PNBP,1
Realisasi APBN TA 2020,1
Troubel Perekaman SPP Kontraktual pada aplikasi SAS,1
Masalah SP2D BUD,1
Kontrak SPAN,1
Login USERNAME_MASKED Satker Digipay Berganti Ke USERNAME_MASKED,1
Pendaftaran Admin GPP Terpusat,1
Subsidi umkm,1
REVISI SISA LELANG,1
akun pendapatan mesin edc,1
Permintaan penghapusan PMRT yang tidak diproses di SPAN dan Hold Invoice,1
Silabi,1
Pendaftaran Data Kontrak,1
Permohonan Email Kedinasan,1
Pembayaran Tukin 2019 - 2021,1
Reset password digit NIP NIP_MASKED,1
Pemuatan Iklan Kegiatan Workshop Duta Transformasi,1
Laman URL_MASKED,1
Pekejraan Tidak Selesai 100% (Lewat Tahun),1
Informasi Pengisian Form. Aset Informasi (SMKI),1
Pergantian USERNAME_MASKED Password Terkait DAMS Kanwil DJPb Provinsi Kalsel,1
revisi halaman 3 dipa,1
Dispensasi Keterlambatan Pengajuan SPM LS Kontraktual,1
Terima ADK Penyamaan Data,1
THR dan Gaji 13 Susulan,1
ADK SPM Menggantung,1
PERTANYAAN,1
kontrak bbm polri,1
PETUNJUK DAN PROSEDUR JURNAL SALDO MELALUI MODUL GL,1
Tata Cara Addendum Mengurangi Nilai Kontrak Tahun Jamak (Multiyears),1
Permohonan File PER-38 s.d PER-43 terkait Juknis Modul SAKTI,1
Cara Melakukan Revisi Buka Blokir,1
Masalah Pada Penandatangan SAKTI,1
Troubleshooting USERNAME_MASKED Persediaan,1
Menonaktifkan USERNAME_MASKED Sakti tingkat Satker,1
Selisih rekon internal dengan subledger aset tetap satker KPPBC Manokwari 411472,1
ACCOUNT_MASKED,1
Data LRA LKPK TW III,1
PEMUTAKHIRAN USERNAME_MASKED SAKTI KPPN TIPE A1 SAMARINDA,1
Pengeluaran dalam 1 DIPA,1
Subsidi KPR BTN,1
akses office kemenkeu pada komputer SPAN,1
Permohonan Penghapusan ADK PMRT pada Modul Pembayaran-Daftar Invoice Hasil Konversi Yang Belum Diproses di SPAN,1
Gagal Approve pada Akun SAKTI USERNAME_MASKED Modul Aset Tetap,1
BAST yang sudah dihapus namun belum terbentuk jurnal baliknya,1
Penggajian pegawai MPP,1
Reqeut OTP pada Aplikasi pandu SAKTI,1
Aplikasi Gaji Terpusat,1
Microsoft Office pada komputer yang sudah join domain,1
Reset Akun Sprint KPA an Drs H.Abd Hafid M Talla,1
Terdapat SP2D satker 677576 nomor invoice 00440T/677576/2021 pada monitoring SP2D Bank status belum terupdate,1
Menu Aplikasi SPAN pada USERNAME_MASKED Seksi PD TIDAK SESUAI,1
Sudah terbit SP2D namun realisasi di SAS tidak muncul,1
Permohonan Migrasi USERNAME_MASKED Pejabat Satuan Kerja Lingkup KPPN Tanjung Dalam Rangka Bimtek SAKTI Lanjutan,1
Undangan,1
Lupa USERNAME_MASKED Password FTP Anggaran.,1
Tidak Dapat Mencatat Pembayaran Dana Titipan Tunai,1
Identifikasi Kode SPAN PT. Telekomunikasi Indonesia Tbk V2,1
"Kekurangan Tunj Struktural sekaligus kelebihan Tunj Fungsional AGUSTIN AMINAH, S.PD NIP. NIP_MASKED",1
Tidak bisa mengisi sumber dana pada modul kas tunai SAKTI,1
SAKTI Modul Pembayaran,1
Tidak Bisa Validasi SPP,1
Status Sertifikat,1
Permohonan migrasi pandu sakti,1
Honor Pejabat SBM 2021,1
Jurnal Kas BLU,1
Pengiriman Surat Dinas,1
Gagal Menonaktifkan Pegawai Pensiun pada GPP,1
Nomor register hibah barang tidak muncul di omspan,1
Terdapat Double Realisasi Pada Salah satu Akun Laporan FA Detail SAKTI,1
SPM masih muncul sakti,1
Permintaan Migrasi USERNAME_MASKED Sakti,1
Pemotongan iuran 1% BPJS Keluarga Lainnya,1
Pergantian Password OMSPAN,1
Revisi MP Tahap II Kejaksaan R.I,1
Permohonan penggantian USERNAME_MASKED KPPN untuk aplikasi digipay,1
Rilis Update SAS 2021 versi 21.0.15,1
Panggilan Telepon dari 02114090,1
Data Deviasi Hal III DIPA di aplikasi OMSPAN->MONEVPA terekam 2 kali,1
LPJ BNPB (648521) SEPTEMBER 2021,1
Permintaan Penghapusan Data SPRINT Ganda,1
Perjalanan Dinas Luar Negeri,1
KENDALA REKAM KUITANSI SATKER 040069 Bappeda DIY,1
pertanyaan,1
Konfirmasi Nilai IKPA,1
Gaji Terusan untuk CPNS,1
Adanya Selisih Realisasi Penyerapan Anggaran dibulan Oktober 2021 yang berpengaruh terhadap nilai RPD bulan Oktober 2021,1
Subsidi bunga marginal,1
pegawai tertolak pengajuan SKPP,1
Akun PIC TIK tidak bisa login di PC Non-SPAN,1
Reklas KDP,1
Perubahan data kontrak,1
Eror pada Silabi,1
Trouble Jaringan Intranet,1
Penonaktifan USERNAME_MASKED Satker 636702,1
Realisasi dan Pagu,1
Dispensasi SPM,1
Salah rekam jenis transaksi di modul aset,1
tanya password,1
USERNAME_MASKED DAK FISIK,1
Permintaan Penghapusan PMRT KPPN Metro per Tanggal 01 November 2021,1
Hibah belum terdaftar di OMSPAN,1
PERMOHONAN BANTUAN LINK LUNAS,1
Mohon Bantuan Untuk Dapat Upload ADK KOM Via Aplikasi SAKTI,1
Perubahan Kedudukan Status Kawin Tidak Dapat di Ubah,1
Referensi SAKTI 2022,1
Jafung APK APBN,1
error pada aplikasi sakti menu cetakan LPJ bendaraha,1
Rollback SKP E-Jafung,1
Diklat yg menunjang operasional kantor,1
Mohon panduan Setting pembuatan FTP Server,1
Penutupan Kontrak di SPAN,1
BELANJA BARANG DAN BELANJA MODAL TERGABUNG DALAM 1 SP3B,1
Permasalahan Data Kepegawaian pada eDJPb,1
adendum kontrak di USERNAME_MASKED Kepala Kantor,1
Permohonan Setup Register Hibah Langsung Barang di SPAN dan di OM SPAN,1
Pembayaran Uang Muka Gaji (Persekot),1
Softcopy sertifikat PNT,1
Addendum Kontrak yang Tertolak,1
Pencatatan pungut dan Setor pajak dalam pembuatan LPJ,1
Sertifikat PNT,1
tentang potongan iuran bpjs di aplikasi gpp,1
Permohonan Permintaan Akun Intranet Ditjen Perbendaharaan,1
Durasi kegiatan diklat,1
AKSES SAKTI WILAYAH,1
Perbedaan RPD pada SPAN dan Usulan Revisi yang sudah disetujui,1
SPAN MODUL BC,1
Pengaktifan USER,1
Permintaan USERNAME_MASKED DAK Fisik Cadangan Pemda Kab. Takalar,1
Proses Kontrak pada SPAN,1
Migrasi Bank Syariah Indonesia,1
Perbedaan Realisasi antara Laporan FA dan Fa Detail,1
Permintaan Penggantian Switch Baru Kanwil DJPb Bengkulu,1
Gagal Upload ESPM,1
Supplier Tidak Ditemukan,1
Permohonan Penghapusan PMRT tanggal 3 November 2021,1
Peenolakan kontrak multiyears,1
minus BKU silabi (urgent help please!!!),1
Nilai Angka Kredit Pendidikan Utama S2,1
Sertifikat Microlearning PPL Bendahara Penerimaan Tahun 2020,1
tes tiket dengan lampiran - migrasi hosting pusintek,1
eDJPb role sekretaris tidak dapat memberi nomor surat,1
Perubahan Terkait Maintenance SAKTI tanggal 7 Nopember 2021,1
pasword intra KPPN Ternate,1
sertifikat PPK dan PPSPM,1
Pengajuan Perubahan USERNAME_MASKED SAKTI Wilayah - 416292,1
Peubahan USERNAME_MASKED dan administrator SAKTI pada KPPN Mamuju.,1
exception report masih muncul,1
"Penayangan Surat Direktur Jenderal Perbendaharaan nomor S-257/PB/PB.3/2021 pada website Perbendaharaan, Intranet dan broadcast HAI DJPB",1
Perbedaan konversi kurs SP3 antara SAKTI dan OMSPAN,1
Upload ADK LPJ Bulan Okt 2021 mengalami eror di APlikasi SPRINT,1
Aplikasi OMSPAN_monev PA,1
Pembatalan Stok Opname pada KPP Pratama Serang Timur,1
Kode Bank Pusat Bank Syariah Indonesia (BSI),1
Eror Pada Saat Proses Approve Transaksi Koreksi KDP,1
UKOM Kenaikan Jabatan JF Fungsional APKAPBN,1
Batas akhir pengajuan SPM Belanja Pegawai Non Gaji Induk,1
Aplikasi SAS dan SPAN,1
SPM KKP,1
perubahan nomor rekening di SPRINT,1
Pelunasan Tagihan Prodia,1
pendaftaran admin simaspaten,1
RSUP dr. Johannes Leimena Ambon,1
Kendala SAKTI Anggaran Minus,1
Pengembalian kelebihan setor tup,1
SKP / Dupak,1
Pembayaran Tunjangan Fungsional dalam Hal Kenaikan Jenjang,1
Pendaftaran Supplier Bendahara Penerimaan untuk SPM P-PNBP,1
Penjelesan Terkait TUP yang tidak terbaca,1
Permintaan Instalasi Office versi 32bit pada PC SPAN,1
Roll back SKP Ejafung,1
Info Pembayaran SPAN,1
SAKTI - sisa pagu bernilai minus,1
PERBEDAAN JUMLAH SISA PAGU PADA SPAN DAN SAKTI,1
Saldo Pagu di SAKTI Minus semua,1
Kekurangan Tunjangan Sandi,1
Menghapus baris hibah yang salah rekam di OMSPAN,1
Aplikasi pin ppspm,1
kelebihan setoran sisa TUP,1
Setoran UP belum muncul pada karwas UP OMSPAN,1
Kontrak Sudah SP2D Tapi Belum Tercatat Realisasinya,1
Pelaksanaan Halfday/Fullday Meeting,1
Revisi DIPA,1
Detil COA Minus,1
Tindak Lanjut Ticket 20210702-U7SB38 (Permohonan Penggantian Sertifikat Bendahara),1
Double Pungut Pajak,1
pegawai pindahan,1
memunculkan MAK belanja barang di KRO layanan sarana internal,1
Pergantian USERNAME_MASKED Supervisor,1
Permohonan pemindahan OU PC nonspan pada KPPN Ambon,1
Perbedaan Sisa Pagu antara SAKTI dan OMSPAN,1
Tidak munculnya data penerimaan negara di OMSPAN,1
Daftar kontrak Kegiatan,1
Ticketing Error Aplikasi Sakti,1
Terkait Subsidi Bunga Progran PEN,1
mengecek laporan capaian output Oktober,1
Pengembalian dana PNBP,1
Mohon bantuan format contoh surat usulan untuk mengikuti e-learning bendahara,1
"Komputer Join Domain, tidak dapat melakukan gpupdate",1
Gagal Approved Pendetilan Persediaan,1
daftar gpp,1
Penolakan adendum,1
Perjalanan dinas untuk Bimtek Mandiri,1
Unreconciled SP4HL,1
Bagaimana Untuk Mengaktifkan USERNAME_MASKED di Aplikasi SPRINT,1
Lupa Password Mail Sakti,1
Lapor Kontrak yang pernah dicabut Data Kontrak nya,1
permintaan USERNAME_MASKED password PIC TIK/supervisor KPPN,1
SPMKP DITOLAK,1
USERNAME_MASKED yang Didaftarkan pada Aplikasi Digipay tidak Mendapatkan Email Aktivasi Akun DIGIT,1
Admin Omspan Kabupaten Buru Selatan,1
Pembatalan kontrak PT Pertamina,1
Tidak bisa membuat SPP,1
fullday,1
Permohonan VOID SP3HL,1
Saldo Tidak Normal - 114211,1
REKONSILIASI BEDA ATAS PENGESAHAN BLU,1
alur kerja pengajuan DUPAK pejabat fungsional yang mengalami Mutasi pada aplikasi E-Jafung,1
Tagihan pada SIKP,1
Salah Koreksi Akun,1
Permohonan Perekaman Dasar Pembayaran Pada Aplikasi SAKTI,1
No PO tidak ditemukan,1
Kendala Paygrup tidak muncul untuk PMRT Hibah Uang,1
marketplace,1
Supplier sudah di daftarkan namun belum muncul di OM-SPAN,1
Troubleshooting Komputer SPAN Kanwil (CWSPAN),1
Penerbitan Sertifikat PPK melalui metode konfersi,1
Permohonan Penghapusan Data Rekening pada Aplikasi SPRINT,1
USERNAME_MASKED DAK Fisik Cadangan,1
Realokasi Anggaran Covid-19,1
E-Rekon LK,1
Belum dapat batuan subsidi rumah,1
Pengajuan Angka Kredit Melalui Perolehan Gelar Pendidikan,1
Permohonan Admin Lokal PC KBN2304G014,1
Cara mendapatkan subsidinya,1
Tidak Bisa Registrasi Akun digit.kemenkeu.go.id,1
Permohonan Penyesuaian Perhitungan dan Data IKPA pada Aplikasi OMSPAN,1
Retur PNBP,1
Penggunaan akun 524111,1
Informasi SPAN TGL 19 November 2021,1
Supplier SAKTI untuk BSI,1
KEKURANGAN GAJI TERUSAN PENSIUN WARAKAWURI ALM KRESNO YUDHO,1
Ejafung PKAPBN (usulan penambahan butir-butir kegiatan bendahara pengeluaran),1
kontrak multi years,1
Aplikasi Pin PPSPM,1
Penegasan Posisi TMR sejak ada Jafung,1
Daftar akun omspan/monsakti,1
Sertifikat BLU Expo 2021,1
Permintaan pendaftaran USERNAME_MASKED,1
Selisih Tagihan KKP,1
feedback,1
Permohonan Remote Akses Pc SPAN,1
Pembayaran transaksi KKP auto debit,1
Import GPP Terpusat Gaji Induk Januari 2022,1
Keterangan,1
Koreksi Akun pada Aset Tidak Wajar,1
Mrekam kekurangan bayar pajak di sakti,1
USERNAME_MASKED PIC TIK tidak dapat digunakan untuk install driver printer pada PC Joint Domain,1
(Urgent) Terdapat TDK COA pada KPPN Sebagai Penyalur DAK Fisik,1
GAGAL REKON PEGAWAI PPPK SATKER 677505 - P2 KPPN YOGYAKARTA (030),1
Pengecekan saldo dan dana tersedia PHLN RKPHLN BALAI IPDMIP,1
dana DAK,1
Permintaaan input satker di pilihan simaspaten,1
Tidak bisa login di forum perbendaharaan (URL_MASKED,1
Kendala dalam membuat kekurangan gaji pegawai,1
Data HostName komputer KPPN Karawang pada Intra.djpbn.kemenkeu.go.id tidak sesuai dengan data fisik.,1
Tidak bisa cetak LHR OMSPAN,1
Ketidaksesuaian data penyerapan anggaran pada Laporan FA Detail,1
Berapa lama proses pooling penyesuaian IKPA,1
Update Data PAK pada aplikasi Ejafung,1
kesalahan input data masa kontrak,1
FA sakti berbeda dengan FA SPAN,1
Status Kawin Pada Aplikasi GPP,1
Keg. restorasi Batur Situs Liyangan,1
Subsidi bunga dlm rangka pemulihan ekonomi nasional,1
Balik nama sertifikat tanah yang dihibahkan,1
Hal IVB DIPA,1
Upload Laporan Keuangan Triwulan III Tahun 2021,1
Digit Kemenkeu,1
mengenai Tindak lanjut/disposisi Direktur SITP,1
NIP sudah terdaftar,1
terjadi kesalahan pada server,1
Langkah-langkah penarikan potongan SPM yang lebih,1
Aktivasi Akun,1
Penolakan Pada Pendaftaran Referensi Satker,1
Penyampaian Dispensasi,1
Penghapusan SLIK,1
terkait E-rekon dan Sakti,1
Penerbitan SPP/SPM Satker Pengguna Aplikasi SAKTI,1
KONFIRMASI PENERIMAAN TIDAK MUNCUL,1
Lupa email Digit,1
Pengaktifan USERNAME_MASKED Gaji Satker Modul PPNPN,1
Kenaikan pangkat II D ke III.A untuk PK APBN terampil,1
Permohonan Penghapusan ADK PMRT KPPN Mataram per tgl. 29 November 2021,1
BAST yang seharusnya dihapus tetapi telah didetilkan terlebih dahulu,1
Tidak bisa tambah volume dan capaian output kegiatan DAK,1
Ubah USERNAME_MASKED di Digit,1
Lanjutan tiket 20211124-KBSPHS,1
Permintaan reset password PPK pada aplikasi digital,1
Mendaftarkan Satker 424302 Institut Agama Islam Negeri Pontianak ke dalam Approval Wilayah USERNAME_MASKED masih dalam satu K/L Kementerian Agama di wilayah provinsi Kalimantan Barat,1
solusi terkait hal registrasi USERNAME_MASKED PPNPN Web,1
Koreksi Akun Setoran BPJS,1
Penghapusan Persediaan dikarenakan Kesalahan Akun,1
permintaan reset password USERNAME_MASKED,1
Kendala Aplikasi SAKTI,1
USERNAME_MASKED Plh. Kepala Kantor,1
Permohonan Pengaktifan Kembali (reset password) USERNAME_MASKED Satker Dinas Kesehatan Provinsi Sulawesi Barat (340047),1
Menyamakan nilai Penyaluran BLT pada kolom Detail dan Summary,1
Sumsel,1
Setiap menu di SAKTI tidak bisa terbuka,1
Gagal simpan SPP Uang Makan,1
realisasi Detail di FA detail berubah setelah revisi,1
Anggaran Kontrak Multiyears yang belum terealisasi,1
Gaji Terusan Pegawai Meninggal Cerai,1
tidak bisa masuk ke USERNAME_MASKED di aplikasi sakti,1
Proses Melengkapi Profil DIGIT,1
Tidak Bisa Mendetailkan Aset Tetap,1
Pecantuman SPP/SPM,1
Penyesuaian Perhitungan Data IKPA,1
Permohonan Pengajuan Perubahan USERNAME_MASKED Tingkat Unit Kerja Ditjen Kerja Sama ASEAN,1
Data Hibah yang tidak terbaca di SiAP padahal sudah dibukukan di SPAN,1
Aplikasi sakti modul penganggaran,1
Tidak bisa download ADK PMRT dari Portal Sakti,1
Tidak Dapat Membuat SPMKP,1
error saat pengisian WEB ADI penyesuaian pagu,1
Permohonan aktivasi URL_MASKED,1
Status E-Rekon Satker 634497 masih Analisa Hasil Rekon,1
Pertanggungjawaban pembelian headset,1
Ciciln KPR BNI naik,1
Permohonan Pembatalan Transaksi Keluar (Pemakaian) Persediaan,1
Rekam spp,1
Saldo awal BLU tidak sesuai,1
Revisi Updating POK,1
Pembayaran Honor Pejabat Perbendaharaan yang Belum Bekerja Satu Bulan Penuh,1
SAKTI - Import PPNPN Spesial Muncul Notifikasi,1
Perbedaan data SIAP,1
Tidak bisa melakukan perekaman transaksi pemakaian pada aplikasi persediaan,1
Aktivasi Digit USERNAME_MASKED Web Modul PPNPN,1
Trouble Saat Akan Mencetak LPJ dan Mengunduh LPJ di Aplikasi SAKTI,1
Penolakan,1
Update Data Referensi,1
masalah import adk terkoneksi span pada sakti,1
"Status ADK SPM ""Belum Dikonversi"" Satker 672906",1
Permasalahan Aplikasi Persediaan,1
Perjalanan Dinas PPNPN (Driver),1
Ejafung Tidak Bisa Login,1
Pembuatan Billing Pengembalian Belanja,1
Aplikasi e jafung terkait penyusunan SKP,1
Perbedaan Pagu DIPA,1
Penyamaan data GPP Terpusat terkait Import Data GPP Terpusat untuk Supplier tipe 3 di APlikasi SAKTI,1
Permohonan role back SKP,1
Reset Pin PPSPM 984438,1
"Urgent - Pendaftaran Data Supplier di SPAN: ""Data yang ada sudah berlangsung""",1
MP PNBP Saldo Tidak Cukup,1
Permohonan Roll Back a.n Rizky Kurniasih NIP NIP_MASKED aplikasi e Jafung,1
Rekonsiliasi Rekening Koran hasil Jurnal Kas BLU,1
Cara Mengubah Data RPD - Tanggal Pembayaran pada Portal SAKTI KPPN,1
Permohonan Pembukaan Akses USERNAME_MASKED SAKTI,1
Ceklis PPK Umum pada sakti,1
Pembuatan Paygroup Hibah Kas,1
Permohonan Penyesuaian data Revisi DIPA di SPAN,1
PPNPN 2022,1
Gagal dan Error Saat Rekam SPP LS-Kontraktual Satker 672906,1
SAKTI Lambat,1
Monitoring terkait revisi dipa,1
Pembuatan SPM PPNPN Induk Januari 2022 Pada Aplikasi SAKTI,1
Penolakan Gaji Induk Januari 2022 Pada SPAN,1
Solusi terkait belum adanya email balasan Aktivasi USERNAME_MASKED Satker Modul PPNPN dan PPK,1
Mohon bantuan atas kendala LPJ pada satuan kerja 626397,1
Data capaian output satker tidak bisa masuk di OM SPAN karena perbedaan revisi DIPA,1
Perubahan Data Nama Bank pada SPAN,1
Data Migrasi PPNPN,1
Penolakan SPM Gaji Induk Jan 22,1
Saldo tidak normal di e-rekon,1
Kendala OTP SAKTI,1
Pengajuan email SAKTI,1
Perbaikan flyer perayaan Natal Bersama Keluarga Besar Kemenkeu 2021,1
Rekonsiliasi belum terpush ke E-rekon,1
gagal validasi gaji pada aplikasi SPAN,1
Subsidi kpr program PEN,1
Roll Back Status,1
PENYESUAIAN REVISI DIPA 635230 635232,1
ASET PERALATAN DAN MESIN TIDAK MASUK KE SAIBA,1
Kesalahan Input Kode Barang pada Aplikasi SAKTI,1
Pembayaran SPM sumber PNBP menggunakan LS,1
Permohoanan Ubah Tanggal Revisi DIPA pada OM SPAN agar disesuaikan dengan Dokumen Sumber,1
E-BG tidak bisa disimpan atau edit,1
Penyesuaian Revisi DIPA OMSPAN satker 423406,1
Mohon informasi balasan atas ND nomor ND-896/WPB.30/2021 tanggal 13 Oktober 2021 mengenai penyesuaian data IKPA,1
Gaji Induk Pegawai Tugas Belajar Luar Negeri,1
GPP to SAKTI .. pegawai tidak bisa diimport data suppliernya,1
PPh bagi Jasa Konsultan pada Proyek BLN,1
sisa kontrak yang tidak terealisasi pada SPAN,1
Perbaikan data Posting DIPA terkait Caput,1
Mohon ijin pak,1
Pengembalian PFK,1
terkait PIN PPSPM berbeda utk SPM pengesahan Hibah uang,1
Mohon Info untuk Persetujuan SPM,1
Capaian Output November 2021,1
Retensi Kontrak,1
Reset USERNAME_MASKED/SIMASPATEN,1
Pengaduan penerima PEN KPR BNI Griya,1
pencatatan bank garansi di sakti,1
mengapa interkoneski gagal terus?,1
Perbaikan Akun Penerimaan tahun 2020,1
pelepasan / penghapusan SIKP,1
Permohonan BAST untuk di Void di Laporan FA detail,1
mphl bjs,1
Setoran Pengembalian UP PNBP untuk menambah sisa dana MP di eSPM,1
Akun Potongan Pensiun dan THT,1
LUPA PASSWORD DI APLIKASI DIGIT,1
Pertanggungjawaban UP Terakhir,1
masalah mysql pada SAS,1
Double pada menu cetak Arsip SPM,1
BG masih gagal konfirmasi,1
Penyedia Barang dan jasa,1
SUBSIDI BUNGA/SUBSIDI MARGIN BAGI UMKM PROGRAM PEMULIHAN EKONOMI NASIONAL (PEN),1
Program Subsidi Bunga KPR,1
Penerima bantuan subsidi KPR BTN,1
Perbedaan akun 521111 dan 521119,1
download garansi bank,1
Subsidi pen,1
Buku Saku Penilaian DUPAK,1
Nomor Dokumen Kwitansi Sama,1
Perpanjangan Sertifikat,1
Lupa USERNAME_MASKED password monsakti,1
Kepala Subbagian Umum sebagai USERNAME_MASKED/Verifikator E-Jafung,1
aktivasi USERNAME_MASKED dan simaspaten,1
Biaya jamuan eselon 1,1
Konsultasi Penyelesaian Terkait Kesalahan pada Koreksi Penerimaan,1
selisih nilai potongan,1
Permintaan Pembatalan (void) SP2D KPPN SORONG,1
Penarikan Data Excel RKKS Pada Monsakti,1
Ejafung PKAPBN,1
"Daftar dokumen BAST dengan akun 523123 yang dibayar memakai UP yang dicatat di aplikasi SAKTI pada modul KOMITMEN menu""",1
"Rekening giro sudah di tutup, tapi belum memiliki VA",1
Akun Pengembalian Uang Muka kontrak,1
Penolakan SPM pada SPAN,1
Penolakan SPM PNBP pada Aplikasi E-SPM,1
Bank Garansi,1
E-BG (Bank Garansi Elektronik) Tidak Terkoneksi ke OmSPAN dan SAKTI,1
Pengajuan USERNAME_MASKED Persedian Wilayah dan USERNAME_MASKED Wilayah,1
H2H MPN Beberapa Bank terpantau Offline,1
Kontrak Tidak Muncul,1
nrp dobel,1
Penggunaan akun 533121 untuk Dicatat Sebagai Peralatan dan Mesin,1
Konfirmasi Bank Garansi Interkoneksi Bank Mandiri Satker 059647 pada OMSPAN,1
Pembayaran langganan e Journal,1
Permohonan USERNAME_MASKED Join Domain,1
akun belanja penambahan daya listrik,1
e-jafung terjadi kesalahan tampilan di menu bukti fisik seminar,1
Tidak bisa masuk ke akun Digipay 002,1
Permohonan rollback status SKP Aplikasi E-Jafung atas nama Adnan Soleman NIP NIP_MASKED,1
KODE BARANG UNTUK PENAMBAHAN DAYA LISTRIK,1
Tidak bisa mencetak Memo pengesahan Hibah barang,1
Permohonan rollback DUPAK EJAFUNG,1
Konversi sertifikasi PPSPM,1
Pencatatan KDP,1
Aktivasi USERNAME_MASKED Reset Pssword Digit,1
seputar jafung,1
Kode satker MPHL BJS (help urgent!),1
reset password akun DIGIT,1
terkait ppnpn web,1
Perubahan SKP pada e-jafung,1
Status transaksi pada MONSAKTI,1
MarkerPlace,1
Pembuatan SP2HL Tidak Keluar ADK nya,1
Roll Back e-Jafung APK APBN,1
Permohonan Data DIPA Petikan Tahun 2011,1
Detil Akun Pada DIPA,1
Tidak Singkron Data di BPP dan BPG (Satker 548954),1
Mohon Pengaktifan Akun Digit Kemenkeu,1
Jam upload spm ppnpn induk dispensasi tgl 27-12-2021,1
Perubahan SKP pada e jabfung,1
Pesan eror modul PPNPN,1
"Modul Penganggaran, Gagal Download Petikan DIPA",1
Error gagal membentuk report hanya untuk hal SP DIPA,1
temuan BPK_nilai Buku minus dalam e- rekon,1
Dokumentasi Seminar untuk lampiran DUPAK APKAPBN,1
Saldo Belanja Modal dan Barang Dibayar Di Muka,1
Gagal Login pada Digipay Menggunakan DIGIT,1
permasalahan terkait e rekon,1
Permohonan Rollback SKP,1
Batas Waktu Perhitungan IKU HAI CSO Triwulan IV Tahun 2021,1
Pemambahan Butir kegiatan di SKP,1
Pertanyaan Terkait Informasi Magang,1
akun digit,1
Permintaan Penghapusan PMRT KPPN Ternate periode 1 s.d. 20 Desember 2021,1
PERMINTAAN VOID SP2D KPPN BATAM,1
Pemulihan FA terkait Pembatalan Transaksi Persediaan,1
Penolakan ADK PMRT dari SPAN,1
Perintah Bayar Tidak Muncul Saat Membuat Kuitansi,1
Void SP2D,1
ttg E Jafung,1
Permintaan USERNAME_MASKED Password OMSPAN,1
Lupa passowrd digit,1
Pemutakhiran Data POK dan Pemutakhiran Data,1
Serifikat kegiatan coaching clinic Sakti,1
PENDAFTARA USERNAME_MASKED,1
Hasil Rekon TKTM,1
Perbedaan Realisasi di kantor KPPN Banda Aceh (527560),1
Koreksi SPM di Sakti,1
Permohonan pembukaan Periode Buku Januari- Juni 2021,1
penyeleiaian supend pengembalian belanja,1
Penyampaian Perubahan Dokumen Rencana Bisnis dan Anggaran (RBA) BP Batam TA 2023 (Indikatif),1
permohonan broadcast maintenance monSAKTI,1
Rollback SKP jabfung PK APBN Penyelia,1
Update Data Web Satu DJA,1
LPJ BPP pada modul Sakti Bendahara,1
Sertifikat E learning,1
om span desember 2021,1
Om-span,1
Pembatalan SKP Jabfung 2021,1
Persyaratan Calon Bendahara mengikuti Sertifikasi Bendahara,1
ingin download rincian kerja satker,1
"Permohonan rollback SKP pada aflikasi e jafung, terimakasih",1
Info sertifikat PNT,1
Pengajuan Gaji Bulan Februari Tahun 2022,1
Realisasi pada OM Span,1
Permohonan Roleback SKP pada aplikasi E-Jafung,1
permohonan Roll back e jafung,1
Status SPM GUP Nihil menjadi Batal ADK SPM,1
Permintaan USERNAME_MASKED SAKTI Satker Loka POM di Kabupaten Rejang Lebong,1
Tidak bisa impor GPP,1
Permintaan pendaftaran USERNAME_MASKED level KPPN Selaku Kuasa BUN pada KPPN Rangkasbitung,1
gagal registrasi akun DIGIT,1
Permohonan install driver printer baru pada PC SPAN,1
Permintaan Pengunggahan Modul e-Rekon&LK ke situs DJPb dan intranet DJPb,1
Permohonan UP TA.2022,1
Rekonsiliasi,1
Tidak bisa login e jakfung,1
mengubah butir kegiatan SKP pada ejafung,1
Penolakan SPM Tukin SPM NO 00008,1
Mohon Tanda tangan RBA,1
Perbedaan Data Realisasi dan Caput yang Signifikan TA 2021,1
ak pkapbn,1
Perhitungan IKPA LPJ Desember 2021,1
Permintaan USERNAME_MASKED Computer yang telah unjoin domain,1
Registrasi web gajikita PPNPN,1
Pembayaran Lembur Tahun Anggaran Yang Lalu,1
Pendaftaran dan Perubahan USERNAME_MASKED SAKTI,1
Perbaikaikan SKP,1
Gagal Cetak SPMMJ Lewat EDJPB Old Version,1
E_Jafung APK/PK APBN,1
ejapung,1
Menu Dashboard pada MPN G3 setelah Login Tidak Lengkap,1
pembuatan TUP,1
E-Jafung Pranata Keuangan,1
Migrasi dari simponi ke mpn simponi,1
Permohonan rollback SKP ejafung,1
Pertanyaan Seputar SAKTI,1
Migrasi Simponi ke Teasury Billing System,1
Permohonan Narasumber Pengelolaan Kontak Center Hai DJPB,1
Kesulitan upload LPJ Desember 2021 Kantor Pertanahan Kota Pekalongan (429972),1
Kendala Log In Aplikasi E-Jafung,1
Data untuk konfirmasi Penerimaan Negara tidak muncul,1
Roll back aplikasi e jabfung utk edit periode SKP semester 1,1
bagaimana langkah saya selanjutnya?,1
Cek update WA,1
Pembatalan SP2D Nihil,1
Pendaftaran Kontrak Belum Diproses,1
Permintaan Pembatalan (Void) SP2D KPPN Saumlaki,1
migrasi simponi,1
Supplier PPNPN,1
Permohonan Perubahan Hai CSO Role Pelaksana KPPN Barabai,1
Registransi di MPN NOW,1
SPM Gaji SAKTI Februari ditolak KPPN,1
Pengisian Verifikasi Pengusul DUPAK JF PKABN,1
Pengajuan Dupak APK APBN dan PK APBN,1
Permintaan rollback e-jafung,1
Permohonan buka periode aset desember 2021,1
Modul Pembayaran tidak ada pilihan 4679EAC dalam kolom isian Kegiatan,1
Pendaftaran Supplier/Kontrak pada Portal SAKTI,1
Permasalahan terkait LPJ Bendahara pengeluaran di aplikasi sprint,1
MTsN 6 Klaten,1
Gagal tarik data SPM GUP,1
Admin USERNAME_MASKED,1
Tolakan validasi SPAN,1
Pembayaran Tunggakan Tahun Anggaran yang lalu,1
Akun Digit terdaftar tapi tidak diketahui email,1
Token Aktifasi DIGIT Kadaluarsa,1
Tidak bisa sign in/sign up digit,1
login simaspaten,1
Data dari Simponi tidak berubah ketika di migrasi ke MPN,1
Biling Perbendaharaan,1
Migrasi Data SAS ke Web PPNPN (satker piloting),1
Cara mencatat pembayaran bank garansi karena pekerjaan yang belum selesai di akhir tahun anggaran,1
Pencatatan kontrak pembangunan gedung dengan Bank Garansi,1
Berkas ADK GPP tidak dapat terbuka,1
SCRIN SHOOT pada saat aplod lpj,1
Mohon bimbingan perbaikan transaksi Penerimaan Negara pada aplikasi SAIBA,1
Akses Aplikasi SAKTI Lambat,1
lupa email simponi,1
Gagal Membuat SPP Uang Makan Tambahan,1
Migrasi Billing Perbendaharaan Gagal,1
Permohonan penyesuaian Perhitungan IKPA,1
Internal server error e jafung,1
aplikasi DIGIT tidak tersambung ke SIMASPATEN,1
IMPORT DATA GAJI TERUSAN,1
tidak dapat reset password,1
tidak bisa upload adk,1
Penolakan SPM UP,1
Reset password admin,1
Penolakan PMRT,1
"Terdapat jurnal uybdt pada modul GLP, dikarenakan bendahara pada saat menginput SPBy di SAKTI tidak memilih BAST yang ada di modul Komitmen",1
Koreksi Kelebihan Setor TUP di SPAN SEKSI Bank,1
Permasalan SAKTI,1
USERNAME_MASKED TAK KUNJUNG KELUAR,1
Pengajuan UP pada KPPN,1
Migrasi Akun Simponi KPKNL Serang,1
Seputar FA Detail 16 Segmen,1
Migrasi Akun Simponi,1
Migrasi pengguna Simponi,1
TOLAK ADK SPM,1
Permasalahan terkait penolakan spm,1
COA tidak ditemukan saat membuat SPP,1
penjelasan pengajuan gaji ppnpn januari 2022,1
Mohon bantuanya kami akan melaksanakan migrasi Apk Simponi ke Apk MPN G3 ada kendala pada pasword yang terdaptar yaitu akun email EMAIL_MASKED demikian terima kasih bantuannya,1
Sudah Bayar Pajak Transaksi tapi Via kantor Pos,1
permintaan persetujuan UP satker 307491,1
migrasi gagal dari simponi,1
"Status DPP Gaji PPNPN masih ""0-Permintaan Proses""",1
Penerimaan SPM Gaji Februari 2022,1
Migrasi Biling Perbendahraan,1
Mengetahui SIKP,1
Informasi PIN HAI CSO,1
Pembatalan Permohonan reset USERNAME_MASKED,1
Tunggakan Tahun Yang Lalu,1
Akun KRO tidak lengkap,1
migrasi saldo BP Pajak Tahun 2021 ke Tahun 2022,1
kendala proses migrasi pengguna simponi ke MPN G3,1
USERNAME_MASKED pasword KPA tidak terdaftar,1
Kendala Aplikasi sakti ketika hendak rekam SPP,1
PERUBAHAN NOMOR SPP DAN SPBY,1
dinsos,1
Pendaftaran USERNAME_MASKED Unit Eselon I,1
DIGIT tidak bisa LOGIN,1
blm aktif,1
Sumber Dana PLN,1
Referensi Satker pada perekaman registrasi pengguna aplikasi Gaji Web PPNPN,1
perubahan tanggal SPP,1
Permohonan Void SP3 No. NPWP_MASKED,1
Lupa email yang terdaftar pada Simponi Pajak,1
Perubahan Proporsi KKP,1
Permasalahan pada aplikasi digit,1
Double pencatatatan mengakibatkan minus,1
Treasury Billing System,1
ganti notebook,1
Perbedaan data antara kode billing dan NTPN pada sistem Bea Cukai,1
tidak bisa login aplikasi gajikita,1
RESET PASWORD DIGIT,1
Supplier tidak memiliki NPWP,1
USERNAME_MASKED aktif tapi tidak bisa masuk aplikasi PPNPN,1
Penghapusan ADK Migrasi 2022 di Gajikita,1
Penjelasan Uang Harian Dalam Kota,1
Tidak bisa menyimpan transaksi sakti pada modul bendahara penerimaan,1
EMAIL AKTIVASI AKUN DIGIT,1
Cara mengganti USERNAME_MASKED sakti,1
Kode KPPN pada aplikasi MPN G3,1
Kendala MPHL BJS Satker Kejaksaan Negeri Cilacap,1
Permohonan pasang banner di e-djpb,1
Mohon izin untuk USERNAME_MASKED,1
Koreksi Transaksi Penerimaan Negara,1
SIMSERBA,1
Upload adk ppnpn januari di web ppnpn,1
Selisih pada Rekon T.A. 2021 (unaudited) satker 411280,1
Hasil Penarikan Buku Besar SPAN Tahun 2021 Satker 999704 Nihil,1
Permohonan penambahan kodepos referensi sakti,1
Akun DIGIT saya kok sudah ada dan ketika reset ulang psswd kok nda terdaftar,1
Mohon penjelasannya,1
Gagal upload supplier tipe 6,1
Data MPHL BJS TAYL belum terpush pada data SIAP E-Rekon,1
Akses ditolak,1
aplikasi ppnpm,1
Pendaftaran USERNAME_MASKED Tertinggal,1
akun setoran,1
Suplier type 6 kodepos tidak terdaftar,1
Modul Komitmen menu Import Supplier (Interkoneksi Langsung SPAN),1
Gagal adk migrasi PPNPN,1
Setting Pagu Per PPK Modul Anggaran,1
akun digit kemenku,1
Permohonan Reset Password Digit - 690398,1
Tidak bisa cetak SPM,1
Permintaan Pembatalan (Void) SP2D KPPN Jakarta II,1
Perubahan Data PPNPN,1
Aplikasi Gaji PPNPN,1
Import GPP terpusat untuk gaji PPNPN,1
Pendaftaran Pengguna Baru SAKTI,1
PPK SAKTI,1
Mohon izin untuk melakukan proses reset digit dengan data sebagai berikut,1
Error (hubungi admin) saat melakukan migrasi PPNPN (satker non piloting),1
Kekurangan modul SAKTI pada operator a.n Rafani,1
Migrasi PPNPN Eror,1
Pesan error aplikasi gaji PPNPN,1
Eror Pembuatan Gaji PPNPN,1
Input data di gaji web PPNPN hanya loading saja,1
perubahan tipe pengguna kementerian / lembaga,1
Membuat Usulan UP PNBP,1
Pembatalan Persetujuan BA Stock Opname,1
(URGENT) PENOLAKAN SPMKP,1
monitoring upload migrasi ( data Tidak Valid),1
NOMOR DPP PPNPN WEB,1
SIMAK BMN,1
Tidak dapat melakukan setting penomoran DPP Aplikasi Gaji PPNPN,1
Permohonan Pengaktifan USERNAME_MASKED Satker Modul PPNPN,1
Nilai tagihan lebih kecil dari nilai termin yang didaftarkan,1
Perekaman Kontrak dengan Sumber Dana PHLN,1
Perubahan user,1
Gagal membentuk report ketika Cetak SPM,1
Permohonan hapus DPP satker Piloting,1
Penggantian NPWP supplier tipe 3,1
Penolakan Pendaftaran kontrak di SPAN akibat beda supplier di SAKTI,1
USERNAME_MASKED Kemenkeu,1
Pergantian admin PPK pada Simpel LPSE Kemenkeu,1
Supplier tipe 6,1
Akun untuk pemeliharaan dan operasional,1
Penghapusan ADK Migrasi PPNPN Web Satker 017220,1
perubahan nama nomenklatur satker pada suplier tipe 1 dan tipe 3,1
Aplikasi Persediaan,1
Kesalahan penginputan NPWP kantor,1
Tidak bisa masuk akun DIGIT,1
permohonan penghapusan database di web ppnpn,1
BELUM ADA KONFIRMASI DARI AKUN DIGIT,1
Situs jendela umkm yang tidak bisa di akses,1
Hostname PC,1
Pembayaran Tunggakan Belanja 52 Tahun 2021,1
Permohonan pemindahan referensi KPPN pada SPAN,1
Penggunaaan Akun/MAK untuk Layanan Konseling menggunakan media telekomunikasi online dan tatap muka bagi Pegawai,1
Pertanyaan terkait LPJ pada SAKTI,1
Penjelasan terkait Lampiran SPM UP PNBP,1
Link aktivasi digit tidak masuk email,1
pilihan PFK tidak muncul,1
"SP2D GUP KKP TIDAK BISA DICATAT DI MENU ""MENCATAT PEMBAYARAN DANA TITIPAN""",1
Aplikasi tidak dapat digunakan,1
Penambahan Referensi Kode Pos pada Aplikasi SAKTI,1
Pajak PPNPN dan permasalahan validasi supplier PPNPN,1
TIDAK DAPAT UPLOAD ADK LPJ PADA SPRINT,1
Aplikasi SAKTI Modul Bendahara Tahun 2022,1
akun untuk pembelian obat-obatan kebersihan kendaraan,1
Salah Pendetilan COA,1
LPJ BENDAHARA PENGELUARAN,1
Lupa password simaspaten,1
Resset Password Sakti,1
Upload LPJ pada Aplikasi Sprint,1
Tidak bisa Upload LPJ di SPRINt,1
JADWAL DISPENSASI PENYAMPAIAN SPM TUP/GUP NIHIL,1
Daftar SP2D Satker 664276 Tidak ada?,1
Pembayaran Gaji PPNPN Susulan,1
Permohonan Konfirmasi USERNAME_MASKED,1
Rekam Usulan pada SIMASPATEN,1
Perjalanan dinas luar negeri,1
"Informasi ""ID 35117 sedang proses"" pada PPNPN desktop",1
Reset Password Aplikasi Digit,1
Penyelesaian Saldo Tidak Normal Pada E-Rekon,1
Tidak dapat mendaftar di aplikasi SIMASPATEN untuk mengikuti Diklat/Pelatihan PPK,1
Pendaftaran USERNAME_MASKED Role Pembayaran BPP,1
lupa email dan password,1
Pengajuan SPM GUP terkait kendala LPJ SPM,1
Permohononan USERNAME_MASKED di Sprint,1
USERNAME_MASKED penerimaan,1
URL_MASKED EROR Function: terbilang,1
Permohona Pendaftaran Email Sakti,1
Realisasi minus pada belanja modal,1
KESALAHAN DATA DI OMSPAN,1
Fitur Bantuan Masuk Sakti Mail,1
Permohonan akses pandu sakti,1
Gagal simpan SPBy,1
Aplikasi PPNPN 2022 Dekstop Tidak Dapat Dibuka,1
Penolakan SPM Validasi Gagal karena Pernah Diupload,1
Aktivasi Wuser Web PPNPN,1
Satker BNN Kota Tegal (419228),1
Data Void SP2D Masih Muncul di Exception Report pada SPAN,1
Pelatihan JF APBN,1
Permohonan aktivasi/reset password,1
validasi supplier PPNPN,1
Pencatatan Uang Muka di modul Sakti,1
Permasalahan Perekaman BAST Kontrak,1
Aplikasi PPNPN Web Muter2 terus,1
Selisih LPj bendahara dengan UAKPA,1
SAKTI INPUT PNBP SBS BENDAHARA PENERIMAAN,1
Penyampaian PAK,1
Belanja modal,1
SUPPLIER SELALU TERTOLAK,1
Penolakan Resume Tagihan akibat Supplier,1
Perangkapan Jabatan Bendahara Penerimaan dan PPSPM,1
Menu Membuat LPJ tidak Muncul,1
Selisih Bendahara Penerimaan,1
server latihan SAKTI,1
REFUND (RESTITUSI SPT PPH BADAN 2018 & 2019) - NO.SKN,1
SURAT PERMOHONAN PERMINTAAN NOMOR REGISTER HIBAH,1
Kendala Sakti ( ADK LPJ Pengeluaran ),1
"USERNAME_MASKED belum aktif, silahkan hubungi Admin.",1
Permintaan Pendaftaran Hostname ke OU KPPN Manna,1
Generate ADK LPJ Pengeluaran Gagal,1
Permasalahan Pengajuan Gaji Induk PPNPN,1
Penambahan Tunjangan Anak,1
MP PNBP di sakti,1
penambahan informasi,1
Permasalahan Pembuatan SPP Tunjangan Kinerja Satker 344845,1
TIDAK BISA MINTA KODE OTP DI SAKTI MENU PPK,1
Perubahan Nama Pemilik Rekening,1
Pembuatan Billing Penerimaan PFK,1
Penggantian alamat email,1
Juknis satker BLU,1
Pembayaran uang makan,1
Akun Pejabat Penerima Barang pada aplikasi Digipay002.id Tidak Ditemukan,1
Pribadi,1
Terkait MP (Maksimum Penggunaan) di SAKTI,1
Permohonan penghapusan monitoring upload,1
PENGAJUAN MP PNBP,1
Migrasi data PPNPN,1
ADK LPJ Bendahara terbaca selisih pada Aplikasi Sprint,1
Kendala Pembuatan Kekurangan ULP pada DPP Satker,1
Aktivasi akun DIGIT,1
BPP dengan VA dan KKP,1
Pencadangan Dana pada Sisa Dana Per Akun DIPA Satker Minus,1
Reklasifikasi akun,1
Mohon Jawaban atas ND 97/KPN.0101/2022,1
ADK LPJ Penerimaan tidak ada setoran padahal sudah upload ADK Simponi,1
Monitoring TDK Rekonsiliasi Internal BMN Pada Aplikasi E-Rekon,1
Data supplier duplicate,1
Implementasi SAKTI Rigid dalam Modul Pelaksanaan dan Pembayaran,1
Realisasi Belanja SAKTI,1
Permohonan Peng aktifan DIGIT,1
Permohonan pembatalan approve karena salah tanggal pembukuan,1
LPJ BLU tidak bisa di Approve / Tolak pada aplikasi SPRINT,1
Tidak Bisa Login USERNAME_MASKED/ LK,1
Permohonan Perubahan Password Aplikasi OMSPAN USERNAME_MASKED dan BPKAD,1
"sudah ubah nomor HP PPK, muncul notifikasi belum mapping",1
Halaman 3 dipa,1
Penolakan ADK PMRT,1
lupa alamat email lama di aplikasi simponi.kemenkeu,1
ADK SIMPONI TERBACA SEBAGIAN TRANSAKSI PADA SAKTI,1
Perminttan USERNAME_MASKED password OM SPAN KPPN Timika sebagai pengelola BOS 2022,1
Batal Validasi pada USERNAME_MASKED,1
Kewajiban LPJ,1
Perubahan Referensi Nama Satker di SAKTI,1
MP PNBP tidak terpusat,1
Tidak Dapat Mengupload ADK GPP Uang Makan PNS,1
Konsultasi K3,1
Mohon Posting Transaksi SP2B BLU di e-Rekon&LK,1
Idea #7 for new members of ContactCenterWorld.com,1
Bagan akun standar 2022,1
Pengajuan Pengembalian Pendapatan dari Potongan SPM,1
SAKTI web,1
Error aplikasi e-jafung,1
Penolakan pada web PPNP bulan Januari 2022,1
Perubahan USERNAME_MASKED Pengguna Sakti (KPA DAN PPK),1
Petunjuk Perubahan USERNAME_MASKED Pada Aplikasi Gaji Modul PPNPN,1
Mohon bantuan tanggapannya terkait Perubahan USERNAME_MASKED Pada Aplikasi Gaji Modul PPNPN,1
Mohon RESET DIGIT,1
Akun simponi sudah berhasil migrasi ke MPN G3 tetapi gagal masuk/login,1
Tidak Bisa Mengecek AK hasil sidang Pleno (JF PK APBN) (Error),1
Biaya Pemulangan Jenazah,1
persyaratan rekomendasi dapat naik pangkat/gol,1
Error: Sudah dibayar pada nominatif (gaji bulanan) bulan 01 tahun 2022 nomor 000006,1
Ganti email Simponi,1
Permintaan Data DFDD,1
USERNAME_MASKED DUPLIKATE DENGAN SATKER LAIN,1
"Bagaimana penyelesaian atas transaksi Retur Valas USD pada tanggal 17 Februari 2021 yang mana status transaksi tersebut ""belum dibuatkan rekonsiliasi"" sedangkan GR Period ditutup?",1
Jenis SPM Uang Makan PPPK Satker RRI,1
Permohonan USERNAME_MASKED Password Aplikasi E-Monev,1
Peng-aktivan tombol approve LPJ Pengeluaran,1
Migrasi SIMPONI ke MPN,1
permasalahan Suplier 3,1
Mau masuk ke sistem MPN G3 03 sistemnya terkunci gmn ya,1
Perubahan/perbaikan data NIK tidak dapat disimpan,1
Konsultasi Aplikasi SAKTI Modul Bendahara Penerimaan dan Pembayaran Hak Pensiun,1
Error pada email SAKTI,1
Informasi Narahubung DIGIPAY untuk Konfirmasi Undangan,1
APLIKASI BPP,1
USERNAME_MASKED untuk Proses Revisi Anggaran,1
Pertanyaan mengenai Penetapan Angka Kredit APK APBN,1
LOKASI SATKER DI KODE REFERENSI SATKER PADA APLIKASI SAKTI,1
Permohonan Perbaikan Data pada Aplikasi SAKTI yang terhubung dengan OM SPAN,1
Perekaman saldo awal SAKTI,1
Kode NTPN OM SPAN,1
Pengembalian uang muka,1
Permohonan Reset Password Email Kedinasan,1
ADK K3 Tidak Dapat Upload Di SIMAK BMN,1
BELANJA DENGAN KARTU KREDIT PEMERINTAH,1
Juknis Perekaman Transaksi KKP,1
permohonan reset password digit.kemenkeu.go.id,1
Pembuatan SPP Uang Makan,1
tindak lanjut terhadap data kontrak,1
Permohonan Perubahan USERNAME_MASKED E-SPM,1
"Input Pagu Per PPK , PPK Tidak Muncul",1
"Penetapan USERNAME_MASKED, Operator, dan Administrator pengguna Aplikasi SAKTI KPPN Tual",1
password salah,1
Pembuatan SPP kontraktual dengan banyak akun,1
migrasi PPNPN untuk satuan kerja 654336 KPU Provinsi Sumsel,1
Permohonan Perubahan USERNAME_MASKED Wilayah,1
Digipay,1
Tidak bisa menemukan ID Vendor digipay002 sebelumnya di aplikasi digit,1
Jafung Pranata Keuangan APBN Terampil,1
Batal Catat SP2D,1
Great words from Jesus Christ that will remain forever,1
Panitia,1
Pendaftaran USERNAME_MASKED BUN,1
import adk pegawai suplier type 3,1
cleansing adk migrasi,1
USERNAME_MASKED CSO/JF,1
Registari Portal MPN untuk billing TGR,1
ADK Supplier Masih Rejected Meski Nama Pemilik Rekening Sudah Sesuai,1
Penihilan SIKP AN. AINI RIFAH,1
Saldo Kas BLU pada Laporan Kas Posisi berbeda dengan e Rekon,1
gagal download Softfile LPJ di Sprint,1
Lupa Password Digit Gajikita PPNPN satker 690374,1
tidak bisa input sp2d,1
Puskesmas Caringin,1
Kuitansi Sudah Dihapus tetapi Muncul Kembali saat DRPP,1
Pembayaran Tunggakan,1
Kendala Migrasi PPNPN,1
Perubahan Data SIKP,1
Login USERNAME_MASKED persiapan SSO,1
Permohonan Solusi untuk SPM No. 00014T (SPM Uang Makanan. Vinny Siswanti) yang tertolak terkait data supplier,1
Permohonan Pengembalian USERNAME_MASKED Persetujuan UP/TUP Aplikasi SAKTI,1
Permohonan perubahan tanggal SPP dan Pencatatan SP2D Satker 423234,1
Subsidi Margin KPR BTN,1
Ganti akun operator,1
Status Data Sudah Ada di Data Base pada Aplikasi PPNPN WEB,1
Data realisasi APBN Desember 2021,1
USERNAME_MASKED SAKTI KPPN Blitar Sebagai KUASA BUN,1
DPP aplikasi gaji PPNPN,1
Referensi Kode Pos pada aplikasi PPNPN Desktop dan PPNPN Web,1
pemutakhiran data operator anggaran,1
Perekaman Gaji Pegawai PPPK pada aplikasi GPP,1
Dokumen Pengajuan Dana Desa,1
bpjs,1
BPS aceh utara 019681,1
Reset Password KPA,1
Hapus Migrasi,1
tidak bisa simpan potongan absen PPNPN,1
selisih Realisasi FA Detail,1
data register hibah belum masuk pada span,1
Aplikasi PPNPN DPP Sudah Dibayar,1
gagal upload bulanan PPNPN,1
Membuat Surat Usul UP,1
Pembayaran uang muka kontrak untuk satker perencanaan,1
Tidak bisa hapus DPP,1
Peraturan tunjnngan anak,1
Pendaftaran Aktivasi dan Reset Password USERNAME_MASKED,1
Penyetoran Potongan Tapera Kemana?,1
onspam\,1
SP2D tahun 2016,1
BP dan BPP pembuatan perintah bayar GUP,1
Penghapusan data SIKP,1
Distribusi COA (Distribution),1
SDN 011 balikpapan kota,1
Permohonan Bantuan Pelaporan,1
Mohon roleback SKP tahun 2022,1
Rekomendasi,1
pengajuan supplier tipe 3,1
Menu Detail TUP dan Karwas TUP dan Menul Lainya,1
COMMERCIAL:Auto Response: Penting : Tiket 20220225-HSEU1N akan ditutup,1
Pembayaran Lembur dan Bendahara,1
Pass Email Sakti,1
Syarat revisi,1
Perubahan USERNAME_MASKED KPPN selaku BUN,1
NTPN IWP dan askes gaji,1
Penutupan transaksi,1
pembuatan biling tahun lalu,1
Solusi terkait Gagal Download untuk Unduh Label Registrasi,1
Penolakan SAKTI,1
Selisih Kas LPJ Bendahara Penerimaan bulan Februari 238603,1
Info Tiket HAI DJPb,1
Gagal rekon gaji gpp terpusat kerena data gaji tidak terbawa ke satker baru,1
pengembalian UP pada MPN,1
SPP tidak dapat tersimpan,1
Permohonan Penggantian USERNAME_MASKED Password Aplikasi OMSPAN Satker 429010 KANTOR PERTANAHAN KABUPATEN BOLAANG MONGONDOW SELATAN,1
Tolakan SPM PPNPN dikarenakan perbedaan NRS,1
Pembuatan billing setoran BPJS untuk pegawai BLU di MPN G3,1
Permasalahan Penghapusan SPM gaji induk yang ditolak KPPN,1
gagal membentuk/ unduh DRPP,1
Penghitungan Revolving UP (Setelah pengembalian UP Sebagian),1
token aktifasi digit kadaluarsa,1
SPM MENGGANTUNG DI SAKTI,1
tidak bisa terbaca Backup ADK penerimaan SIMPONI,1
Penolakan Supplier pada SPAN,1
Konfirmasi Pajak,1
Gagal rekon adk GPP kekurangan gaji,1
tanya tentang gaji induk,1
Saldo Akhir SIMPONI dan LPJ tidak sama dengan Konfirmasi Penerimaan,1
Rekanan Tidak Punya NPWP untuk Pembayaran LS,1
password lama Digit,1
Sertifikasi Kompetensi PPK yang dikeluarkan oleh DJPb dan LKPP,1
Revisi Anggaran,1
Kendala Aplikasi SAKTI Kuasa BUN,1
"Tidak bisa login edjpb, notifikasi password salah, code 01",1
Roll opr_,1
Reset Password PPK,1
subsidi bunga kpr btn,1
BANTUN SUBSIDI KPR,1
Reset pasword Sakti,1
Penurunan Status persetujuan SPM satker 659712,1
data SPP tidak dapat dihapus,1
pengajuan MP,1
Proses SAKTI di USERNAME_MASKED SAKTI KPPN Sebagai BUN,1
pasword baru tidak masuk ke email sakti,1
pasword USERNAME_MASKED,1
Perubahan USERNAME_MASKED KPPN BUN,1
reset password simaspaten,1
Permohonan Pemutakhiran Data USERNAME_MASKED - Reset Pasword Satker 401199,1
SMS Reset Password Sakti Tidak Terkirim ke No HP,1
tidak bisa membuat spm susulan untuk PPNPN,1
Selisih pada LPJ Pengeluaran,1
Permintaan Identifikasi SPAN 07 Maret 2022,1
USERNAME_MASKED DAK Fisik Belum Lengkap,1
Pungut dan Setor Pajak,1
KPA Arogan,1
SMS Reset Password tidak masuk ke HP,1
Data SPM nyangkut,1
Penyetoran menurut UAKPA tidak sama dengan realisasi penerimaan negara SIMPONI (LPJ Penerimaan),1
SPM sudah diproses namun masih muncul pada menu proses SAKTI BUN,1
USERNAME_MASKED GLP Tingkat Eselon 1,1
Hapus Usulan UP,1
ganti password approval wilayah,1
PEREKAMAN BAST KONTRAK TERMIN SATKER 401822,1
Gajikita : Kode Satker Tidak Muncul,1
rekam kontrak,1
Pejabat Penandatangan SPP tidak Muncul saat cetak,1
Penginstalan Driver Printer di PC SPAN,1
Status Penolakan SPM Menggantung,1
Petunjuk Teknis SP3BLU,1
Ubah data Nomor HP USERNAME_MASKED 984125 dan 604445,1
DIGIPAY 008,1
rekam kontrak sumber dana SBSN,1
Dobel Nominal Transaksi Pada Laporan FA Detail Satker 663892,1
Informasi SP2D,1
Pemulihan Pagu,1
BASTP TUP Tidak Muncul saat pembuatan SPBY,1
Reset Password USERNAME_MASKED sebagai BUN,1
Usulan Perbaikan PMK 80/PMK.05/2017 dan Aplikasi Rekon Tunjangan Kinerja,1
Permintaan Admin Lokal,1
SPM Tertolak karena Beda NIP,1
SIKP Kendala Update Kredit,1
Pendetilan 10 digit Pertama Kode Barang Persediaan,1
Anomali NRS Sama Pada 2 Tipe Supplier,1
Permohonan Reset Password USERNAME_MASKED melalui Email,1
Tidak dapat melakukan perubahan SPBy,1
Tidak bisa menghapus SPP,1
Pajak Penghasilan pada Sewa kendaraan di Akun Perjalanan Dinas,1
Belanja Pertambahan Nilai Peralatan dan Mesin,1
pergantian no hp PPSPM,1
Terima Kasih Re: Penting : Tiket 20220309-APK3UE akan ditutup,1
Pengajuan USERNAME_MASKED aprw Satker 568551,1
Tidak bisa login Sprint,1
Penggantian Status SPM pada USERNAME_MASKED BUN SAKTI,1
Pengajuan TUP tanpa mengajukan UP,1
SPM yang diajukan tidak keluar SP2D,1
Mohon bnatuan USERNAME_MASKED & Password,1
Penghapusan sikp,1
Permohonan Kirim ulang Pemutakhiran Password,1
Isian SPBY Tidak Muncul,1
History Kuitansi Hilang,1
Menhapus SPM yang ditolak di PMRT Omspan,1
Penggantian database nomor hp,1
Pemutakhiran nomor Hp,1
Aplikasi sakti 2 hari terakhir sangat lambat,1
reset pasword sakti,1
Tidak bisa memproses BCSU di SPAN,1
reset password SAKTI,1
Permohonan Reset Password Akun DIGIT,1
USERNAME_MASKED Tidak Bisa Melakukan Penolakan atau Lanjutkan Status SPM,1
Permohonan penambahan USERNAME_MASKED (persuratan) untuk PPNPN,1
Akun pengembalian untuk akun 526113,1
Permohonan Role MMKO pada USERNAME_MASKED KSU KPPN Bima pada Aplikasi Intense,1
Tidak bisa mencetak SPM,1
WhatsApp SAPA Anggaran - Pemberian Uang Representasi bagi Pejabat TNI AD,1
USERNAME_MASKED OPD Subbidang DAK Fisik,1
TIDAK BISA KIRIM ADK REKON BULANAN PPNPN (per.Maret 2022) DI WEB PPNPN,1
SPP GAGAL TERBENTUK,1
Permohonan Penyesuaian Status ADK PMRT pada USERNAME_MASKED KPPN,1
pendetilan coa tidak muncul pada akun 521111,1
Permohonan Reset Password Akun Digit Kemenkeu,1
PENGAJUAN UP KEDUA,1
Honorarium Pengelola Anggaran,1
Penanaman Kontrak,1
Penghapusan ADK Migrasi pada Web PPNPN,1
Uang representasi perjadin,1
Status SPM di SAKTI KPPN,1
Pembiayaan Perjalanan Dinas,1
Aktifasi Akun SAKTI PPK,1
Permohonan Perubahan data referensi,1
Pendaftaran USERNAME_MASKED Pegawai Baru,1
Penolakan di SAKTI,1
Tanya SK Trainer SAKTI 2022,1
hapus email,1
Juknis Aplikasi e-Rekon LK KPPN,1
SPP tidak bisa dihapus,1
Besaran yang diterima tidak sesuai,1
Perubahan email USERNAME_MASKED,1
Input penolakan SPM SAKTI,1
Perubahan Alamat Email Approval Wilayah,1
Pembelian barang di Bela Pengadan/ Toko Daring,1
USERNAME_MASKED password Digit,1
digipay,1
Bagaimana cara perubahan No. NIK dan tanggal lahir,1
Portal sakti,1
Apakah ada Program Subsidi PEN Bank BNI tahun 2022?,1
pemuktahiran data nomor telepon dan email,1
Perubahan supplier manual,1
Akun tidak muncul pada saat pembuatan SPBY,1
UANG MUKA UP DARI BP TIDAK MUNCUL,1
Terkait aturan Flexi jam kerja,1
Pengubahan status SPM di Aplikasi SAKTI,1
Memunculkan adk,1
Permohonan password baru,1
Web Gaji KPPN,1
Penyampaian SK Trainer SAKTI Tahun 2022 KPPN Merauke,1
Permohonan Penambahan Sementara Modul Pembayaran pada USERNAME_MASKED (merangkap sebagai PPK),1
686250_17,1
"Password digit berubah, email juga tidak bisa",1
Gagal login SAKTI,1
Pembukaan Akses e-jafung APK APBN dan PK APBN untuk Menyusun Realisasi SKP (DUPAK),1
Permintaan Identifikasi SPAN 22 Maret 2022,1
jabfung PPK,1
MOHON BANTUAN PENGHAPUSAN,1
Hapus Upload Bulanan Pada Web Gaji Kita PPNPN,1
Melakukan koreksi Data pada Apl. SIMASPATEN,1
Pungut Pajak Belanja pada toko Online,1
Pengumuman Peminatan bagi CSO KPPN & Kanwil DJPb Dalam Rangka Partisipasi Ditjen Perbendaharaan dalam Lomba The Best Contact Center Indonesia 2022,1
minta bantuan untuk menormalkan saldo awal BLU,1
Sisa pagu dengan Detail COA tidak Sama,1
Reset Password Digipay008,1
PEREKAMAN SUPLIER TYPE 3,1
Akun tidak muncul,1
penginputan kontrak multiyears tidak muncul di data pencatatan kontrak,1
Permohonan pembukaan kunci verifikasi dokumen persyaratan dak fisik,1
USERNAME_MASKED untuk wilayah,1
Normalisasi BAST BLU,1
Error terkait Pendaftaran USERNAME_MASKED Untuk Satker,1
Bayar paspor,1
Aplikasi incrima,1
Update Aplikasi,1
Permasalahan Kommputer Join Domain,1
update terbaru,1
Aplikasi Persediaan Versi 21.1.0 dan SIMAK Versi 21.2.0,1
Bagaimana cara akses semua NTPN yang terbit an Kab. Humbang Hasundutan,1
Akun Tidak Ditemukan pada MPN G3,1
Ubah Unit dan Satker pada Akun MPN G3,1
Data Sasaran Organisasi Tidak Muncul di Aplikasi Incrima,1
Akun Administrator,1
OM SPAN HAI CSO,1
mohon bantuan cetak daftar renkas,1
Tidak bisa update data SAKTI,1
Surat Pendaftaran Pengguna (user) SAKTI BRGM,1
Pengajuan Gaji 13 susulan th 2018,1
USERNAME_MASKED opr persediaan tidak bisa masuk di sipandu,1
Aplikasi Simaspaten,1
USERNAME_MASKED gak bisa login,1
Pengarusutamaan Gender DJPb-(Sekretariat DJPb- Bag. OTL- Subbag PSO),1
permohonan pengiriman kembali pasword USERNAME_MASKED dan Pelaporan USERNAME_MASKED,1
Permohonan pendaftaran pengguna Aplikasi SAKTI untuk pegawai yang ditunjuk sebagai Trainers SAKTI Web 2022,1
Permohonan Perubahan Referensi Satker Pada ESPM,1
Revisi Termin,1
Tampilan pada web haichatbotsakti tidak USERNAME_MASKED,1
Akun Persediaan,1
Penginputan Sisa Saldo Hibah TAYL,1
Kendala setelah Void SP2D SPM Sakti,1
Konfirmasi atas USERNAME_MASKED Pelaporan pada Kanwil DJPb,1
Perubahan Akun pada kontrak yang sudah terdaftar di SPAN,1
Rekening Gaji Induk Berbeda,1
input supplier,1
SALAH KODE SITE_BANK SPAN,1
SPM pada SAKTI BUN tidak bisa ditolak pada USERNAME_MASKED dan Reviewer,1
Belum ada mapping antara Operator dan PPK atau Pagu per PPK belum ada.,1
Pendaftaran USERNAME_MASKED SAKTI 2022 pada KPPN Pontianak,1
permasalahan ada 2 no SPM terbit,1
Pembayaran narasumber,1
Rekon gaji untuk pegawai status PPPK,1
Permohonan untuk dimunculkan kembali NRK A/019.22000902/0/0 pada Kontrak No.07/SPK-01.02/BAPPENAS/01/2022,1
GAJI 13 Tahun 2021 a.n Mayasa Angraini Refensi Gaji Bulan Juni 2021 dan THR a.n. Soboer Sntoso Refensi Gaji Bulan April 2021,1
Potongan Pajak PPH pasal 21,1
Permohonan Reset Password Aplikasi SIMASPATEN,1
Hasil Cetak BKU Tidak Urut,1
Pengaturan Tarif Pajak Pertambahan Nilai 11% pada kontrak yang sudah terdaftar,1
Koreksi Akun BPJS,1
Capaian output bulan maret 2022,1
File Kiriman SIMAK BMN tidak terangkut ke Aplikasi SAIBA,1
Kendala Log In USERNAME_MASKED SAKTI,1
Lupa Password USERNAME_MASKED,1
COMMERCIAL:Mari Bergabung Bersama Kami Vendor Profesional Dalam Pengadaan,1
Gagal Catat GUP di Pemindahan Kas Bank BPg,1
Kas bank,1
Referensi uang muka tidak muncul,1
sakti error,1
reset pasword akun digit,1
perubahan ppk di aplikasi ppnpn 2022,1
reset pasword sprint,1
Perekaman SP2D GUP,1
Lupa password Sprint,1
mencatat sp2d GUP di modul bendahara,1
capaian output sakti,1
Kelengkapa SPM LS Biaya Perjalanan Dinas Luar Kota,1
Permohonan reset akun digit,1
aplikasi gajikita,1
Kendala pada saat unduh Aplikasi GPP Versi 28,1
APLIKASI DIGIPAY,1
CC DJA - Informasi MPN Kemenkeu,1
Reset pasword aplikasi digit / sprint,1
Akun DigiT,1
Status SPM SP2D Namun Tertolak di SPAN,1
reset pasword digit,1
Penyampaian ND Kelengkapan Dokumen untuk Pembayaran BA BUN 999.99 Satker BKF (984438),1
Lupa password Sakti.mail,1
Simaspaten tidak bisa diakses,1
Permohonan Penarikan Data Belanja Modal,1
Anomali SPBy - Pungut - Setor,1
Import GPP terpusat tidak muncul adknya,1
entry simpponi,1
Reset Password Hai DJPb,1
Error Login Simaspaten untuk Pendaftaran Sertifikasi Bendahara,1
SMS OTP TIDAK TERKIRIM SUDAH 2X,1
Bagasi pesawat,1
Selisih pembukuan lpj bendahara,1
Menu K3 pada SIMAK BMN,1
Permasalahan Aplikasi DPP TNI,1
masuk web sakti loading terus,1
Mekanisme pembayaran tagihan tahun anggaran sebelumnya yang belum dibayar,1
Salah input nilai pada saat transfer masuk manual,1
Permasalahan Aplikasi Sakti Pada satker 005016,1
Permohonan Aktivasi Akun Digit,1
Kebijakan LPJ periode bulan Maret 2022,1
Perekaman MYC 2018,1
Monitoring retur OMSPAN,1
Pembuatan LPJ kas tunai dan kas bank 0,1
kegiatan terlampir adalah kewasgiatan PNBP sdh slsai proses pembayaran tp terjadi pagu minus mhn arahan langkah2 selanjutnya yg perlu kami slsaikan apa? terima kasih mohon arahan,1
Terima Kasih RE: Selisih Saldo Rekon Internal pada Erekon&LK Satker Inaktif Tidak Bersaldo,1
Pendaftaran akun SIMASPATEN Digital Treasury,1
Gagal Cetak LPJ Bendahara Pengeluaran,1
Tidak Bisa Tutup Buku GL dan Pelaporan,1
USERNAME_MASKED BP SATKER 449896 TIDAK BISA AKSES,1
Perubahan Data Supplier Pegawai,1
Permintaan reset password sprint Satker 408764,1
SPBy Menggantung,1
"Rekap SPM, Potongan SPM dan Nilai SP2D",1
Tidak Bisa Isi Referensi Capaian,1
Akun DIGIT,1
permintaan reset password dan perubahan email USERNAME_MASKED / simaspaten,1
Reser password simaspaten,1
PPSPM MTsN 6 Padang Pariaman,1
"ubah spby, tetapi tidak bisa di simpan",1
BRI belum mengeluarkan subsidi bunga,1
Penambahan Teras Gedung dan Bangunan,1
Pengelolaan Rekening,1
setoran pengembalian belanja,1
Saldo Tidak Normal,1
Permasalahan akun MPN G3,1
Sertifikat Perpanjangan BNT dan PPL,1
Memunculkan kembali Aset BMN yang telah dihentikan penggunaannya dan telah dicatat pada barang yang mau dihapuskan,1
Reset Password Simaspaten,1
Gagal Simpan BAST TAYL atas Pekerjaan Dilanjutkan ke TA 2022 (Satker 672906),1
ntpn blm ada pada om span,1
Permohonan Perpanjangan Masa Berlaku Sertifikat BNT,1
ukom ejafung,1
"konfirmasi atas nilai indikator pengelolaan UP/ TUP di OMSPAN yang 99,50",1
pendaftaran ujikompetensi pada e jafung,1
Revisi anggaran,1
Realisasi tidak sesuai dengan SP2D,1
Perbedaan realisasi di Lap 16 Segment,1
PENGEMBALIAN UANG PENANGGUHAN PENAHANAN,1
Input Pengesahan Belanja Barang Persediaan Untuk Membayar Hutang TA 2021,1
Belanja Modal 53 Lebih Dari 50 Juta,1
Pengurang pajak dan penambah penghasilan pada aplikasi PPNPN,1
Tugas Staf Pengelola Keuangan,1
Pengisian data caput tidak bisa,1
revisi penambahan akun pada RO,1
Permintaan Surat Keterangan Penghentian Pembayaran,1
Honor Pengelola Keuangan,1
Gagal pengajuan Revolving SPM GUP PNBP,1
Permohonan SKPP,1
SIMAK: sedang restore data normalisasi,1
Pendaftaran Supplier belum sinkron ke SAKTI,1
tidak bisa mencatata Contract Line,1
SPM tidak muncul,1
Perbaikan tanggal,1
aplikasi span,1
Aplikasi Sprint,1
Permohonan reset password akun aplikasi sakti,1
CV Dua Tujuh dan BPPK Ciloto kemenkes,1
kode KPP,1
Pemberian Penghargaan bagi ASN dengan menggunakan Akun Bantuan Pemerintah,1
Laporan Cetak Anggaran Hilang di MOnSAKTI,1
APBN dan APBD,1
Subsidi Pinjaman,1
setting profil di mpn g3,1
"Realisasi Kontrak, item hilang terhitung pagu minus",1
Import GPP Terpusat,1
"capaian output sudah di kirim ke omspan, tapi belum terkonfirmasi",1
Surat Perintah Bayar,1
tidak bisa login gajikita-ppnpn.kemenkeu.go.id,1
Cara Membatalkan SPM satker yang telah diproses KPPN,1
Hasil Cetak FA 16 Segmen Tidak Sesuai,1
THR Bagi Pegawai Tugas Belajar dan Pegawai Baru (CPNS dan aktif dari CTLN),1
perbedaan pencantuman saldo awal pada SP3B BLU,1
Kesalahan Akun Setoran Penerimaan,1
Penambahan Kolom Kode Bagian Anggaran (K/L) pada Monitoring IKPA Layer I - level Satker,1
status SPM satker 633079,1
Permohonan USERNAME_MASKED SPAN satker baru,1
Error THR PPNPN,1
Pendaftaran USERNAME_MASKED Approver KPPN Sukabumi,1
Lupa Password dan Email Digit,1
PENYAMAAN DATA DI GAJI KEMENKEU,1
KESALAHAN KODE SETOR SSBP,1
USERNAME_MASKED Digipay002 Gagal login,1
THR TUKIN,1
Kenapa kok SPM Koreksi lama saya tidak muncul,1
permasalahan gaji PPNPN,1
Perbedaan saldo awal pada SPM pengesahaan 00064A dengan SPM 00052A,1
Data Net Lending/ Borrowing Berbeda,1
THR + Tukin 50% bagi guru yang tidak menerima sertifikasi,1
adk GPP ngak masuk di aplikasi SAKTI,1
PERMASALAHAN GPP DAN PENGAJUAN THR GAJI DI SAKTI,1
Pembayaran THR Tukin dosen,1
Mekanisme pendaftaran kembali bendahara dgn BNT habis masa berlaku pada aplikasi SIMASPATEN,1
USERNAME_MASKED untuk simaspaten belum aktif,1
Error Pada Saat kirim ADK Bulanan PPNPN GI April 2022,1
Aplikasi Gaji terpusat,1
Tidak bisa menambah data pegawai supplier 3 di aplikasi SAKTI,1
Pengajuan SPM THR tenaga harian lepas Kementan,1
Error pada aplikasi PPNPN Web,1
USERNAME_MASKED PC Join Domain,1
Konsultasi KPPN,1
Permohonan Push Data Sakti ke E-Rekon,1
Data Kosong pada Monitoring ADK Gaji SAKTI,1
"notifikasi ""Nilai total pembayaran harus sama dengan nilai total supplier""",1
Cetakan SPBY dan Kwitansi paada aplikasi SAKTI,1
Reset password digit kemenkeu,1
IDENTIFIKASI NPWP_MASKED,1
Hak Bendahara,1
mengajukan permohonan penghapusan data yang lama,1
KONTRAK PERENCANAAN GEDUNG,1
Karwas Gaji Maret April tidak muncul,1
Data SIKP Tertulis belum lunas,1
Kendala Saat Perekaman SPP Gaji Induk Mei 2022,1
Apakah bisa Pegawai tugas belajar dibayarkan thr nya,1
PERMOHONAN RESET PASSWORD USERNAME_MASKED,1
Permohonan Reset Password SAKTI-BUN,1
Penolakan PPNPN Bulan April 2022,1
Pencacatatan Penggunaan Aggaran Double pada SAKTI,1
input penyaluran BLT Dana Desa,1
Saldo Awal BLU,1
PENGEMBALIAN BELANJA,1
Status SP2D Void,1
Cara dan Permintaan Akses Aplikasi SPRINT,1
Gagal Mendetailkan Persediaan Karena No. BAST Sama (Sudah Pernah Didetailkan),1
Gaji Induk Pegawai Meninggal Dunia Telah Terbayar,1
Pendaftaran USERNAME_MASKED Kepala KPPN selaku USERNAME_MASKED Kuasa BUN,1
Tidak dapat mengetahui Nomor Register Supplier,1
Pendaftaraan Supplier tidak muncul di OMSPAN,1
tidak bisa membuat SPP gaji induk hakim,1
SPM yang sudah menjadi SP2D muncul di validasi apr,1
PERMASALAHAN akun 53 pada aplikasi SAKTI,1
Tombol aksi untuk mengganti referensi KMK MP PNBP tidak ada di eSPM,1
USERNAME_MASKED SAKTI ESELON I,1
Permintaan USERNAME_MASKED Password Aplikasi OMSPAN DAKF/DD,1
Nilai pada realisasi FA double,1
Format Delivery Order (DO) untuk pembayaran Tunjangan Beras,1
Permintaan Kekurangan Gaji Pegawai Meninggal Dunia,1
Penyaluran Sekaligus dan Campuran,1
SK,1
OTP SPP,1
pembayaran tagihan,1
Penggantian Sementara PPSPM,1
Selisih Rekon Internal Satker Piloting SAKTI di Erekon,1
SPMKP,1
"Permintaan informasi untuk pengembangan sistem create billing DJP, DJBC, dan DJA",1
Pembuatan SPBY BPP SAKTI,1
Rekap Monitoring Rekonsiliasi Internal di E-REKON BEDA,1
Koreksi NTPN Summary,1
Kendala atas transaksi UM pada Unit Teknis ( 46589501 ) BPP DIT PENILAIAN AKPKRT,1
Cetak Kartu Gaji pada Aplikasi GPP Terpusat,1
lupa kata sandi,1
Penayangan Kegiatan Bangik dalam rangka mendukung WBBM KPPn Metro,1
Info data pegawai,1
Pengembalian Penerimaan Negara Karena Kelebihan Penyetoran Pengembalian Gaji Pegawai Pindah ke Pemda,1
Uang muka UP PNBP BPP Yanrek pada Sakti satker 238776,1
Satker Baru pada GPP terpusat,1
Penanyangan Banner KPPN Metro,1
OMSPAM,1
anggaran kedinasan,1
Permohonan pembukaan USERNAME_MASKED untuk penarikan dan penguploadan data,1
COMMERCIAL:Dr. SANKAR NAIDU ADUSUMILLI :: High Publicity and acquire Very High Reputation.,1
capaian out put,1
Your Invite To The NEXT GEN Best Practices Events,1
Laporan Keuangan,1
Pengaduan Informasi terkait Masalah Akses pada SPAN untuk Keperluan Penyusunan LK Audited 2021,1
Paket Anda akan dikembalikan ke pengirim,1
Perubahan Tanggal Jadwal Pembayaran Kontrak di SAKTI,1
identifikasi transfer SPAN,1
REQUEST UNTUK MENGHAPUS TRANSAKSI UM: 00557/UM/648521/2022,1
sangat penting,1
Permohonan Penghapousn ADK yg sudah pernah diproses namun status tidak rejected,1
Gagal Reset Password USERNAME_MASKED,1
Pembukuan BANK bulan Maret tiba-tiba berubah sendiri,1
Pendaftaran USERNAME_MASKED Satker,1
Perubahan SAKTI PPSPM DAK FISIK DANA DESA,1
Sistem Terkunci di MPN,1
Referensi Kegiatan,1
BACKUP APLIKASI PPNPN,1
tidak dapat melihat indikator pelaksanaan anggaran,1
Urgent! ADK GPP tertolak,1
Permohonan kirim ulang SMS Password USERNAME_MASKED Role Kanwil (BUN),1
Pertanyaan seputar USERNAME_MASKED,1
Login Komputer Join Domain,1
Sakti Operator Dana Desa & DAK Fisik,1
Validasi Pagu Minus,1
Konfirmasi Setoran PNBP,1
Hapus data jurnal,1
Kendala pada laporan FA detail,1
Formulir Pendaftaran Pengguna Aplikasi Sakti,1
Inés Martinez has requested to add you to their network at ContactCenterWorld,1
Permintaan data USERNAME_MASKED tingkat KPPN,1
Permasalahan pada detail pagu anggaran,1
Akun covid 521241,1
Saldo TUP minus pada LPJ Bendahara Pengeluaran SAKTI,1
Akun 511134 tidak muncul di Rekap Gaji,1
Tindak Lanjut atas SPMKP 00674A TA 2021 satker 449783,1
USERNAME_MASKED untuk Bappeda,1
Perbedaan pagu anggaran pada omspan dan 16 segmen,1
Tidak bisa masuk akun,1
permohonan solusi LPJ Bendahara mengalami minus dikarenakan transaksi lunas bayar kuitansi terbuku dan tercatat padahaal kas tunai tidak ada.,1
Data penerimaan satker dengan data penerimaan SPAN tidak cocok,1
Error Saat Upload ADK GPP ke SAKTI,1
Rapel atas tunjangan jabatan fungsional penyuluh,1
Cara mengubah Harga pada Kolom Pengadaan di Menu Pencatatan KIB Alat Angkutan,1
"Mengapa di Modul Opr untuk BPP di menu bendahara - Pemindahan kas bank tidak terbaca Uang Mukanya waktu penginputan, sedangkan di opr BP sdh di input Transaksi Merekam Uang muka dan Alokasi BPP nya",1
Tunjangan Analis Sumber Daya Manusia Aparatur,1
Aktivasi MPN G3,1
Permohonan perubahan status SPM pada SAKTI untuk satker mitra KPPN Bogor (023) utk kode satker 415505,1
Jumlah pada SPP tidak sama dengan Jumlah Lampiran,1
Permintaan kode OTP KPA/PPK/PPSPM melalui Email,1
Permintaan penjelasan terkait pembayaran kekurangan gaji fungsional pegawai,1
Tunjangan Kemahalan Hakim,1
Perhitungan Selisih Hari Kalender Pengelolaan UP dan TUP di Monevpa Omspan,1
Permohonan Reset dan Akun Baru SPRINT LPJ,1
Upload ADK LPJ ke SPRINT gagal,1
Permohonan Penunjukan USERNAME_MASKED KPPN selaku Kuasa BUN Daerah.,1
Data LPJ tidak ditemukan,1
Simpan Setoran Pajak Error,1
SKPP Pegawai,1
Aktivasi Portal MPN,1
Pemulihan pagu pada Aplikasi SAKTI,1
Akun 522191,1
Permohonan OTP,1
Duplikasi data gaji,1
Permasalahan Sakti Modul Bendahara,1
UM yang sudah direkam hilang,1
konsultasi BPJS keluarga Lainnya,1
tidak bisa addendum kontrak,1
BP Pajak di LPJ minus sedangkan di Cetakan Buku Pembantu Pajak Tidak Minus,1
Target PNBP,1
Tidak bisa simpan menu setoran pajak,1
konsultasi K3,1
Tidak bisa simpan SPP LS Kotraktual belanja modal,1
Nilai IKPA di OMSPAN,1
Maintenance SAKTI tanggal15 Mei 2022,1
"Proses melaksanakan Verifikasi Berkas untuk Sertifikasi/ujian PPK, PPSPM dan Bendahara Pengeluaran",1
lupa password sakti modul pembayaran,1
sms saktinya belum masuk atas nama Jhon Kanedy,1
Koreksi spm,1
Kekurangan Gaji bulan April 2022,1
Error Role USERNAME_MASKED,1
Perubahan Letak Menu Download SPBy dan Kuitansi,1
MPHLBJS tidak muncul di sakti operator KPPN,1
SUMBER DANA UP SBSN TIDAK ADA PEMINDAHAN KAS TUNAI,1
Gagal Cetak SPMKP,1
Tidak bisa download tanda terima dan lampiran SPM,1
"sakti,pesan tidak berhasil validasi pada validasi PPK",1
reset akun aplikasi digit,1
Penilaian IKPA Indikator Penyerapan Anggaran,1
mohon petunjuk cara untuk penggantian password OM-SPAN,1
Pencairan Valas,1
Data simponi tidak terangkut semuanya ke SaKTi,1
Tidak bisa akses sakti.kemenkeu.go.id,1
Informasi Satker BELUM REKON pada Aplikasi GPP KPPN Terpusat,1
Reset password akun SPRINT,1
Reset USERNAME_MASKED sebagai kasi PD,1
Gagal Rekam SPP Gaji Induk Bulan Juni 2022 satker 662986,1
PEMBUATAN SPP GAJI INDUK JUNI SATKER 538815,1
Tidak bisa login ke DIGIT,1
Pembayaran Transport at Cost Melebihi SBM,1
Data Persetujuan Addendum Kontrak Pada SPAN,1
Perubahan dan Pendaftaran USERNAME_MASKED SAKTI,1
Penambahan Pejabat Penandatanganan,1
Form Pendaftaran Pengguna SAKTI Kuasa BUN (KPPN),1
Upload Data Pegawai GPP Gagal,1
Lupa Password EDJPB,1
Ukom jafung APK/PKAPBN,1
Kategori Kas,1
sisa pagu error,1
Reset Digit,1
salah menolak spm,1
Penyesuaian Nilai IKPA Indikator Pengelolaan UP dan TUP Tahun 2022,1
Pencatatan Kode Barang pada BAST Kontrak Termin (KDP) menggunakan Kode Barang Aset bukan Kode Barang KDP,1
Mencetak SSP untuk PPN di sakti mengapa NPWP yang muncul di SSP nya NPWP Bendahara bukan NPWP PIHAK KETIGA,1
Angka Kredit Jafung Perbendaharaan,1
Pendaftaran USERNAME_MASKED KPPN Manokwari,1
Penggunaan akun,1
Identifikasi Kode SPAN PT. Telekomunikasi Indonesia Tbk v17,1
permintaan reset password dashboard MPN,1
Permintaan Unggah Gambar di Banner eDJPb,1
"Kepada Dit PA dan SITP, ada kendala Terdapat Potongan lainnya pada SPM kekurangan THR",1
Permasalahan pendaftaran USERNAME_MASKED Role Kepala Seksi Pencairan Dana,1
Reset Password Aplikasi Gajikita,1
permohonan rollback simaspaten,1
Aktivasi akun DIGIT (Digital Treasury),1
Persetujuan ADK Penyamaan Data GPP,1
hapus no sp2d sp3 blu,1
Realisasi Tidak muncul di Laporan FA Detail Pada Aplikasi SAKTI,1
Permohonan Perubahan Pengguna Aplikasi Sakti,1
Mohon solusi uang muka yang hilang/terhapus,1
COMMERCIAL:Dr. Parinita Kalita,1
Fitur Laporan FA Detail - Tidak Berfungsi,1
Magang,1
Pengajuan penonaktifan Supplier Tipe 6 pada Aplikasi SAKTI,1
Penggajian PPNPN,1
Login Gajikita ppnpn bermasalah,1
Perubahan USERNAME_MASKED SPRINT pada KPPN Kutacane,1
Jurnal Balik di Sakti Modul GL dan Pelaporan tidak bisa?,1
RESET PASSWORD APLIKASI SAKTI,1
KONFIRMASI SETORAN TIDAK TERBACA,1
Gaji pegawai setelah CTDN,1
memperbaiki kesalahan supplier LS bendahara,1
Perubahan USERNAME_MASKED Seksi MSKI pada KPPN Kuningan Salaku Kuasa BUN Daerah,1
Nilai Indikator Deviasi Halaman III DIPA tidak berubah setelah Revisi,1
Akun DIGIT Kemenkeu,1
Proses penggantian bank yang berbeda pada kontrak,1
Kode Akun Potongan,1
Perubahan USERNAME_MASKED E-JAFUNG level KASI PDMS (Pembina JAFUNG TERBUKA),1
"SKPKPP identifikasi sudah SPM, namun tidak ada SP2D",1
Reset password e-djpb,1
SPBY tidak bisa di hapus,1
perekaman SPP gaji induk tertolak,1
mohon juknis penyesuaian SP3B BLU,1
Kesalahan Penolakan di SAKTI KPPN,1
cara penggunaan MPN G3,1
Laporan Realisasi FA Detil 16 Segmen,1
Pembatalan ADK Hibah Satker,1
Mekanisme Perubahan USERNAME_MASKED,1
Permintaan Pendaftaran USERNAME_MASKED SAKTI KPPN Sorong Selaku Kuasa Bendahara Umum Negara,1
Realisasi Per SP2D secara Detail di SAKTI,1
SPP Pengembalian Belanja Tidak Muncul Saat Validasi KPA SAKTI Satker 432241,1
bast non kontraktual saat di simpan eror,1
SPP Pemulihan Pagu,1
Lupa Email SIMPONI untuk Reset Password Migrasi Pengguna SIMPONI,1
Kesalahan Input Volume Satuan atas Kontrak DAK Fisik TA 2022,1
Penyetoran sisa dana hibah penanggulangan pascabencana,1
Pergantian Wewenang Admin KPPN di Aplikasi Gaji KPPN,1
Penggantian USERNAME_MASKED Sakti KPPN Kuningan sebagai Satker (Urgent),1
sertifikas PPSPM konversi,1
Permintaan laporan fa detail (16 segmen),1
Aturan terkait cuti setengah hari,1
Koordinasi nilai satuan BAST,1
Permasalahan Tutup Buku pada Satker Pembantu,1
SP2D No. NPWP_MASKED tgl 28-03-2022 satker 690467 tidak muncul di Laporan FA Detail,1
SIKP belum terhapus,1
SILPA Tahun,1
Pengalihan GPP Terpusat,1
Uraian SPM yang pas untuk SPM biaya admin transfer melalui bank,1
Tidak Dapat Menerbitkan SPM Ketika Sedang Revisi,1
Perubahan kewenangan pada aplikasi GPP dan Simaspaten,1
Perubahan USERNAME_MASKED KPPN Sebagai BUN (Validator MS),1
PERBEDAAN JULMAH SALDO PADA HASIL CETAK DAFTAR RINCIAN SALDO REKENING DAN LAMPIRANNYA,1
Pembayaran Perjalanan Dinas,1
PERMINTAAN DATA FA DETAIL T.A 2018 sd T.A 2020,1
Email verifikasi admin Digipay tidak terkirim ke email terdaftar,1
Tidak Bisa Login Digipay,1
Error saat mau download file PDF di Sakti,1
Monitoring tiket pengajuan,1
Pendaftaran OU KPPN,1
SAKTI tidak dapat diakses,1
Penggunaan Dana PNBP,1
COMMERCIAL:Dr. Archana Bachan Singh,1
"Pemasangan Konten Banner ""Brown Bag Seminar Edisi III Tahun 2022"" Pada halaman beranda eDJPb",1
Perbedaan Data Angka,1
pengajuan THR susulan untuk CPNS baru,1
Kelengkapan SPJ Perjalanan Dinas,1
permohonan softcopy surat dirjen perbendaharaan,1
BAS AKUN UNTUK HONOR KPRBN,1
Permohonan Penambahan Akses SIMASPATEN sebagai admin BUN pada KPPN Solok,1
Konfirmasi Penerimaan Pada OMSPAN,1
Penonaktifan USERNAME_MASKED dan HaiCSO,1
Satker Daftar USERNAME_MASKED Aplikasi SPRINT tapi belum bisa buat akses aplikasi SPRINT,1
Pencatatan transaksi persediaan,1
permintaan reset pasword aplikasi sprint kemenkeu,1
Transaksi Retur SP2D,1
E-learning APK APBN,1
Menu Monitoring Capaian Output di OMSPAN,1
Terkait SIKP,1
Pendaftaran USERNAME_MASKED satker,1
Perbedaan Saldo Awal pada Aplikasi Sprint terkait LPJ Bendahara,1
Lupa password DIGIT,1
rekon gaji PPNPN pada aplikasi gajikita gagal,1
Akun Trainer SAKTI,1
perceaptan MP PNBP,1
Admin Satker E Jafung,1
kontrak yang di reject dan di deleta,1
Koreksi kode satker melalui SPM Koreksi karena ada salah potongan PFK,1
SBM Paket Meeting,1
Nilai Indikator Kinerja Capaian Output Tidak Muncul,1
SAKTI tidak dapat dilanjutkan ke Kepala Seksi (Menggantung pada Reviewer),1
pendaftaran kontra,1
Permohonan Perubahan USERNAME_MASKED E-Jafung KPPN Kutacane,1
Permohonan Penambahan USERNAME_MASKED tingkat Unit Eselon 1,1
Permintaan Buka Lock USERNAME_MASKED di URL_MASKED,1
Konfirmasi Data OM-SPAN yang berbeda,1
Permohonan Penghapusan USERNAME_MASKED CSO,1
Akun tidak terdaftar di Simaspaten,1
Penunjukan ppk,1
Kode barang pada Pplikasi SAKTI,1
NPWP 2 otomatis terisi,1
PMK 59 blm update di SAKTI modul konfirmasi pajak.,1
cara simpan ke PDF,1
kartu kredit pemerintah,1
Minta Solusi Revisi,1
Password Digit,1
UMK uang persediaan muncul 2x sehingga saldo di BP bertambah,1
Pembuatan Akun Digit,1
USERNAME_MASKED bisa login Pandu SAKTI,1
"Permintaan Penambahan Kewenangan USERNAME_MASKED Aset, Approve Aset, dan Approver Persediaan",1
Gagal Log in Pandu SAKTI,1
Permohonan Penambahan Kewenangan USERNAME_MASKED,1
Selisih Pembukuan Lainnya di LPJ Bendahara Pengeluaran,1
Permohonan reset password akun digit,1
URL_MASKED,1
Referensi Apl GPP,1
END USERNAME_MASKED SAKTI SAAT UPLOAD BERITA ACARA MIGRASI ASET TETAP,1
USERNAME_MASKED aset tetap sakti dinonaktifkan,1
di LPJ Bendahara Pengeluaran Rupiah murni ada selisih di point C,1
Gagal login pada Pandu SAKTI,1
Adendum kontrak gagal di SPAN,1
Konfirmasi tiket nomor 20220606-JACWOT,1
Perubahan Data atas Nama Supplier,1
REGISTRASI USERNAME_MASKED G3,1
muncul eror saat upload ADK dan PDF di Sprint,1
selisih saldo up pada nilai dan nilai adk,1
Rekening tidak muncul di transaksi Uang Keluar Lainnya SAKTI Bendahara,1
GAJI KE 13 PPNPN,1
Permohonan Penambahan Kewenangan USERNAME_MASKED 407302,1
"Penolakan Supplier di SPAN dengan keterangan ""Data yang ada sudah berlangsung""",1
peserta sertifikasi bendahara tidak ada di USERNAME_MASKED: SIMASPATEN,1
Selisih Saldo Lainnya Menurut UAKPA pada LPJ Mei 2022,1
Pengesahan MPHL BJS Tahun lalu 2021,1
Field Trip menggunakan akun 524111 dan EO,1
akun tidak muncul,1
Kenapa tiba-tiba muncul NPWP supplier 2 di SAKTI ketika menginput SPP,1
Pembukaan Kembali Akses Fitur Penggunaan Sisa DAK Fisik Tahun s.d 2018 dan 2019 pada Tahun 2020,1
Penjelasan saldo kas lainnya di bendahara,1
Jenis setoran PFK,1
Pembiayaan kegiatan Senam,1
Tanggungan anggota keluarga pada gaji,1
Mohon reset password DIGIT,1
Terdapat Selisih pada LPJ,1
Perubahan Nomor HP Pada USERNAME_MASKED Anggaran Unit dan Reset Password Sakti,1
USERNAME_MASKED pada e-Rekon&LK,1
Perpanjangan Capaian Output Tanggal 18,1
Mekanisme SPM PP PFK,1
Kode Akun Belanja,1
Permohonan Penggantian password OMSPAN satker,1
cara menghapus supplier pegawai yang sudah tidak terpakai,1
daftar email sakti,1
Batasan jumlah addendum kontrak,1
Penjelasan Mengenai Data Capaian Output Satker 329018,1
uang harian dalam kota,1
Selisih di Saldo UAKPA LPJ Bendahara Pengeluaran,1
Cetakan Submodul AP pada SPAN,1
Perubahan Nomor Rekening di SPM yang Terkoreksi,1
Rollback Aplikasi E-Jabfung,1
LPJ Bendahara Pengeluaran Bulan April dan Mei 2022,1
Ubah pungutan pajak atas SPBY yang sudah terbit SP2D,1
Pagu minus di FA Detail,1
Reset password e-japfung,1
Permohonan Pergantian USERNAME_MASKED DIGIPAY,1
Dokumen Pengajuan,1
Kesalahan Input tanggal SKP pada Ejafung,1
Analisis LKBUN,1
Akun Belanja pemeliharaan gedung,1
BOP Paud tahap 1 belum cair,1
Tidak bisa cetak Buku BPP,1
Permohonan akses untuk Pandu Sakti,1
Hibah,1
gagal terima data perbaikan NRP dan Data anggota polri ganda pada aplikasi GPP terpusat,1
Sub Unsur Paket PPSPM untuk Pranata APBN Terampil,1
Persetujuan Penyamaan Data Pegawai PPPK Satker 017972 P1 KPPN Yogyakarta (030),1
PENGIRIMAN ADK GAJI INDUK JULI 2022,1
Permohonan Pendaftaran USERNAME_MASKED Satker Pada Sistem Marketplace & Digital Payment,1
Pembatalan Tutup Periode dikarenakan human error pada saat Training EUT Modul Persediaan,1
Permintaan USERNAME_MASKED pass penyaluran DF Pemda,1
Cara membuat SPM Revisi untuk GUP KKP Belanja Modal,1
BACKUP DATA APLIKASI PPNPN DESKTOP,1
Kode KPP tidak Muncil,1
Permohonan reset Password USERNAME_MASKED,1
Permohonan Penurunan Status ADK,1
Tidak dapat melakukan pengisian Capaian Output Bulan April pada Aplikasi SAKTI,1
normalisasi Data Kontrak yang hilang,1
Kendala pada SIKP,1
SAKTI KKP,1
KARWAS KONTRAK TERTOLAK,1
USERNAME_MASKED KPA TIDAK BISA DI AKSES,1
merubah nama KPA di menu apr,1
Permohonan Reset password akun digit,1
Pendaftaran Kontrak di aplikasi SAKTI,1
Tolakan SPAN terkait SPM Kontraktual,1
UP KKP apa perlu membuat SPM UP isi dahulu?,1
Permohonan USERNAME_MASKED Tingkat KL Untuk LPP TVRI,1
Tidak Bisa Edit Penandatangan Aset,1
Fitur Akun Sakti oprba,1
SKP Ejafung,1
COA pada FA detil terdebet 2x,1
Perbedaan Kode UAKPB di SAKTI dan di Persediaan/BMN,1
Pembuatan USERNAME_MASKED Wilayah,1
Mengapa tombol verifikasi perpanjangan tidak muncul pada Aplikasi Simaspaten,1
Migrasi Persediaan terdapat error,1
Permintaan Pembatalan Approve Transaksi,1
Admin satker,1
SOLUSI TERKAIT K3 DALAM MODUL ASET TETAP YANG BELUM CHECKLIST,1
Pembatasan Jam Upload Kontrak,1
Prosedur Permintaan Akses (USERNAME_MASKED Pasword) online MONSAKTI untuk Level Korwil (koordinator Wilayah),1
Tidak Bisa Mutasi Saldo Awal,1
permasalahan pada cetak/ mengunduh karwas dan resume kontrak,1
Terdapat Tolakan Jumlah yang ditagihkan lebih besar dari jumlah yang diorder,1
Koreksi Penerimaan antar KPPN,1
Update Data SIKP Menggantung,1
Sisa Dana Tidak Terbaca,1
Asset tidak aktif,1
Login,1
mohon dihapus USERNAME_MASKED an. Florentinus Kristiartono,1
permintaan reset password digit,1
Aplikasi eJafung untuk mengubah periode SKP 2022,1
Duplikat Data Penerima,1
Migrasi Saldo Rusak pada Modul Persediaan,1
"Laporan persedian, rincian persediaan dan mutasi persediaan tidak muncul pada modul persediaan",1
Login SIMASPATEN,1
Lampiran Kompensasi SPMKP Tidak Muncul,1
tidak bisa migrasi saldo awal,1
penambahan USERNAME_MASKED kepala KPPN,1
Minus pada Realisasi,1
Mohon reset Password,1
Tidak bisa Upload ADK Gaji PPNPN pada Gajikita,1
Muncul Barang Usang di menu Persetujuan Transaksi (Approver),1
Migrasi Saldo Awal,1
Permintaan akun SAKTI,1
Pengesahan BLU,1
Perekaman Hibah Barang di SAKTI TA 2022,1
Status SIKP Tercatat Belum Lunas,1
Ultra Mikro,1
Perubahan Pengguna SAKTI KPPN Kuasa BUN,1
Tunjangan Pajak Penghasilan,1
pembuatan gaji 13,1
Reset akun DIGIT,1
Pendaftaran USERNAME_MASKED SAKTI Tingkat Wilayah,1
Nasabah komplain limit masih aktif padahal sdh melakukan pelunasan,1
Permohonan perbaikan SAKTI,1
"SMS USERNAME_MASKED Password SAKTI Modul Aset Tetap, SMS terhapus",1
"Aplikasi GPP, Kekurangan Tunjangan Fungsional",1
Penghapusan Data SK pada Aplikasi GPP Web Satker 645163,1
Rollout Migrasi Sakti Modul Persediaan dan Aset Tetap,1
Permohonan pembatalan tutup buku migrasi data persediaan,1
Mohon bantuanya untuk mengapus nomer gaji 6766 anak satker 06,1
Rekon Gaji ke-13,1
reset passoword,1
Penanggalan SPM Gaji 13 di hari libur,1
spm kekurangan Tukin THR tahun 2022 an. dahlan dan maimun mahmilul,1
Kendala Menghapus Data Pejabat pada Modul Admin,1
Rollback,1
membatalkan saldo awal persediaan,1
Penihilan SIKP,1
Gagal import supplier,1
Atasan Langsung PTPN Terampil di E-Jafung,1
Migrasi Persediaan Sakti,1
migrasi,1
Updeting data di Simaspaten,1
Saldo Anak Satker tidak Ditarik ke Laporan Persediaan Induk Satker,1
Laporan FA SAKTI tidak berkurang saat realisasi GUP,1
Kendala Menu Transfer Masuk SAKTI,1
Tidak bisa login DIGIT,1
Data Aset Tidak Termigrasi,1
Pengembalian Pendapatan Negara Bukan Pajak,1
rekon gaji ke 13 (susulan),1
Kendala Migrasi Aset dan Persediaan,1
situs web MPN Online tidak dapat diakses,1
Pembatalan Pengesahan SKPP Pegawai Pensiun,1
Reset Digit untuk Digipay Satker,1
Finalisasi Migrasi Aset Tetap,1
pendaftaran USERNAME_MASKED satker DIPA Baru,1
Permohonan pergantian approval KPA tipe Kanwil,1
Penolakan GPP gaji 13 TAYL,1
pencocokan laporan e-rekon LK dan Sakti modul aset tetap,1
Pembayaran Gaji PPPK,1
migrasi persediaan,1
Konfirmasi Data Nama dan NIK Mandiri,1
OTP Terblokir,1
proses migrasi aset,1
Memo Pengesahan Hibah Barang tidak muncul pada hasil cetakan di SPAN,1
Kode Propinsi pada cetakan Laporan tidak sesuai,1
monitoring migrasi aset blm keluar,1
Tindaklanjut Arahan Hi DJPB,1
penggantian NO.HP pengguna SAKTI,1
Data Persediaan Belum Masuk,1
"Dear Admin, Mohon bantuannya untuk pencatatan dan sinkronisasi data dana UP pada Opr Bendahara dan TUP",1
Perubahan Admin Satker E-Jafung,1
Status Erekon vs SAKTI menjadi Merah,1
Nomor Register SBSN,1
Perbaikan pada Nama UAKPB,1
Salah Kode Rincian Barang Persediaan,1
aplikasi GPP pemotongan 1% untuk iuran BPJS,1
migrasi aset Tetap masih terkendala aplikasi kemenkeu,1
Pembukuan Dana Titipan di SAKTI,1
Migrasi Saldo Awal USERNAME_MASKED paada Sakti,1
Ketidaksesuaian UAPB Satker,1
Migrasi Aset Tetap Sakti,1
ADK Supplier dari SAKTI tidak dapat diproses SPAN,1
Monitoring Transfer keluar/masuk,1
OTP 2X,1
PERMOHONAN HAPUS/BATAL DPP PPNPN PADA APLIKASI GAJIKITA,1
Usulan DUPAK Analis Pengelolaan APBN,1
reset password digit e jafung,1
Selisi Rekon Internal,1
Pembatalan pesanan hotel dengan KKP,1
Kendala Penginputan Transaksi Tahun 2022,1
Penutupan Periode tidak bisa diakses,1
Proporsi Angka Kredit Jabfung APK APBN di eJabfung dampaknya ke menu kirim ke verifikator dan atasan,1
Kesalahan Perekaman No Bukti Pada Transaksi Pemakaian Barang Persediaan,1
Pengisian DUPAK pada aplikasi eJafung,1
Permasalahan Terkait Perbedaan Pemilihan Akun dengan Kode Barang,1
Referensi SBSN Pada aplikasi MPN G3,1
Permohonan USERNAME_MASKED Unit Eselon 1 untuk Pelaporan dan Aset,1
Reset password ejafung,1
Rekonsiliasi Laporan Keuangan,1
Pergantian Nomor Handphone,1
685916,1
Rollback SKP Tahun 2022,1
Mekanisme Pengembalian Kelebihan Perjalanan Dinas,1
PERMASALAH PADA MODUL BENDAHARA SAAT PENGINPUTAN PUNGUT PAJAK DAN SETOR PAJAK,1
Salah melakukan approve SPM-PP,1
Pendaftaran Akun SAKTI MAIL,1
SEKITAR SIKP,1
aset tetap yg tidak termigrasi,1
Periode Berbeda saat Migrasi,1
Indikator Penyerapan IKPA,1
pengisian DUPAK,1
Pengisian Capaian Output Aplikasi SAKTI,1
Transaksi,1
Gagal Backup pada Aplikasi PPNPN,1
batal Validasi Jurnal pada Modul GLP,1
transaksi persediaan tidak muncul di persetujuan aproval,1
Sertifikat Kompetensi PPSPM Negara Tersertifikasi (SNT),1
Perbedaan Data Barang Intra Antara Migrasi SAKTI dan E-Rekon,1
Mohon Kirim Ulang SMS,1
SPP dihapus siap SP2D,1
Tidak bisa menginput data kontrak,1
Input Tanggal Kuitansi Untuk Pembayaran Tunggakan Tahun Lalu Sakti Satker 677560,1
Perekaman SPP Gaji Agustus 2022,1
Di Aprover Tidak Muncul Transaksi yg sudah diinput Operator,1
Tanda Tangan LPJ Bendahara Penerimaan,1
Permohonan Perubahan Status ADK,1
Eror OM SPAN DAK Fisik dan Dana Desa,1
Salah Pembayaran Gaji CPNS,1
PENGHAPUSAN TRANSAKSI YANG SUDAH DI SETUJUI,1
Penjelasan Dokumen Pencatatan Piutang - Saldo Awal,1
Permohonan Penghapusan Kewenangan UAKPA/B,1
Selisih E-Rekon dan SAKTI Laporan Barang Rusak dan Laporan Intrakomptabel,1
saya sdh ikut perpanjangan sertifikat bendahara,1
Perubahan zona waktu E-DJPb,1
REFERENSI KODE UAKPB SATKER 663378,1
Reset password eJafung kemenkeu,1
Koreksi PNBP,1
Lupa Password E-Jafung,1
Tidak dapat menyimpan inputan item ke 111,1
akun bermasalah,1
Perbedaan Realisasi pada Aplikasi SAKTI (659452),1
Rekon ulang saldo persediaan 2021,1
Tidak Bisa melakukan Persetujuan Transaksi Persediaan,1
omspan tidak bisa menampilkan data,1
Potongan PFK,1
GAGAL MIGRASI DISEBABKAN PERBEDAAN KODE WILAYAH SAKTI DENGAN EREKON,1
Penghapusan Akun Digit,1
Penyusutan Aset Tetap yang Nilainya Minus,1
Buka Periode,1
Penerimaan Transfer dari Kemenkeu Lapangan Banteng No.2-4,1
tidak muncul pendetilan COA,1
Data Persediaan tidak muncul di menu approver,1
tidak bisa persetujuan karena data tidak terbaca,1
aset BMN di SAKTI hilang setelah didetilkan,1
Salah Kode Eselon I,1
upload MGR_PSD_REF_NIP_MASKEDKD.txt tidak berhasil,1
Jurnal balik,1
SPBy yang tidak dapat diakses dikarenakan adanya perubahan PPK,1
Error Migrasi saldo awal,1
Permohonan Reset Password SAKTI USERNAME_MASKED,1
Reset Password SPRINT,1
Saldo awal ekuitas tahun 2022 berbeda dengan saldo akhir ekuitas 2021,1
Tutup Periode Desember 2021,1
tidak bisa tutup buku bulan juni 2022,1
uraian transaksi di approval hilang,1
perubahan USERNAME_MASKED USERNAME_MASKED,1
Role USERNAME_MASKED,1
Pembuatan Calk,1
Akun Standar,1
Muncul ekuitas awal pada tahun 2022,1
Buka Periode Persediaan,1
Nilai Ekuitas 2022 antara LPE dan Neraca berbeda,1
PROSES KEKURANGAN GAJI TNI TERTOLAK SAAT VALIDASI KPPN,1
Pencatatan BMN Ekstrakomptabel,1
Permintaan Batal Transaksi,1
Selisih K3 Antara E rekon dan SAKTI,1
Penambahan referensi satker pada aplikasi SIMASPATEN,1
"Gagal Simpan Pembelian - Input Pembelian sudah sama, notifikasi melebihi",1
Tidak bisa tutup periode,1
Kuantitas Tanah,1
Tidak Bisa download Laporan Keuangan atau BMN di Monsakti,1
Penanganan Data Aset Tetap,1
Akun 133211,1
Ekuitas Awal Jan 2022 berbeda dengan Ekuitas Akhir Des 2021,1
sanitasi 2022,1
Modul GLP,1
Modul Persediaan SAKTI,1
Permohonan Pembatalan approve bualan Januari,1
BUKA TUTUP BUKU PERMANEN PERIODE DESEMBER 2021,1
proses migrasi saldo awal masalah k3,1
Laporan BMN Pada Monsakti,1
Permohonan Pembukaan Periode Tutup Buku bulan April dan Buka Persetujuan pembelian dan pemakaian bulan April dan Mei,1
Permohononan buka buku,1
Permohonan Penghapusan Transaksi BA Opname,1
Gagal Migrasi Referensi SAKTI,1
Koreksi Pencatatan PNBP di sakti,1
Hari Uang Lembur,1
Tidak bisa input persediaan di modul persediaa,1
Harap validasi alamat email Anda,1
Pengajuan pembuatan USERNAME_MASKED tingkat UAPPA-W Kementerian LHK (BA 029),1
Pendaftaran USERNAME_MASKED satker 309062,1
Permohonan Pembuatan USERNAME_MASKED Password USERNAME_MASKED OMSPAN satuan kerja 690530,1
Permohonan USERNAME_MASKED/OM SPAN Tingkat Wilayah (UAPPAW),1
COA Setoran Pengembalian Belanja,1
Kendala dalam Proses Print Out LHR,1
Terdapat Selisih pada Rekonsiliasi Internal Monitoring Migrasi Aset Tetap pada Akumulasi Penyusutan Peralatan dan Mesin,1
Periode sudah tutup buku,1
printout data kontrak tidak menambah nominal kontrak,1
Kesalahan Penginputan Jurnal Penyesuaian/Jurnal Balik,1
Tahun anggaran 2022 Terfinalisasi,1
Jurnal Balik LK SMS I Tahun 2022,1
Kontrak Salah Tujuan pada SAKTI,1
Transfer Keluar tapi tidak mengurangi PM,1
Dirjen Perbendaharaan,1
Finalisasi migrasi saldo awal belum berhasil,1
pembelian monografi/buku kuantitas tidak sesuai,1
Login ke digit treasury,1
Konfirmasi Update Data Status Pelunasan SIKP PNM,1
Buka Periode Januari Sampai Juni,1
Permohonan pembukaan kembali tutup buku,1
input modul persediaan pendetailan bast,1
Tidak Dapat Konfirmasi data Nama dan NIK pada SAKTI,1
Permintaan USERNAME_MASKED untuk monsakti,1
Permasalahan SPAN - Daftar Kerja tidak muncul,1
Teknis pemotongan pph 23 menggunakan Kartu Kredit Pemerintah,1
Ubah Password Omspan,1
Selisih K3,1
Lupa Password dan Email Akun Digit(Aplikasi Gaji Satker),1
Pencatatan KDP di SAKTI Satker BBVET Maros (239015),1
BAST KDP,1
TUTUP PERIODE PERMANEN SAKTI,1
Muncul Akun Utang Kepada Pihak Ketiga I dan Utang Yang Belum Ditagihkan,1
Meminta reset kata sandi USERNAME_MASKED,1
Kesalahan pada kop cetakan/laporan pada seluruh modul aplikasi sakti di seluruh Satker di lingkungan Kanwil BPN Provinsi Lampung,1
Tidak dapat tutp buku periode 2022,1
Lupa email password @sakti.mail.go.id,1
Rekonsiliasi SAKTI-SPAN,1
aset tetap belum register minus di neraca,1
Adanya Akun Pengembalian,1
"Data SPM tidak ada Pada SAKTI, sedangakan ada pada OMSPAN",1
Open Periode Aset Juni 2022,1
Error Transaction Rolled Back,1
"tidak terbukanya modul persediaan kembali,meski sudah open periode",1
Permasalahan konfigurasi USERNAME_MASKED tingkat KL (BA 026),1
Mohon pembatalan persetujuan atas transaksi 07/I/2022,1
Permohonan USERNAME_MASKED Wilayah Kode Satker 632242 Ditjen Nakes Jateng,1
tidak bisa merekam hasil opname fisik,1
BAST PERSEDIAAN,1
Kesalahan dalan input Pemakaian Persediaan,1
Nomor SP2D terbit tapi SPM Terhapus,1
Permohonan Pendaftaran SAKTI Level Wilayah SATKER 677506,1
saldo kas lainnya di bendahara pengeluaran (111821) double setelah migrasi ke 2022,1
Pembuatan USERNAME_MASKED Password Aplikasi Monsakti Level Wilayah,1
Gagal Merekam MPN akun 815514,1
Permohonan USERNAME_MASKED password opr wilayah modul glp danaset BPS Provinsi Lampung,1
Pengajuan USERNAME_MASKED kompilator tingkat KL Kemenko Bid Perekonomian (BA 035),1
Permohonan Membuka Modul persediaan di glp oleh sistem pada bulan maret,1
Permohonan Pendaftaran SAKTI Level Wilayah SATKER 418663,1
Permohonan Pendaftaran SAKTI Level Wilayah SATKER 636892 (BPS Provinsi Banten),1
Pendetailan Transaksi Persediaan,1
Tidak bisa catat SP2D,1
selisih data span dan monsakti,1
"SPP YANG TIDAK MUNCUL DI MENU MONITORING APLIKASI SAKTI, NAMUN SP2D SUDAH TERBIT DI OM SPAN",1
Monitoring migrasi aset centang kuning,1
Permohonan Pendaftaran SAKTI Level Wilayah 437086,1
Saldo selisih yang terbawa dari periode 2021 akibat kesalahan jurnal,1
Perbedaan Nilai surplus/defisit-LO pada LPE antara MONSAKTI dan SAKTI,1
selisih pagu dipa,1
Tutup buku persediaan,1
Modul Persediaan dan Modul Aset,1
Perbedaan data print out antara monsakti dan sakti terkait pendapatan pnbp semester I tahun 2022,1
batal stok opname,1
Penanda Tangan SKPP Gaji,1
Pendaftaran USERNAME_MASKED Level Wilayah satker 099774,1
Keluhan Tidak Dapat Menghapus SPP atas SP3 kami pada Satker 568717 dan Penyesuaian Saldo di SPP,1
Pengajuan Passwaor Om Span Wilayah,1
tentang Konfirmasi Pajak,1
Cara Hapus Tanggal Jangka Waktu Pemeliharaan di RUH Kontrak Sakti,1
Permohonan Buka Tutup Periode Aset Tetap BUlan Juni 2022,1
Penghapusan SPM terindikasi double pada FA Detil,1
lupa password akun digit,1
Pembatalan persetujuan transaksi,1
penginputan transsksi penginputan prsdian di sakti,1
Permintaan Penghapusan Transaksi Penerimaan Pada Bendahara Penerimaan,1
Dell Compellent FS8600 SN : 2LG29R2- Rak C13- Colocation Unit DJPBN di DRC ERROR,1
Mapping Konsolidator Wilayah,1
Selisih Rekonsiliasi,1
PERMOHONAN BUKA TUTUP BUKU PERMANEN PADA TAHUN 2021,1
Transaksi Aset Reklas Masuk dari Persediaan Tercatat Double,1
Double Catat Pengesahan Pendapatan BLU,1
Pendaftaran Permohonan Tingkat SAKTI Wilayah SATKER 299178,1
Summary modul aset tetap,1
Mengganti tandatangan di laporan barang hilang,1
Buka Periode Aset Tetap Juni 2022,1
Pinjam dana,1
"Auto Response RE: Auto Response Re: Feedback terkait tiket ""Auto Response RE: Auto Response RE: batal/hapus rekon gaji""",1
APLIKASI OMSPAN BIDANG SMP,1
akun covid 2023,1
Ada nomor sp2d yg termonitoring di Monsakti blm dicatat di SAKTI,1
Pendaftaran USERNAME_MASKED digipay,1
SAKTI MODUL PERSEDIAAN,1
Permohonan USERNAME_MASKED SAKTI UAPPAW,1
Pencatatan BMN yang belum tercatat di 2021,1
Perubahan Nilai Akhir Dupak,1
No dokumen pada tdk detail di monsakti tidak ada,1
SALDO LS BENDAHARA BERNILAI MINUS,1
Status di sakti sudah upload sp2d namun di monsakti masih 0,1
Kode kegiatan tidak muncul pada MPN G3,1
Perbedaan transaksi di Span dan Sakti,1
Permohonan Buka Buku pada Modul GLP,1
Permohonan Pendaftaran SAKTI Level Wilayah SATKER 299179,1
PNS yang meninggal dunia,1
Gagal Tutup Buku pada Modul Aset Tetap dan Gagal menyimpan perekaman pada normalisasi KDP,1
Permohonan Perubahan USERNAME_MASKED level Satker dan level Unit,1
Permintaan Konfirmasi Data Penerimaan atas Setoran Tahun 2008,1
Periode telah ditutup.mau disummary sudah tutup buku,1
SAKTI BUN : Permohonan Update Data Monitoring Proses SPM,1
Permohonan Buka Buku bulan Juli 2022 di semua Modul SAKTI,1
Kertas Kerja KCO pada Aplikasi OM SPAN,1
Selisih Rekon Internal LMAN pada Monsakti,1
Penyetoran PNBP yang salah akun,1
Pendaftaran USERNAME_MASKED UNIT Kode Satker 497010,1
modul persediaan,1
Mohon Perbaikan Data,1
Mohon Dibuka periode dibulan Januari dan Februari,1
Perbedaan Nilai LRA antara SAKTI dan MONSAKTI,1
PPNPN,1
untuk buka transaksi yang sudah di approve,1
Penggunaan akun atas pengembalian atas proyek hibah terencana,1
Ttd dengan dignital signature,1
Periode Tutup Buku Yang Terlewat,1
Reset Password dan aktivasi USERNAME_MASKED,1
Tidak bisa aprove periode maret,1
Pencatatan spby,1
Monitoring SPAN,1
Buka tutup buku periode JUNI 2022,1
Reset sprint,1
Permohonan Pemasangan Banner Iklan di eDJPb,1
Ada Data Yang Hilang (terhapus dengan sendirinya) di USERNAME_MASKED BPP,1
Tata cara pemasangan banner di situs edjpb.kemenkeu.go.id,1
gaji susulan bulan agustus 2022,1
Tidak Bisa mendetailkan persediaan dan kontrak pada modul aset tetap,1
(Satker 119532 ) registrasi GAJI KITA,1
Perekaman Uang Persediaan dari BP tidak bisa ditarik oleh BPP,1
Penolakan rekon PPNPN,1
"Tidak bisa merekam usulan pendaftaran PPSPM atas nama Muh. Tajus Syarifin dengan keterangan ""internal service error""",1
Perubahan Nomenklatur Satker Yang Masih Muncul Untuk Pelaporan Capaian Output,1
sk pendaftaran USERNAME_MASKED,1
Permohonan Perubahan USERNAME_MASKED Tipe Kanwil BUN Bidang PPA I,1
USERNAME_MASKED Inaktif,1
aktivasi admin satker di aplikasi simaspaten,1
Pembuatan SPM Pengembalian Belanja Satker,1
daftar USERNAME_MASKED wilayah,1
Tidak bisa isi capaian output bulan Juli 2022,1
Cetak Label Barang di SAKTI Gagal,1
Validasi OTP Error,1
tidak bisa melakukan detail belanja modal,1
Tedapat duplikasi di penyalur lain saat pengecekan sikp,1
Rekonsiliasi di MONSAKTI,1
permohonan perbaikan selisih rekon SPAN dan SAKTI,1
OMSPAN Tahun 2016,1
Kesalahan Pemilihan Status Peserta Diklat,1
Request penghapusan sikp,1
"Kendala Login akun vendor ""anda tidak memiliki akses""",1
Permohonan Pendaftaran SAKTI Level Wilaah SATKE 419957,1
"an nilai antara data SIMAK, E-REKON LK, dan SAKTI",1
Kendala Perubahan Akun Sakti PPSPM,1
tidak ditemukan data supplier,1
Permohonan Hapus Data SIKP,1
Nama UAKPB Kurang tepat,1
lupa password email sakti,1
Kas Tunai LS,1
Pengembalian belanja senilai Rp 68 pada SPM 147 tidak muncul pada SAKTI,1
Tidak Bisa Login Akun SAKTI dengan Password Baru setelah Reset Password Default,1
SIKP belum dihapus,1
selisih rekon pengembalian belanja,1
Nilai Transaksi di Modul Aset Tetap Double,1
Permasalahan modul persediaan bulan Juni 2022 tidak bisa tutup buku,1
Konfirmasi Tiket 20220726-JJ4O56: Pengurangan Nilai Atas Usulan BMN dihapuskan Tidak Muncul,1
Perbedaan Realisasi di Om Span dan Sakti,1
Permohonan perubahan status Calon BPG menjadi BPG di Aplikasi Simaspaten,1
Mohon Penghapusan ADK rekon GPP,1
modul aset tetap,1
email verifikasi digit.kemenkeu.go.id,1
aplikasi PPNPN,1
perbedaan pnbp span dan sakti,1
Selisih PNBP mungkin karena terdapat perbedaan tanggal,1
Deviasi Renkas,1
Tata cara Konfirmasi Penerimaan Negara dan Tata cara Koreksi Penerimaan Negara,1
Permohonan Pengapusan SIKP,1
kendala migrasi pengguna SIMPONI,1
Kesalahan nilai koreksi SP3BBLU,1
Buat Akun e-djpb,1
Perekaman akun ekstrakomptabel,1
Pengajuan Akun USERNAME_MASKED tipe Kementerian LKPP 970968,1
Permohonan Informasi,1
Penerimaan PNBP kurang di SPAN,1
Data PNBP masih selisih Monsakti dan Sakti,1
Permohonan Reset Email dan Password USERNAME_MASKED,1
Pagu tidak berkurang pada Laporan FA 16 Segmen (Akrual),1
SELISIH EREKON SAKTI-SPAN,1
AKTIVASI AKUN KADALUARSA,1
Akun tidak muncul pada saat pendetilan COA,1
Selisih Pada Hasil Rekonsiliasi antara SPAN dan SAKTI,1
Pengelolaan UP dan TUP,1
COMMERCIAL:Auto Response: RE: COMMERCIAL:Auto Response: Penting : Tiket 20220808-QLOEC4 akan ditutup,1
Nilai penyusutan aset tetap semester 1 2022 sama dengan saldo awal,1
Data KIB kosong,1
Tidak bisa Membuat Kuitansi,1
tidak bisa tambahkan KIB,1
cara cek sp2d tahun 2016,1
Perbedaan jumlah realisasi antara SPAN dengan Sakti,1
Pembuatan USERNAME_MASKED Satker Baru 2022 = 419657 SEKRETARIAT BAWASLU KABUPATEN KEDIRI,1
OTP Gagal dikirim,1
TKTM antara aset dan GLP berbeda,1
Data Perbedaan Rekonsiliasi Detail,1
Kode UAPPA/B E-1 Salah Eselon,1
Roll Back SKP,1
Terkait Rekonsiliasi UAKPA pada MONSAKTI,1
laporan barang,1
Tiket 20220804-WISGS9,1
SELISIH NILAI SPAN DAN NILAI SAKTI,1
Pengecekkan Subsidi Bunga di JendelaUMKM,1
Penginputan Pendapatan bukan Pajak,1
Pencatatan SP2D GU,1
Tidak ditemukan USERNAME_MASKED Penerimaan atas nama Soni Solihin,1
Solusi Seilisih pada Monsakti Pengembalian Belanja,1
COMMERCIAL:Dr. PAUL S ISSACK :: Contribute your Research Knowledge,1
Realisasi SPM di SAKTI terbaca dua kali,1
Tidak bisa hapus batch cz periode telah berlalu,1
pnbp440326,1
belanja pegawai,1
Tidak bisa validasi spp di USERNAME_MASKED,1
Minus pada FA Detil Akrual Menyebabkan FA Detil Akrual berbeda dengan FA Detil Kas dan OMSPAN,1
Selisih Kas BLU Pada MONSAKTI,1
Masa Pensiun Untuk Pejabat Fungsional yang dilantik melalui jalur Penyetaraan/Non-Inpassing,1
Belanja Pakaian,1
Proses Unggah dan Validasi SPM Koreksi pada SPAN,1
persetujuan transaksi,1
Normalilasi Penghapusan BAST Bulan Juni,1
Aset Tidak Aktif,1
Permohonan Perbaikan Transaksi Penerimaan Negara,1
Permintaan Penurunan Status ADK pada SAKTI BUN,1
Pendaftaran OU KPPN Semarang II,1
Permohonan Kirim Email/SMS USERNAME_MASKED Password SAKTI,1
Permohonan USERNAME_MASKED Tingkat Wilayah,1
SPM yang sudah di OTP tidak muncul di fitur monitoring ADK,1
Buka Buku Aset Tetap Periode Juli 2022,1
SPM Koreksi Menggantung pada SPAN,1
Terkait Perubahan tgl SP3 Sesuai Tanggal NOD,1
Terkait setelah melakukan koreksi pencatatan KDP,1
MAN 1 Kotamobagu,1
Verified Account,1
History Aset pada modul aset SAKTI nilai berbeda pada SIMAK BMN Audited 2021,1
Neraca Laporan BLU tidak balance,1
Ujian Kompetensi APK APBN,1
pagu dan realisasi belanja,1
Tarikan data SIKRI Anomali,1
pembuatan USERNAME_MASKED,1
pertanyaan mengenai akun,1
Menu Rekonsiliasi Tidak Muncul Pada Monsakti,1
DATA PERBEDAAN REKONSILIASI DETAIL PADA SATKER 423410,1
Permohonan tutup buku aset periode 1-5,1
permohonan reset pasword akun gajikita PPNPN,1
Monitoring KGB Aplikasi Gaji,1
aplikasi bpp/gpp,1
IKPA pada Nilai Deviasi Halaman III DIPA belum berubah,1
Permintaan File Excel untuk Rekening Dana Desa BPD Riau Kepri Syariah,1
konsultasi PMK 188 /PMK.05/2021 hal Tata Cara Pembayaran atas Pengembalian Penerimaan Negara,1
Pasang banner Iklan Edjpb,1
Data Retur BOP PAUD tidak muncul di halaman RETUR BOS Aplikasi BOS Kemdikbud,1
identifikasi no span,1
Kesalahan pencatatan akun Piutang,1
PENGINPUTAN TRANSAKSI HIBAH,1
laporan operasional (LO),1
Iplemntasi digipay,1
Perbendaharaan,1
PENDAFTARAN USERNAME_MASKED TIPE KEMENTERIAN APIP ANGGARAN/PELAPORAN BA018,1
Mohon Approve USERNAME_MASKED Baru Satker BC Sidoarjo (675525),1
Serifikat Bendahara Pengeluaran,1
Kendala Tutup Buku Periode Juli 2022,1
Tanya NTPN di OMSPAN,1
Kesalahan Tanggal Perolehan pada Aset KDP,1
Aplikasi PPNPN Web,1
Potongan P3K,1
Permohonan Penghapusan BAST Hibah Barang pada satker 672851,1
Permohonan Aktivasi USERNAME_MASKED SAKTI Karena Kendala di KPPN,1
Hasil Koreksi Akun Potongan SPM belum Terbaca pada SPAN,1
SP2D tidak Dapat di upload,1
Modul Aset Tetap,1
Pembuatan SPM TUP dengan Sumber Dana SBSN,1
Tidak Bisa Validasi MPHL,1
reset USERNAME_MASKED KPA,1
Perubahan Kode UAKPA/B,1
Gagal Approve pengaktifan USERNAME_MASKED satker pada apruser KPPN,1
Tidak dapat menghapus data supplier tipe 2,1
Pembaharuan Status MONSAKTI,1
Pemberian Tunjangan Papua,1
tidak bisa mencatat SP2D otomatis,1
Permohonan Reset Pasword Simaspaten,1
Closing Date Nomor Register Hibah,1
"Salah redaksional dalam kuintansi, spby, dan DRPP yang telah di GUP kan",1
Ketentuan Biaya Kereta Api Perjalanan Dinas Dalam Negeri,1
USERNAME_MASKED untuk APIP,1
Supplier Hibah,1
Juknis pengisian RPD dan pemutakhiran POK,1
Siti kundariyatun,1
Pendaftaran Kontrak pada SPAN,1
Penggabungan Reklasifikasi Instalasi Jaringan Listrik dan Air ke Bangunan Gedung Kantor,1
Modul Aset Tetap - Catat KIB gagal,1
Kesalahan catat tanggal sp2d pada modul aset,1
Pendaftaran,1
mohon tindak lanjut dari tiket kami satker 664024 No. 20220826-4FCEAB,1
Permohonan Dokumentasi untuk dimuat di Halaman eDJPB,1
NILAI KONTRAK BCAA TIDAK SAMA ANTARA KARWAS SATKER DENGAN SPAN,1
Permohonan input Pelunasan KUR,1
Reset Password OMSPAN KPPN Palopo,1
pengembalian ke kas negara untuk transaksi KKP,1
Perbedaan hasil rekonsiliasi di monsakti,1
reset password sakti mail,1
DRPP Hibah,1
gagal melakukan tutup buku periode bulan juli 2022,1
permintaan password baru,1
OTP supplier dan Kontrak selalu gagal,1
Penambahan role,1
COMMERCIAL:Dr. PHILLIP EDWARD LAMBERTY :: Paper for the Upcoming Edition,1
PERMOHONAN SP2D SATKER 662710 TAHUN 2016,1
Pembebanan/ Pembayaran Iuran BPJS PPNPN,1
Pendaftaran USERNAME_MASKED SPAN,1
penutupan rekening bendahara penerimaan dengan nomor rekening 0063-01-002312-302,1
Tidak bisa input dan hapus data di simaspaten,1
REKONSILIASI,1
Status SHR menjadi kembali TDK lagi,1
Lupa email saat reset akun DIGIT,1
monsakti,1
Tidak bisa mendetilkan barang persediaan,1
Reset Password email kemenkeu,1
TDK DETIL TIDAK BISA NOL,1
Rekon Internal MONSAKTI,1
Koreksi Data Pengesahan SAKTI,1
Pendaftaran e-Learning BNT Bendahara Pengeluaran,1
Eror Null pada pembuatan RUH Penerimaan Jasa Valas,1
Permasalahan terkait microwebsite,1
Permohonan Ubah Email dan Reset Password USERNAME_MASKED,1
kesalahan pencatatan pembelian belanja modal di bawah kapitalisasi,1
Kendala aktivasi OTP KPA,1
Daftar Referensi Satker Baru,1
Perpanjangan Sertifikasi Bendahara,1
Reset password akun SIMASPATEN,1
Menghapus Opname fisik 672932..bulan juni 2022,1
Permohonan Buka Periode GLP Bulan Januari s/d Juni 2022,1
Cara perbaikan salah kode barang,1
transaksi setoran belum ada di SPAN,1
Tidak bisa register dan akses simastapen,1
Permohonan Bantuan Pembuatan ADK Koreksi Penerimaan Negara,1
OM SPAN Realisasi Belanja per Jenis Kegiatan,1
Tidak Muncul ADK LPJ Bendahara Penerimaan,1
Reset password PBN Open,1
Pemantauan pengendalian intern,1
Pembukuan setor sisa TUP,1
Modul Piutang tidak menampilkan hasil penyisihan piutang pada semester 1,1
Rekon Monsakti-Span,1
"Permohonan Reset Data Akun Digit karena Lupa Email, USERNAME_MASKED Passwordnya",1
SPBY gagal tersimpan,1
Laporan Keuangan Error,1
"Capaian output belum tergenerate pada IKPA, setelah 3 hari mengiirim dari SAKTI ke SPAN",1
Perbaikan data tarik tunai di modul bendahara Satker 498097,1
Error pada capaian output,1
transkasi SPAN belum ada di MonSAKTI,1
Realisasi berbeda dengan Nilai pada SPP,1
Aplikasi GPP tidak bisa dibackup,1
Pendaftaran akun digit tresury,1
Gagal proses penyimpanan SPP Pengesahan Pendapatan BLU,1
Pengesahan BAST,1
"Persediaan bulan 6 belum terinput, tapi Opname Fisiknya sudah dibuat, Mohon di batalkan Opname Fisiknya Bapak/ Ibu",1
Tunjangan Fungsional Pranata Humas,1
Pendaftaran Akun SAKTI bagi APIP,1
LPJ Bendahara Penerimaan SAKTI,1
Penonaktifan supplier gagal,1
Update Pelunasan Debitur di SIKP,1
Klasifikasi Tingkat Biaya Perjadin untuk Guru Besar,1
ketidaksamaan saldo awal LPJ Bendahara,1
tidak bisa rekam capaian output,1
Kendala pengiriman capaian output Agustus,1
terkait aplikasi sakti,1
Status HIbah pada Daftar Transaksi MPHLBJS di SPAN Unposted,1
Nilai Capaian output pada IKPA,1
Tunjangan Dosen yang mendapat tugas tambahan,1
Lupa Password Aplikasi SPRINT,1
Satker Baru Gagal Tutup Buku,1
Tata Cara Jurnal Penyesuaian untuk Hibah Uang ke SAKTI,1
Sisa Dana Hibah th 2021,1
Tiket 20220824-9BVURQ,1
Error Tutup Aset pada SAKTI satker 525495,1
Ricardo L reset pasworrd,1
Nilai Caput Agustus tidak muncul pada nilai IKPA bulan Agustus 2022 padahal telah dikirim lewat aplikasi SAKTI,1
Tidak Bisa Tutup Buku periode Juli 2022,1
notifikasi pencatatan transaksi bendahara,1
Kekekuarang Gaji karena perubahan Status pernikahan,1
Permohonan Penggantian USERNAME_MASKED Aplikasi GPP KPPN Lubuk Linggau,1
Kendala Daftar USERNAME_MASKED Perpanjangan Masa Berlaku BNT Satker KPPN Pangkalpinang,1
Permohonan Buka Priode,1
Pengembalian pagu 2128.QEI.001.004.A.521233,1
Reset password SPRINT,1
Problem Tutup Buku Persediaan,1
Terdapat kelebihan pengurangan Penyisihan Piutang Tidak Tertagih,1
SELISIH SALDO KAS BANK,1
Reset password aplikasi OMSPAN DPMD Kab Tasikmalaya,1
TERCATAT 4 KALI LIPAT DI SETIAP TRANSAKSI,1
Status SIKP Menggantung,1
Pergantian Pejabat PPK dan PPSPM,1
Kendala saat perpanjangan sertifikat BNT,1
Permohonan Reset Password agent CRM,1
Salah Jenis SPP pada saat pengajuan SPM KP,1
USERNAME_MASKED Simaspaten tidak bisa di buka,1
Rekam SP2D BLU,1
permohonan reset password akun digit,1
Permohonan Pergantian User,1
Permohonan USERNAME_MASKED MPHLBJS,1
Kesalahan Penginputan Detail Persediaan,1
Permintaan Reset Password Digit/Simaspaten,1
Filter Realisasi Omspan Tidak Ada,1
Pembuatan USERNAME_MASKED Satker Baru 419688,1
Lupa password Sakti,1
Gagal proses validasi tanggal penutupan Sakti Modul GL Pelaporan,1
Aplikasi simaspten,1
Transaksi Gantung Satker Likuidasi,1
"Anomali Data atas Sumber Dana UM Nomor 00025/UPBPP//465027/2022 semula PNBP menjadi Rupiah Murni (RM) senilai Rp. 57.435,-",1
sertifikasi bendahara,1
Penyampaian Katalog Layanan dan SLA HAI-DJPb,1
USERNAME_MASKED aset tetap,1
Buka Tutup Buku,1
Pendaftaran USERNAME_MASKED SPAN Satker,1
Proses Keikutsertaan PPL Bendahara,1
Perbedaan Realisasi Belanja di Laporan Fa Detil Sakti dengan LRA Belanja,1
Rencana Penarikan Dana PAGU Blokir,1
USER & PASSWORD SIMASPATEN,1
cara membuat adk pindah pegawai,1
Anggaran Dana BOS Sekolah,1
Data gantung atas SPM yang sudah dihapus,1
Potongan BPJS Keluarga Lain pada aplikasi GPP melebihi 1% per-orang,1
SPP Tidak Bisa Dihapus,1
Hasil Rekonsilisi SAKTI-SPAN PNBP tidak sama,1
PERMOHONAN AUDIENSI DAN WAWANCARA PEMBUATAN BUKU BIOGRAFI DISTRIBUSI DI TOKO BUKU BESAR NASIONAL DI SELURUH INDONESIA,1
MONSAKTI,1
Pendaftaran ADMIN KPPN Aplikasi PPNPN WEB,1
ADK PEGAWAI BARUYANG MENGGANTUNG,1
Peraturan TUP,1
Monitoring Normalisasi dan Tindak Lanjut Normalisasi,1
Petunjuk Permasalahan Error Pengisian Reklas Masuk Pada Asset Tanah pada menu sakti di LPKA Kelas II Muara Bulian,1
referensi satker,1
Pesan Error Validasi Modul PPSPM,1
reklas buku lainnya ke monografi,1
Status transaksi OPR Persediaan dengan APR Persediaan tidak match,1
Pemeliharaan Kendaraan Kantor,1
MAKODAM I/BB 685351,1
Permohonan Informasi Calon Debitur Kode bank YYY,1
Permohonan Registrasi USERNAME_MASKED,1
Aktivasi Akun DIGIT,1
Aktivasi Digit USERNAME_MASKED,1
Permohonan buka periode persediaan 2022,1
Kesalahan nilai koreksi data SP2B no SPM 185T,1
Tidak bisa,1
Tutup Buku Modul Persediaan,1
Pendaftaran Calon Bendahara di Aplikasi SIMASPATEN.,1
"COMMERCIAL:Auto Response: Feedback terkait tiket ""COMMERCIAL:Auto Response: Chat Transcript""",1
Tutub Buku Persediaan,1
Data KIB Tanah dan Bangunan Pada Sakti,1
Nama Jabatan KPA tidak muncul pada cetakan RKA-KL,1
MPN G3,1
Kendala akun digit,1
Batal Tutup Buku Periode Sebelumya (Februari 2022),1
USERNAME_MASKED Invalid,1
Whatsapp SAPA Anggaran - Akun 521219,1
password OM-SPAN,1
Pembelian Online Menggunakan Mekanisme Pembayaran UP,1
uang representasi untuk anggota DPR,1
Perekaman Capaian Output,1
Pencatatan Kartu Identitas Barang,1
Proses validasi transaksi tidak bisa dilakukan karena kode barang dan nup yang sama,1
Terdapat selisih saldo pada cetakan LK dan Laporan Barang Intra/Laporan Posisi BMN di Neraca cetakan Monsakti,1
Reject password,1
Perekaman USERNAME_MASKED CSO pada Aplikasi OM SPAN agar memiliki IKU pada USERNAME_MASKED,1
Mohon bantuan reset pasword akun digit,1
kode rincian barang,1
transaksi KDP tak bisa ter Rekam,1
Potongan JKN,1
Penghapusan SPM Pengesahan BLU,1
Reset Password Digit untuk NIP. NIP_MASKED,1
SIMASPATEN - SALAH UPLOAD DOKUMEN,1
Gaji Web PPNPN - Tidak bisa Simpan DPP,1
Kontrak tdk muncul saat buat BAST,1
Gagal Pendetilan Persediaan dikarenakan Dobel BAST Satker 344697,1
Tidak bisa login dan registrasi digit,1
Permohonan Lupa Password,1
USERNAME_MASKED pada aplikasi web ppnpn,1
Error Simpan Aplikasi Gaji Kita,1
CARA MEMASUKAN NRP PPK,1
Tiket 20220907-QZAJ46,1
Terdapat Pesan Error pada menu persetujuan aprover,1
lupa pasword digipay002,1
Alasan Penolakan Kontrak,1
Data Perbedaan Rekonsiliasi Detail Periode,1
Permohonan pembuatan akun DIGIT untuk pegawai baru lingkup Kanwil DJPb Maluku Utara,1
Iuran JKN BPJS untuk PPNPN,1
Permohonan reset password OMSPAN Dana Desa untuk USERNAME_MASKED Kab. Sumenep,1
Gagal Membuat DPP PPNPN Pada Web gajikita satker 418149,1
Tidak dapat rekam Kartu Identitas Barang (KIB),1
Pergantian USERNAME_MASKED Aplikasi Gaji KPPN Terpusat,1
BPSDM PROVSU,1
Gaji kita PPNPN,1
Lupa pasword digit aprove,1
Perbaikan salah pendetailan aset dari Pembelian ke Pengembangan Langsung,1
Cara Pendaftaran USERNAME_MASKED,1
reset password akun digit,1
SPP double,1
Reset akun password digipay/digit,1
Transaksi digipay terlanjur jatuh tempo (overbooking),1
lupa password ppk pada aplikasi digit.kemenkeu,1
Tiket PP Pesawat,1
Permohonan Profil Eselon I,1
kesalahan input kode akun 521111 ke persediaan,1
REFERENSI SATUAN KERJA DI APLIKASI SIMASPATEN,1
PERBEDAAN SAKTI DAN SPAN PADA DETAIL,1
Perubahan Role Sekretaris pada eDJPb,1
Koreksi Kuantitas pada Aplikasi Sakti,1
Pendaftaran Perubahan USERNAME_MASKED tipe Kanwil BUN,1
Gagal tutup buku 621974,1
Uang harian paket meeting,1
Kekurangan Gaji Kenaikan Pangkat dan penyesuaian Gaji,1
"Selamat siang saya operator Simak BMN Arsenal, mau minta tolong di bukakan kembali tutup buku periode bulan Juli, karena ada permasalhan TK/TM untuk di batalkan TK nya. terimakasih selamat siang.. Kotak Masuk",1
Permohonan Reset Akun SIMASPATEN satker 020066 Dispora Jabar,1
reset SKP Jabfung Pranata Keuangan APBN,1
Persediaan Usang,1
USERNAME_MASKED PPK,1
Pendaftaran referensi CSO baru,1
SAKTI - PEMUTAKHIRAN USERNAME_MASKED KPPN KUASA BUN,1
Perubahan nomor rekening supplier pada kontrak yang sudah terdaftar,1
USERNAME_MASKED level APK,1
RESET PASSWORD PPK DI GAJI KITA,1
"Pendaftaran Supplier Approved , SPM berhasil dicetak, tetapi ADK Ditolak",1
permohonan pembukaan tutup periode modul persediaan satker 416497,1
Akun untuk pembelian bola olahraga (tenis meja dan tenis lapangan) 521811 atau 521111,1
Permohonan Tindak Lanjut pencatatan aset,1
permintaan reset password USERNAME_MASKED PPK SIMASPATEN,1
Tidak Bisa Rekam Ulang Usulan di USERNAME_MASKED SIMASPATEN,1
pendaftaran akun digit,1
Teknis Pembayaran lebih dari 50juta ke rekening VA,1
No Asset KDP sudah tidak aktif,1
skpp pegawai belum menikah meninggal tanpa hak pensiun,1
USERNAME_MASKED terdaftar pada edjpb,1
akun tidak aktif,1
Aktivasi Akun Digit,1
Penambahan modul pada USERNAME_MASKED,1
Kendala SIKP Menggantung,1
Mengubah data penandatangan,1
permohonan pembatalan transaksi pendefinitian KDP menjadi Aset tetap 559400,1
Konsultasi Aplikasi Sakti,1
PHONE_MASKED,1
Tidak dapat mengaktivasi USERNAME_MASKED pada Modul PPNPN web gajikita,1
Penerbitan SPM,1
Kendala Login komputer,1
Buat akun e-djpb,1
Password salah,1
Permohonan Penghapusan Hold Invoice pada OM SPAN,1
Hasil Rekon SPAN-SAKTI pada MONSAKTI tidak akurat,1
Data SK Tidak Muncul,1
NIP yang Terdaftar dalam Akun DIGIT salah,1
aplikasi GPP,1
update FA - 350136,1
Permasalahan Login E-DJPb,1
Forbidden access pada e-djpb,1
PERUBAHAN PEJABAT BARU,1
Permohonan Akses Data Sakti,1
Penutupan Anak Satker,1
permohonan persetujuan penyamaan data PPPK satker 700125,1
Permohonan Penghapusan Hostname PC Join Domain,1
Persediaan tidak dapat di detailkan,1
cancel fee hotel,1
permintaan pembukaan periode capaian output,1
Ketidaksesuaian Akun,1
SPP dan Realisasi Tidak Sama,1
"Maaf, proses simpan tidak berhasil - Jurnal tidak ditemukan Akun : 111827 Sub Kelompok Jurnal : SPM0108",1
Reset Password akun SPRINT,1
Koreksi kuantitas tanah,1
Permohonan Perubahan Password OMSPAN Kewenangan Inspektorat Daerah,1
Reset Password Digipay,1
Permintaan USERNAME_MASKED wilayah,1
permohonan approva GPP terpusat untuk penyamaan data,1
Kendala Penginputan BAS atau CoA Setoran PNBP Satker di Aplikasi Sakti,1
aplikasi gaji PPNPN web,1
Pendaftaran USERNAME_MASKED Aplikasi Digit PPNPN,1
tidak bisa membukukan persediaan,1
modul komitmen pembelian aset> jumlah USD yang dimasukkan kurang,1
Domain,1
Permohonan Perbaikan Data di Aplikasi Modul GLP,1
Batal Setuju Modul Persediaan,1
Sakti Modul Persediaan,1
USERNAME_MASKED tidak AKtif,1
LUPA PASSWORD / TIDAK TERIMA PASSWORD DI SMS,1
OTP Sakti,1
Penyesuaian Saldo Awal,1
SSBP Tercatat Double,1
perpanjang izin KIP,1
Selisih LRA sakti dengan SPAN,1
Mohon Penghapusan type Suplier 6,1
Permintaan USERNAME_MASKED Pasword Aplk SAKTI UAPPAW dan UAKPBW,1
Permohonan Hapus BAST No.00019 beserta jurnal pendetailannya,1
salah penginputan/pengelompokkan kode akun MAK pada Modul operator komitmen aplikasi SAKTI,1
Pendaftaran IP untuk Komputer CBS,1
Pembatalan transaksi keluar berupa pemakaian karena salah nomor bukti,1
Permohonan Pendaftaran USERNAME_MASKED KPPN Langsa (Perbaikan SK),1
Persetujuan Data Penyamaan Anak Satker Baru,1
pesan error modul aset tetap,1
Perbedaan Tanggal Buku Penerimaan Mengakibatkan Selisih di MonSAKTI,1
Pendetailan aset tetap yang dicatat sebagai 1 unit barang,1
Saldo Akun Tidak Normal Satker MTsN 1 Wonosobo (025.04.308496),1
Pendetailan KDP Peralatan dan Mesin,1
REALISASI TIDAK SESUAI / DOBEL DENGAN FA DAN SPM,1
Terdapat Saldo Tidak Normal di monsakti yang berpengaruh ke laporan,1
Pencatatan PNBP Umum di aplikasi SAKTI,1
MOHON DIBUKA BUKU PERIODE SEMESTER 1 KODE SATKER 678804 KODE UAKPB NIP_MASKEDKD,1
"modul GLP pada menu Laporan tidak muncul rincian laporan Lo, Neraca, LPE, LRA, LRB",1
Capaian Output tidak selesai,1
Akun tidak muncul saat mencatat setoran pengembalian belanja di SAKTI,1
menu laporan pada modul GLP tidak rinci,1
"SP2HL Sudah berhasil disimpan ,,tetapi waktu mau validasi KPA tidak bisa ,ada petunjuk (,Error , maaf , proses simpan tdk berhasil - jurnal tidak ditemukan Akun : 111827 sub kelompok Jurnal: SPM 108) Padahal SP2HL kita nomornya 0136 dan tidak memakai aku",1
Nilai Cetakan SPBy dan Kuitansi Berbeda dengan Perekaman BAST Valas,1
Pendaftaran Bendahara Penerimaan belum direspon dgn status siap verifikasi unit penyelenggara,1
Penambahan Program Dukungan Manajemen,1
Rincian Saldo akun tidak normal,1
Tanya digit/sprint,1
Supplier tidak terbaca saat impor adk uang makan,1
Survei Kepuasan Pengguna Layanan HAI DJPb Tahun 2022,1
Cara Menutup periode hingga september 2022 semua Modul,1
Normalisasi MonSAKTI Akibat Kesalahan Kode AKun SPM,1
Sub menu Laporan GLP Tidak Muncul Secara Penuh,1
permohonan rubah data dari sistem,1
Transaksi Keluar Persediaan belum aprove di periode sebelumnya,1
SPM belum muncul di Sakti setelah ditolak oleh KPPN,1
Perubahan jumlah pembelian aset,1
Penolakan ADK Kontrak,1
Terdapat Bukti Pembayaran Pajak Kantor POS Namun NTPN Tidak Ditemukan,1
Cara memperbaiki dari Perolehan/Penambangan KDP (502) menjadi Pengembangan KDP (503),1
SP3 LC salah input kurs pada BAST,1
Assalamualaikum warahmatullahi wabarakatuh pak,1
Perlakuan Hibah program CSR dari BRI,1
Permohonan Softcopy sertifikat bendahara pengeluaran,1
Tagihan KKP yang terdapat pajak,1
Perekaman KIB dan Luas Bangunan Gedung,1
Data Ganda pada BAST No 00104 modul persediaan,1
OTP Aplikasi SAKTI,1
Permohonan persetujuan penyamaan data PPPK Satker 700211 pada aplikasi GPP KPPN,1
SPAN Ttidak dapat diakses,1
Permohonan Reset Akun,1
"Permintaan Penyelesaian Error E-DJPb Ooppps, Forbidden Access",1
"(SAKTI )Salah tolak , mohon bantuan ubah status",1
tutup buku bulan September,1
Peralihan gaji PNS Pusat ke PNS Daerah,1
pembukaan tutup buku aset bulan September,1
Permohonan buka periode Modul Aset Tetap,1
Pembayaran tiket pulang perjalanan dinas luar kota,1
Akun PPK Kendala Login Digipay 002,1
Ttg perbedaan Pagu dan Realisasi Aplikasi Sakti dan Omspan Satker 344488 (Hubdam IM),1
OTP SAKTI,1
Pembatalan Approval Hibah Barang Yang Telah Di Catat Opr Aset,1
Usulan Perubahan USERNAME_MASKED Gaji KPPN Terpusat dan aplikasi e-SPM KPPN Pamekasan,1
Penutupan SIKP pinjaman KUR Mikro BRI a/n Sutarti yang telah lunas,1
Pembayaran melalui Virtual Account,1
Tercatat 2 kali sehingga kelebihan realisasi,1
Permintaan Buka Periode GLP Bl Februari sd Mei,1
Permohonan pergantian akun Eselon 1,1
Aset Tetap Belum di Register,1
om span tidak bisa di akses,1
Saldo Penyisihan Piutang TGR,1
Perbedaan Data Pengembalian Belanja antara SHR dan LRAB Per akun Bulan September 2022,1
KONFIRMASI HASIL PEMULIHAN FA,1
Kata sandi akun sakti belum dikirim,1
537122 Akun Non Reff Akrual,1
nilai penyerapan belanja barang kegiatan 3072 di omspan berbeda dengan realisasi di Fa detail SAKTI,1
Permohonan Normalisasi Laporan FA Detail,1
Tidak dapat mencatat PPNPN baru pada aplikasi PNPN Web,1
Parameter IKPA atas Indikator Kinerja Belanja Kontraktual,1
SHR dan Laporan tidak muncul di MONSAKTI,1
Terdapat akun Null pada Neraca Percobaan Akrual,1
RALAT PENGIRIMAN SPTJM VOID BAST,1
Utang yang belum di tagihkan,1
Validasi Setoran Billing PNBP Tahun 2014,1
KENDALA OPNAME FISIK TIDAK BISA DISIMPAN (loading),1
Menghapus Jurnal yang belum diposting atau divalidasi,1
TIDAK BISA TERIMA KAS TUNAI MASUK,1
Tidak bisa login SPAN FO PDMS,1
Pembatalan Approve pada Reklasifikasi Masuk dan Keluar,1
Proses pendaftaran USERNAME_MASKED Gaji Web Modul PPNPN gagal,1
request buka tutup periode 9 persediaan,1
Update Data LAK Komprehensif Direktorat Pengelolaan Kas Negara Periode Triwulan III Tahun 2022,1
Realisasi SP2D tidak terbaca pada laporan FA detil dan FA detil 16 Segmen di SAKTI,1
alamat kppn bandung,1
Mohon bantuan menghapus USERNAME_MASKED dari Satker PA Bangil (401441) untuk NIP NIP_MASKED,1
Kesalahan Kode barang,1
Pendaftaran supplier,1
Tidak Bisa Pilih BAST pada saat Perekaman SPP Pengesahan BLU,1
Permohonan Perubahan Status di SAKTI,1
persetujuan modul avropper persediaan,1
Tutup Buku,1
Permintaan Penghapusan SpBy dikarenakan sudah periode tutup,1
nama akun terbaca null pada neraca,1
Pengaduan,1
cara membuat billing setoran pengembalian dengan akun 425913 di MPN G3,1
Saldo pada lpj berbeda setelah memasukan dana hibah setelah revisi dipa satker,1
Aplikasi MPN Tidak Ada Akun Pengembalian 524114,1
KETIDAKSESUAIAN KODE AKUN VS KODE BMN & KETIDAKSESUAIAN KODE AKUN VS KODE PERSEDIAAN,1
Peran Konsolidasi,1
Aplikasi Error,1
reformulasi IKPA belanja kontraktual,1
Salah input kode barang yang sudah dilakukan transaksi pemakaian,1
Akun untuk medical checkup,1
SErifikat BNT,1
COMMERCIAL:Auto Response: Diperlukan Tindakan: Tiket Anda belum dikirimkan,1
saldo tidak normal Penyisihan Piutang Tak Tertagih,1
Permohonan Buka Periode bulan 9 untuk modul aset tetap,1
Tidak Bisa Cetak/Tayang Laporan Tingkat Wilayah pada SAKTI dan MonSAKTI BA 033 Sulawesi Tengah,1
Transaksi Pada SPM NO. 00083 Muncul dobel pada BUKU BESAR SATKER,1
Penyampaian surat undangan acara lokakarya Forest Programme V,1
Kelengkapan Berkas Pertanggungjawaban Penginapan dengan KKP,1
SPP/SPM 00194T,1
SPHL belum membebani pagu anggaran pada laporan basis acrual Satker Polres Lampung Selatan (641897),1
Terdapat Notifikasi Referensi Bendaharawan dan Gagal Unduh.,1
modul bendahara dan GLP,1
Perbaikan atas Data Aset Tetap dengan Nilai Buku Minus,1
Kesalahan Perekaman Opname Fisik yang telah disetujui,1
KODE POS Tidak Terdaftar di DIGIT PPNPN (urgenT),1
SBM konsumsi Acara di Kampus,1
penyelesaian selisih transfer masuk dan transfer keluar (tambahan lampiran),1
Perekaman anak satker pada GPP tidak berhasil satker 690613,1
Penolakan SPM Kontrak 288511,1
Cetak sertifikat PPK Konversi - SIMASPATEN,1
Permohonan Pendaftaran USERNAME_MASKED KPPN sebagai Trainer,1
Renkas Harian,1
"Dasar Pemberian uang makan, uang saku dan akomodasi",1
Masalah Import Data Pegawai dan Data Gaji PPNPN,1
keterlambatan pengajuan SPM,1
Detail COA tidak berubah,1
Perbedaan Data Luasan Tanah Setelah Migrasi Pada Aplikasi SIMAN dan SAKTI,1
Perbedaan Nilai Deviasi Hal III DIPA dengan Penyerapan pada IKPA,1
Permohonan Pembuatan Profil Satuan Kerja,1
Data satker 423153 tidak muncul pada USERNAME_MASKED web PPNPN,1
jurnal manual mohon dihapus karena salah input tanggal,1
Pendaftaran USERNAME_MASKED Trainer,1
Progress pergantian USERNAME_MASKED SAKTI,1
Bersama ini kami sampaikan permasalahan double pencatatan pada SPP Aplikasi Sakti akan tetapi pencairannya satu (1) SPM sesuai lampiran realisasi,1
Perubahan Kewenangan Role Validator,1
pendaftaran USERNAME_MASKED BUN,1
Pengajuan void data BAST,1
Petunjuk Teknis Normalisasi Double Pengesahan BLU Satker 424157,1
data MPN Billing tidak di temukan,1
Perbaikan Pencatatan Aset Definitif menjadi KDP,1
Pencatatan Persetujuan Koreksi SPM tidak terbaca pada MONSAKTI 419178,1
mohon bantuan penghapusan fas kur di data sikp. fasilitas telah lunas dr bank bri juni 2022,1
Upload data penerimaan,1
Gagal update status pada aplikasi SAKTI,1
Permohonan Pemulihan ADK UM yang Terhapus,1
penurunan status GLP periode januari sampai dengan juni tahun 2022 DIPA Sekretariat Jenderal Kemenag Lembata,1
TUTUP Buku Modul Aset,1
Kendala Rekon Kekurangan Tunjangan Fungsional Pegawai Pindah,1
Tidak dapat login operator wilayah,1
spm koreksi,1
honorarium penyusunan soal ujian tingkat perguruan tinggi,1
Pengaktifan USERNAME_MASKED di URL_MASKED,1
permohonan declare switchback DC SAKTI,1
Cetak akrual dan SP2D tidak sama,1
Broadcast Drill SAKTI,1
Nilai IKPA untuk Indikator UP dan TUP,1
Penginputan barang persediaan agar masuk kategori barang konsumsi,1
CAN TAHUNAN KONTRAK YANG TIDAK KELUAR PADA PENDAFTARAN KONTRAK DI SAKTI,1
BAST yang terlanjur didetailkan,1
Perubahan Terkait Maintenance SAKTI tanggal 31 Oktober 2022,1
Tidak dapat melakukan tutup buku,1
Bertanya,1
Tindak Lanjut Tiket Nomor 20221031-D23HZW,1
kesalahan input cara bayar di kwitansi,1
Simas paten dan sertifikasi BNT,1
"Permasalahan Login akun eJafung JF APKAPBN pada Satker 451005 an Salam, SP.MM",1
RUH PENCATATAN SUPPLIERNYA BERUBAH,1
Permohonan pembuatan USERNAME_MASKED,1
Gagal approve transfer masuk persediaan,1
PERMINTAAN RESET AKUN DIGIT SATKER,1
Permohonan Broadcast Maintenance SAKTI 01 November 2022,1
- Muncul Pop-up Window Null Saat Persetujuan SPP,1
KEMENAG KOTA CIMAHI,1
Kas lainnya di K/L dari hibah yang belum di sahkan,1
Perubahan USERNAME_MASKED KAKANTOR. Smentara di KPPN A1 Jayapura,1
"PEMBUKAAN PERIODE ASET TETAP DAN PERSEDIAAN BULAN SEPTEMBER 2022 S/D JUNI 2022, DAN PEMBUKAAN PERIODE MODUL GLP BULAN SEPTEMBER S/D JUNI 2022",1
Reset password MPN,1
sewa kendaraan untuk perjalanan dinas,1
Gagal Unggah dan Tidak Bisa Approval pada Aplikasi SPRINT,1
aplikasi GPP satker yang lupa backup data,1
muncul RPD tahun 2017,1
Kendala Pembuatan Gaji Induk Desember muncul Belanja Tunjangan PPh dan Potongan PPh,1
login waktu cetak LpJ,1
Perubahan Nomenklatur Satker BMKG,1
input data ppnpn,1
permohonan reset pasword Sakti USERNAME_MASKED,1
Terjadi selisih antara data transaksi kas tunai bendahara dan buku besar satuan kerja,1
pemeliharaan jaringan komputer,1
Gagal Input SKPKPP,1
Kode Register PHLN Satker Dit. Angkutan Jalan Ditjen Hubdat Kemenhub tidak Terbit,1
Buka periode yang telah tutup buku permanen,1
561051,1
Kendala Perekaman BAST,1
akun tidak ada pada sakti untuk Anggaran PNBP,1
permohonan USERNAME_MASKED Unit modul aset tetap dan GLP,1
Jumlah Aset yang di detilkan double di Monsakti,1
Hubungan RPD Harian Otomatis Aplikasi SAKTI dengan Modul Renkas Aplikasi OMSPAN,1
tidak dapat membuat sp2hl,1
KARTU KREDIT PEMERINTAH (KKP),1
Peng SPJan,1
Anggaran MCU (Medical Check Up),1
verifikasi alamta email tidak masuk,1
Permasalahan terkait Windows Password Recovery,1
Permintaan Persetujuan Penetapan SIMASPATEN,1
Tidak muncul ppk atas nama abdul muhari,1
reset password dan lupa email,1
Satker salah melakukan input transfer keluar menjadi hibah keluar,1
Pembuatan USERNAME_MASKED pada gaji PPNPN,1
mau buat SPBY tdk ada akun 53,1
BAST tidak bisa dihapus,1
Permohonan Perbaikan Data GPP Satker 690547,1
Tidak Dapat Mereset Password Akun Digit karena Lupa Email Pendaftaran,1
Mengetahui email terdaftar pada Digit.kemenkeu.go.id,1
Konsultasi Hapus SPP,1
Capaian Output tidak dapat merekam data,1
Penolakan validasi SPAN,1
Uang harian untuk Narasumber,1
Pendaftaran Rekening TNP,1
Fungsional,1
Opname Fisik tidak ada isinya,1
muncul notif 08-2022 sudah tutup buku pd saat pencatatan BAST Hibah,1
SALDO TIDAK NORMAL PADA MONSAKTI (URAIAN AKUN TIDAK ADA),1
Reklasifikasi Keluar Aset belum dilakukan Reklasifikasi Keluar,1
Permohonan reset Pasword Aplikasi Digit,1
Perubahan nomor telepon untuk pengiriman SMS/Whatsapp OTP ADK SPP,1
Kendala Mengisi Caput yang Menyebabkan Data Caput Tidak Dapat Terkirim,1
Data Gaji tidak ditemukan,1
Update Halaman III DIPA Triwulan IV Terkait IKPA,1
Permintaan Buka Buku GLP Maret dan April 2022,1
Penyelesaian data monsakti akibat adanya selisih TDK jenis pengembalian belanja,1
Kendala perekaman pemindahan kas transfer keluar UM BPP ke BP,1
Cara menghapus BAST yg tidak digunakan,1
Kek Pangkat Pengabdian,1
Cetakan LPJ Bendahara pada Aplikasi SAKTI,1
permasalahan tidak bisa klik ubah saat detail COA SPM uang lembur di SAKTI,1
Tidak bisa hapus BAST non Kontraktual/ kwitansi,1
Ketidaksesuaian kode akun vs kode barang,1
supplier tipe 3 sakti tidak sinkron dengan yang ada di SPAN,1
Permohonanan normalisasi sisa anggaran satker 427128,1
Data aset bulan April dan Agustus dari SAKTI tidak masuk ke Siman,1
Penolakan SPM Hibah satker 402820 pada sakti satker,1
Double potongan=Double SPM????,1
COA Realisasi terkali 2 sehingga memungkinkan Pagu minus,1
Saldo tidak normal,1
Addendum Kontrak di Aplikasi SAKTI berhasil akantetapi tertolak di SPAN,1
Boarding pass elektronik sebagai kelengkapan SPJ,1
Ketidaksesuaian kode akun vs kode bmn,1
terkait aplikasi,1
"Pemberitahuan Email Tidak Berlaku Re: Feedback terkait tiket ""Pemberitahuan Email Tidak Berlaku RE: SPM yang tidak terbebani pada Laporan FA Detail TA 202""",1
Salah Reklas Asset,1
monitoring penyaluran dana desa,1
Mohon infonya kenapa tidak bisa klik jabatan di simaspaten sehingga tidak bisa kirim user,1
Gagal Catat SP3B BLU,1
Perubahan USERNAME_MASKED Approval Eselon IV pada CW SPAN,1
Setup Referensi Satker TA 2023 BA 040 Kemenparekraf,1
Permohonan Pembatalan Pendetilan Aset,1
USERNAME_MASKED belum disetujui,1
Perpanjangan Masa Berlaku sertifikat BNT gel II,1
SPJ Keuangan,1
Menu 'ADK' untuk OTP SPP di USERNAME_MASKED tidak muncul,1
tidak munculnya pendapatan pada saat perekaman SP3B BLU,1
LAPORAN REALISASI,1
Realisasi di Aplikasi Sakti,1
Tidak Dapat Merekam Akun Penerimaan pada SP2HL,1
Data SAKTI Dobel,1
permintaan USERNAME_MASKED opr wilayah untuk satker 408774,1
Pembyaran tunjangan profesi dosen dan sertifikasi,1
Transaksi migrasi saldo tahun 2021 di Pandu SAKTI gagal,1
Pengumuman terkait Hasil Perpanjangan Masa Berlaku Sertifikat Bendahara,1
Seleksi perpindahan ke JF APK APBN,1
Penonaktifan Supplier,1
Lupa Password dan Email DIGIT,1
Pembayaran sudah kirim SPM dan Terbit SP2D tidak tercatat di Laporan 16 Segmen,1
Double data SP2D pada mencatat/Upload SP2D,1
USERNAME_MASKED level K/L,1
Nominal uang di satu akun ada yang salah akrualnya.,1
Permasalahan Saldo Akumulasi Penyusutan Gedung dan Bangunan,1
Pengajuan USERNAME_MASKED KPPN KPH,1
Hibah TAYL sudah disahkan tahun sebelumnya akan tetapi disaat melakukan pengembalian SP4HL di menu akun penerimaan tidak terbaca akun pengesahaan sp2hl tahun sebelumnya...,1
Kendala perekaman RPD SAKTI,1
Tidak bisa masuk detai Jafung,1
EROR PPNPN WEB,1
Tentang ejafung apk APBN,1
Pesan error pada aplikasie-Jafung,1
Koreksi Pemakaian Persediaan Yang Telah Approve,1
Password DIGIT lupa,1
Reset Password e-Jafung,1
Koreksi SPM Tidak Tercatat pada hasil rekon bulan Oktober 2022 aplikasi Monsakti pada sisi SAKTI.,1
Eliminasi Jurnal atas BAST yang sudah didetailkan namun tidak jadi digunakan,1
Problem tidak bisa cetak label via SAKTI,1
Pembatalan Persetujuan KPPN untuk gaji PPNPN Bulan September 2022,1
cara mengubah data pendidikan untuk jabatan fungsional satuan kerja di aplikasi GPP terpusat,1
mohon bantuannya untuk Melacak Perintah bayar yang menggunakan Sumber dana RMP,1
Seleksi perpindahan dari jabatan lain ke dalam jabatan fungsional pranata keuangan APBN 2022,1
Terkait SK diperbantukan,1
123456,1
Pendaftaran Perpindahan dari jabatan lain ke dalam Jabatan fungsional PK APBN dan APK APBN,1
Komponen parkir pada struk taksi/taksi online,1
Perbedaan Data pada Sakti dan OM SPAN,1
Sulit sekali proses aplikasi a jafung,1
SERTIFIKAT PNT/SNT,1
Penambahan Peran USERNAME_MASKED KPA satuan kerja 524842,1
Cara Pendaftaran USERNAME_MASKED Level WILAYAH,1
pertanyaan terkait Perpindahan Jabatan Lain ke Jabatan Fungsional APK APBN,1
Akun DIGIT salah Password,1
Perpindahan Jabatan JF PK APBN ke JF APK APBN,1
Merubah K/L,1
perubahan referensi satker 309992 pada E-jafung,1
tutup dan buka periode di sakti,1
koreksi MPHLBJS,1
Tidak Bisa Login Ke Digit kemenkeu,1
Sertifikat PPL untuk perpanjangan sertifikat BNT,1
tidak bisa import GPP gaji PPNPN,1
Pembatalan Persetujuan Transaksi Persediaan,1
Aktivasi akun Digit,1
Perubahan Status Kawin pada DPP PPNPN,1
Kendala Pada Pencatatan Pemindahan Kas Tunai pada Akun Operator Satker 431742,1
Reset Password DiGIT NIP NIP_MASKED,1
status di admin e-jafung,1
Balas: Chat Transcript,1
Permohonan Reset Password Aplikasi Digit,1
Permohonan Reset Password Aplikasi Digit Kemenkeu,1
TUP AKHIR TAHUN,1
Tidak Dapat Melakukan Perekaman USERNAME_MASKED Ejafung,1
E-JAFUNG,1
Potongan pajak pada daftar pembayaran penghasilan (DPP) PPNPN sampai Rp2.000.000,1
Pemulihan Pagu karena salah input transaksi,1
Gagal login ke digit,1
Pertanyaan terkait kesalahan input di modul komitmen,1
Salah Kode Satker Pengangkatan E-Jafung,1
Tidak Bisa Melakukan Setting Likuidasi Satker di Modul Admin,1
Permohonan Bantuan Melacak Setoran PFK,1
Pengurangan porsi UP,1
Reset Password Ejafung,1
tidak munculnya saldo awal pada saat perekaman sp3b blu,1
Bendahara tidak bisa kirim UP ke BPP,1
Pemberian uang harian h-1 pertemuan dalam kota,1
Saya mau mendaftar,1
nomor tiket 20221117-HXQB4R,1
Mohon solusi terkait BAST yang tidak bisa dihapus,1
Permohonan Normalisasi Laporan FA,1
Mohon penghapusan data peserta di Aplikasi Simaspaten,1
Update Data Pendidikan Lesliana Vinita,1
belum bisa akses ejafung,1
Permohonan Buka Periode Aset Tetap,1
eJafung,1
Izin akses intra aplikasi web Gaji Terpusat,1
"Sudah Pengesahan Hibah Langsung berupa Uang, tapi di Laporan Ketersediaan Dana/Laporan FA Detail kok seakan2 belum realisasi nggih",1
Pengaduan Atas Penyalahgunaan Tidak Bertanggung Jawab,1
perubahan data,1
Peningkatan potongan PPh PPNPN bulan Desember 2022,1
Keterlambatan SP2D,1
Anggaran terpotong double,1
Aplikasi Digipay008 erorr,1
MP PNBP di MONSAKTI,1
GPP/Integrasi Gaji Kemenag/Data Pegawai ada yg tidak Didefault Pada Data Perubahan di GPP,1
PERMOHONAN PEMBUKAAN PERIODE TUTUP PERMANEN BULAN JUNI,1
Juknis tata cara Registrasi dan Login terkait USERNAME_MASKED Gaji Berbasis Web,1
Permasalahan Kesalahan kode akun pencatatan Pungutan Pajak (PPh),1
Login Span,1
Ketentuan Jam Layanan DJPb,1
Apakah diperbolehkan SKPP yang diterbitkan oleh Satker ditandatangani secara elektronik oleh KPA?,1
Gagal Catat/Upload SP2D Hibah Uang,1
MOHON BANTUAN PENIHILAN SIKP,1
reset Digit,1
Permohonan perubahan USERNAME_MASKED KPPN selaku BUN,1
PERGANTIAN ADMIN GPP KPPN LANGSA,1
permohonan admin aplikasi gaji kita modul GPP,1
addendum,1
Pendaftaran USERNAME_MASKED dan Approver Komitmen UO,1
akun MPN Terkunci,1
PPK tidak bisa validasi SPBy,1
Invoice tidak muncul pada Laporan Daftar WA Belum Mendapatkan NOD,1
Sinkronisasi SAKTI-SIMAN,1
Piagam Penghargaan WTP,1
pendaftaran admin KPPN aplikasi gaji web,1
Permohonan Pembatalan Penyamaan Penonaktifan Satker Setjen Kemenag,1
Tidak Bisa Tutup Buku Januari 2022,1
Pengajuan perubahan USERNAME_MASKED Kuasa Pengguna Anggaran (KPA),1
Aktivasi Admin GajiKita BUN KPPN untuk Modul Gaji,1
Permintaan Aktivasi USERNAME_MASKED Satker pada Gaji Web Development,1
Kode akses (Login dan Password),1
kelebihan realisasi GUP isi,1
Tanggal Renkas Otomatis Tidak Sesuai,1
histori billing di mpn.kemenkeu.go.id hilang,1
Data Omspan tidak muncul,1
SPAN 30/11/2022,1
Pencatatan ganda belanja modal,1
Selisih pada Monitoring Reklas Masuk/Reklas Keluar,1
Pengisian Pembuatan Billing di TBS Kosong,1
Pengumuman Pemanggilan Peserta Uji Kompetensi JF APK APBN?,1
Rekaman Zoom Proses Digitas Signature SPM pada aplikasi SAKTI,1
Cetak Laporan Barang,1
Pembayaran perjalanan dinas,1
Selisih persediaan,1
Penolakan MPHL-BJS pada SAKTI VERA,1
Dispensasi SPD Tidak Muncul DI OPR KPPN,1
Permintaan cetak KARPEG,1
Kesalahan perekaman BAST pada modul komitmen yang sudah dilakukan pendetilan aset,1
Permintaan Data Karwas UP dan TUP serta Data Realisasi UP Perbulan TA 2022,1
Data OMSPAN tidak muncul,1
Perbedaan NIK USERNAME_MASKED NIK data pejabat,1
Cara Koreksi SPM Kontraktual Belanja Modal,1
Pembuatan Setoran Sisa Hibah Langsung,1
"TUKIN, UM, DAN UL DESEMBER 2022",1
BAST Hibah,1
sertifikat BNT,1
TUP RM dan TUP PHLN,1
Tidak bisa simpan Koreksi 515,1
Konfirmasi batas usia seleksi Jabfubg APK APBN/Ahli Muda,1
Permohonan normalisasi realisasi double,1
Eksisting jabatan fungsional perbendaharaan haruskah minimal kerja 2 tahun di perbendaharaan?,1
Permasalahan data user,1
Caput Oktober Bermasalah,1
default anak satker tidak ditemukan,1
MonSAKTI,1
Lpj dan hibah,1
TUP yang telah di SPMkan masih muncul di LPJ,1
Koreksi Pencatatan Transaksi,1
History Gaji Pegawai Aplikasi GPP Terpusat,1
Tindak lanjut to do list,1
Pertanyaan terkait usulan TUP,1
Permohonan Void BAST,1
salah pembebanan,1
Komponen 2409.CBC.001.314 Pembebasan Lahan/Tanah tidak ada pada Modul Komitmen di SAKTI tetapi di RKA KL ada,1
Kendala pengajuan gaji desember,1
Perbedaan Realisasi OMSPAN dan SAKTI,1
Penghapusan USERNAME_MASKED Aktif Pada To Do List SAKTI,1
Pembukaan Rekening,1
Permohonan Penyamakan Data terkait Penonaktifan Pegawai Satker Non Sekretariat Jenderal Satuan Kerja Kantor Wilayah Kementerian Agama Provinsi Dan Satker Non Sekretariat Jenderal Satuan Kerja Kantor Kementerian Agama Kabupaten/Kota,1
Data pengeluaran pada Monitoring MP PNBP di Monsakti berbeda dengan realisasi pada Sakti,1
terkait temuan audit,1
Permintaan Penyamaan Data ADK (.pgw) pada Satker Kemenag Kab. Bangli (419943 04),1
SPP tidak bisa divalidasi,1
Pencatatan SP2D Otomatis Tercatat Double,1
TINDAK LANJUT TO DO LIST MODUL ASET SAKTI,1
jabfung,1
Paygroup pengesahan hibah kode register 2MP7ZM8A belum muncul,1
RESET USERNAME_MASKED PPNPN WEB,1
Permohonan Penyamaan Data Terkait Penonaktifan Pegawai Satker Non Sekretariat Jenderal Satuan Kerja Kantor Wilayah Kementerian Agama Provinsi dan Satker Non Sekretariat Jenderal Satuan Kerja Kantor Kementerian Agama Kabupaten/Kota,1
Kesalahan Pengisian nominal detail COA,1
KONFIRMASI PENYAMAAN DATA GAJI KEMENAG,1
Permintaan Penyamaan Data Gaji Satker 574938,1
Gagal Login dan Reset Digit,1
Konversi angka kredit,1
Pajak Penghasilan PPNPN Januari 2023 Tidak Muncul pada PPNPN,1
Rekalsifikasi keluar Persediaan tidak bisa dilakukan karena direkam di anak satker (Sub Satker),1
Prosedur Pembayaran Gaji dan Tunjangan mekanisme Penugasan PNS,1
pencatatan barang/jasa UP tunai/bank,1
Saldo Akun Tidak Normal Satker Pengadilan Negeri Banjarnegara 098040 (Lanjutan),1
Terdapat Kesalahan input Sumber Pembayaran dari rekening,1
Permintaan Pembatalan pada modul aset tetap yang validasi sudah di setujui pada Aplikasi Sakti,1
Penonaktifan massal pegawai kode satker 297498 dengan nama file : 29749800.PGW pada satker wilayahkerja KPPNKediri,1
Nilai Realisasi pada OMSPAN belum terupdate,1
Pendaftaran Perpanjangan Sertifikat BNT,1
Adanya nilai yang berbeda antara Realisasi Acrual dan Realisasi Sp2d bulan maret,1
Bagaimana Cara Membatalkan Koreksi Pencatatan,1
Permohonan Penyamaan Data terkait penonaktifan pegawai Satker Non Sekretariat Jenderal Satuan Kerja Kantor Wilayah Kementerian Agama Provinsi dan Satker Non Sekretariat Jenderal Satuan Kerja Kantor Kementerian Agama Kota Jakarta Selatan (416330),1
Template Paygroup PPR,1
PAGU FA DETAIL BASIS AKRUAL TERBEBANI 2 KALI,1
Permohonan Penyamaan Data terkait penonaktifan pegawai Satker Non Sekretariat Jenderal Satuan Kerja Kantor Wilayah Kementerian Agama Provinsi Dan Satker Non Sekretariat Jenderal Satuan Kerja Kantor Kementerian Agama Kabupaten/Kota,1
permohonan persetujuan penyamaan data ADK .pgw satker kementerian agama di USERNAME_MASKED GPP terpusat KPPN Rengat (092),1
Menjadi PPK Satker,1
update data realisasi,1
UM dari BP tdk muncul,1
mohon reset pasword email sakti,1
PERMINTAAN NORMALISASI PAGU ANGGARAN,1
Permohonan Broadcast kepada KPPN dan Kanwil DJPb di seluruh Indonesia : Perubahan Mekanisme Penolakan SPM pada SAKTI BUN,1
Penolakan SPM pada SAKTI tapi satker Gagal Batal SPM,1
Persetujuan Penyamaan Data Gaji Satker Non-Sekjen Kantor Kementerian Agama Minahasa Selatan,1
Saldo Akhir Pengesahan Kembali Eror,1
Pengajuan SPM LS Kontraktual dengan Jaminan Bank,1
Nomor Register Hibah Tidak Muncul di Modul Komitmen SAKTI,1
Permohonan Normalisasi Data FA Detail SAKTI,1
Normalisasi Data,1
Laporan Transaksi Gantung BAST,1
MODUL PPNPN,1
Bast 00001,1
Tindak lanjut atas Nilai Pencairan WA Direct Payment oleh Lender (ADB) tidak sama dengan Nilai SPM / SPDPL,1
SETIFIKASI BENDAHARA,1
Reklas keluar,1
Terjadi kesalahan penginputan dalam aplikasi sakti modul persediaan,1
Kesalahan Perekaman SK penghapusan Tahun 2019,1
Terdapat hutang kepada pihak ketiga sebesar minus 8M dan Kas Lainnya di K/L dari Hibah yang Belum Disahkan,1
Pada Satker 447987 ditemukan bast aset intrakom membentuk jurnal beban aset ekstrakom,1
Kesulitan mengakses e-BG,1
Adanya SPM yang belum terdeteksi dalam Laporan FA Detail,1
Perubahan Nomor HP USERNAME_MASKED apru_579361_NIP_MASKED,1
Penyamaan data gaji satker Brigif 8/Garuda Cakti,1
supplier tipe 1 hanya dapat di gunakan untuk pmbayaran sumber dana F,1
Satu SPDPL dengan 2 SP4HLN yang Berbeda,1
Tidak bisa hapus BAST UP yang tidak jadi terpakai,1
Lampiran tiket laporan ketidaksesuaian akun vs kode barang,1
Permohonan Penyamaan Data terkait penonaktifan pegawai Satker Non Sekretariat Jenderal Satuan Kerja Kantor Wilayah Kementerian Agama Provinsi Dan Satker Non Sekretariat Jenderal Satuan Kerja Kantor,1
Perubahan USERNAME_MASKED pada OMSPAN,1
Permintaan Invoid BAST,1
55.500.000,1
Koreksi Penerimaan Negara,1
Input data Jaminan Akhir Tahun/Bank Garansi SAKTI,1
Honor Plt KPA dan Penanggungjawab UAKPA,1
Pendidikan Pranata keuangan APBN Terampil dengan Ijazah SMA,1
Monitoring SPM BG/SPTJM Akhir Tahun SAKTI BUN,1
Cetak dan TTD SPM di hari libur,1
SAKTI Aset tetap,1
MENGHAPUS SETORAN PENGEMBALIAN BELANJA,1
Tidak bisa daftar email sakti,1
Update data sakti setelah jurnal manual GLP,1
Buka Periode November,1
Pembayaran Tagihan PLN,1
penyelesaian minus proyeksi kode satker 344236,1
Penolakan saat upload ADK BCAA Kontrak di SPAN,1
Kuasa untuk Gaji Terusan,1
Permohonan Buka Tutup Buku,1
SELISIH SALDO HIBAH SAAT SP2HL,1
Pemotongan pajak pihak ke 3,1
Pembatalan approve aset,1
Permintaan Data Transaksi KPK,1
hasil uji kompetensi dalam rangka perpindahan jababatan lain ke jabatan APK APBN,1
Selisih Transfer Keluar dan Transfer Masuk pada Monsakti,1
Selisih Rekon Internal Satker TAYL,1
KDP pada modul ASET Tetap (Koreksi),1
permasalahan karwas UP OMSPAN dan SPM GUP nihil PNBP SAKTI,1
Gagal melakukan OTP SP4HL,1
Koreksi Penghapusan BAST,1
Ketidaksesuain Akun Vs Kode Barang dan Salah Kode Barang Meubeleir,1
Penyesuaian Ketersediaan Dana SAKTI,1
ADK Gaji Induk Januari 2023 satker Kemenag,1
GARANSI BANK TIDAK MUNCUL,1
Batal Dokumen Pendukung Gagal,1
permohonan informasi tata cara batal setuju atas bast aset yang tidak jadi digunakan,1
Error Login USERNAME_MASKED G3,1
Tidak Bisa Validasi SPM Dispensasi,1
Terdapat Satuan kerja lingkup KKP 2023 yang tidak ada download data mentah penganggarannya di MonSakti,1
Tidak dapat menghapus BAST non Kontraktual yang telah di catatkan,1
Normalisasi FA atas spby yang telah dihapus,1
permohonan tiket untuk USERNAME_MASKED g3,1
Save The Date Pernyataan Pers Tahunan Menteri Luar Negeri RI (PPTM) 2023,1
Kenaikan Pangkat/Golongan berdasarkan AK,1
USERNAME_MASKED tidak bisa di gunakan pada PC tertentu,1
Permintaan Void BAST yang salah catat,1
Nilai IKPA pada Komponen DIspensasi SPM,1
ketidaksesuaian pagu sakti dan omspan,1
NIK PADA PROFIL DIGIT TIDAK DAPAT DIISI,1
Yth Admin Hai DJPb,1
PERMOHONAN AKUN MONSAKTI UNTUK APIP,1
Tidak Bisa Buka Periode GLP Oktober 2022,1
Pembuatan DUPAK SMT 2 Tahun 2022,1
reset password akun validator perwakilan imigrasi beijing,1
Register Tidak Muncul Saat Rekam SPP 514 SP4HL TAB,1
tidak ada angka kredit konversi,1
Lupa Password dan email MPN G3,1
Update revisi DIPA menyebabkan perbedaan realisasi antara OMSPAN dan FA detail di sakti,1
Cara Penyesuaian SP3B BLU karena dobel pengesahan,1
SPM PPNPN Induk Desember 2022,1
Mekanisme pergantian Admin KPPN selaku BUN dalam rangka DUPAK Semester II PK APK APBN,1
Perbaikan Nama Calon Bendahara,1
Kendala penghapusan transaksi uang muka TUP di modul bendahara,1
Hasil Cetakan Spby,1
Saldo kas tunai selisih 640799,1
tentang MPN G3,1
Void MPHL-BJS,1
Data SPP tidak terhapus,1
URL_MASKED tidak dapat diakses,1
PAK konversi tidak muncul di e-jafung,1
Sisa MP tidak cukup dan GUP Nihil PNBP,1
Kendala Migrasi Pengguna Simponi ke MPN Kemenkeu,1
Permohonan perhitungan PPh 21 bulan desember komisaris BAZNAS,1
Jurnal Akrual,1
Blm ada balasan aktivasi,1
Pagu minus,1
tidak bisa merubah my profil mpn,1
MPN Gen 3,1
Pembatalan transaksi SAKTI yang sudah approve,1
pengembalian sisa dana UP dari BPP tidak bisa dicatatkan oleh BP,1
Pertanyaan Perihal Ketidaksesuaian Akun Vs Kode Barang Aset Tetap/ATB,1
Regisrasi MPN G3,1
Bukti Potong Pajak PPNPN Melalui Aplikasi Gaji Kita,1
Ketidaksesuaian Akun Vs Kode Barang Aset Tetap/ATB,1
Permohonan edit rekam profil eselon 1 dan Profil Satuan Kerja pengguna Mpn G3,1
Indikator Pelaksanaan Anggaran,1
Angka Kredit di E jafung tdk sama dengan buku saku perbendaharaan,1
Update USERNAME_MASKED MP PNBP (eSPM),1
79308263,1
terkait permasalahan pengajuan Dupak APK APBN Ahli Muda,1
Aset Belum Validasi Approve,1
Tidak menerima OTP WA/email,1
tidak dapat Login e spm,1
tidak bisa kirim adk,1
KDP-ATR-Mengeluarkan Peralatan dan Mesin,1
modul aset tetap dan modul persediaan,1
Undeliverable: Berita baru,1
Ada PAK Konversi tapi tidak sesuai,1
Gagal mengajukan pengajuan gaji susulan Januari 2023,1
Mengisi Capaian Output/ minta normalisasi,1
Permohonan terkait Perubahan Kode Satker pada Aplikasi E-Jafung,1
TERJADI DUPLIKASI PADA TRANSFER MASUK INTERNAL,1
HAPUS PENGAJUAN MPHL-BJS NOMOR 01347 DAN 01350,1
Perekaman ADK Gaji susulan tidak berhasil pada USERNAME_MASKED satker 418900,1
Permintaan aktivasi MPN G3,1
Jenis Dokumen atau Jenis Tagihan SPM yang digunakan untuk pembayaran Gaji Susulan Pejabat Negara,1
Nilai Konversi Angka Kredit,1
Pertanayaan/Permasalahan Terkait Register Hibah,1
"DRPP statusnya belum buat SPP, Padahal sudah jadi SP2D",1
mohon reset passord digit USERNAME_MASKED,1
nilai hasil ukom apk apbn,1
Permohonan bantuan reset pengguna aplikasi Digital Treasury,1
Update NIK pada Aplikasi Digit Gagal,1
mohon bantuanya merubah email di akun digit milik a.n Irene nrp 74080149,1
tentang E-Jafung,1
Surat Penunjukan Role Pada Aplikasi Gaji,1
Reset Password Digit satker 677560,1
Salah entry,1
Usser digit,1
Permohonan penghilangan satker inaktif dari Monitoring Tutup Buku,1
mohon reset email karena lupa pasword dan emailnya digit,1
Pemutakhiran NIK,1
Revisi Pagu minus tidak masuk ke monitoring di modul Capaian Output,1
reset akun digit,1
Ketidaksesuaian Kode Akun dengan Kode Barang,1
Permohonan Aktivasi akun digit,1
Tutup persediaan,1
Selisih Rekonsiliasi SPAN - SAKTI Disebabkan Koreksi SP3B BLU,1
Penghapusan data gaji pegawai,1
Kendala perekaman SP2HL,1
IJIN BUKA MODUL PERIODE JANUARI 2022,1
Belanja Pembayaran Iklan di Koran - Menggunakan MAK Belanja Persediaan dan Menghasilkan Persediaan,1
Perbedaan Nilai Sakti PNBP pada Monsakti dan Sakti Modul Bendahara,1
Perbedaan nilai SURPLUS/DEFISIT-LO di LPE dan LO Laporan Keuangan periode 31 Des 2022,1
Pemohonan Reset Password DIGIT,1
Permohonan Penambahan Referensi Kode Satuan Kerja Pada Aplikasi SPRINT,1
Cara Menghapus Piutang Macet TA 2021 yang Lunas dengan Crash Program di TA 2022 pada Aplikasi SAKTI,1
Nilai Capaian Output pada IKPA Satuan Kerja tidak Update,1
Solusi permasalahan terkait USERNAME_MASKED tidak terdaftar di SIMASPATEN,1
Buka Periode aset tetap,1
untuk menghapus akun digit,1
Nilai Konversi AK,1
Pembuatan SPM GUP Nihil,1
Tidak Bisa Catat SP2D Otomatis SP3BLU,1
Permohonan Narasumber Seminar Nasional,1
Transaksi terjurnal 2x,1
cetak dupak,1
Riset Password,1
Perhitungan PAK Konversi dan Kenaikan Pangkat dalam Fungsional,1
Pemulihan FA 288499 / Penghapusan Bast Barang UP Persediaan,1
DUPAK semester 2 Tahun 2022,1
Setoran Pajak,1
Permintaan perubahan USERNAME_MASKED Approver Kanwil BUN,1
Kesalahan Pencatatan Tanggal Perolehan,1
Permohonon USERNAME_MASKED baru dan perubahan kewenangan USERNAME_MASKED lama,1
ERROR - A/N Erny Richaeni,1
Realisasi Gaji Terbaca 2 kali (Laporan FA Detail),1
Pencatatan KIB tidak berjalan,1
TIDAK BISA CETAK DUPAK,1
Reset kode aktivasi digit,1
cara input jurnal balik atas pendapatan dimuka dibulan desember 2021,1
KDP tidak muncul,1
tutup priode bulan 12,1
Permohonan Penghapusan data SPBy tidak ditagihkan,1
permohonan reset akun digit dan ganti email,1
Buka Periode 12 Aset tetap,1
ADK KRM SATKER TERSANGKUT,1
Permohonan Riset Password DIGIT Kemenkeu,1
Permohonan Pembuatan USERNAME_MASKED OM SPAN 526716 & 526717,1
SALDO KAS DAN BANK BLU SEGMEN BANK CASH AND ACCRUAL SPAN NERACA DETAIL SEGMEN TAMBAHAN BERSALDO NEGATIF,1
Perbedaan Data Revisi DIPA pada SAKTI dan OMSPAN,1
Penghapusan No Dokumen 00093 GUP KKP Barang di Modul Komitmen dan Modul Persediaan,1
masih ada sisa saldo pungutan pajak di kas bendahara pengeluaran di sakti,1
Mohon bantuan perubahan BAST Satker Kejari Metro 07322 atas MPHLBJS Renov Gedung Bangunan,1
Pendaftaran USERNAME_MASKED POLRI,1
SPM Koreksi Kemenag Kab Pekalongan 417068,1
Menindaklanjuti tiket 20230104-MBA00,1
Tidak dapat melakukan koreksi akun pengembalian belanja,1
Tidak ada menu Mapping untuk KASI KPPN BUN,1
Cetakan SPBY menjadi null,1
Penyelesaian akun ekstrakomtebel,1
Mohon pengaktifan digit.kemenkeu,1
akun digit tidak bisa di akses,1
PENDAFTARAN E LERNING SERTFKASIA,1
riset pasword simaspaten,1
Permohonan Pembukaan Rekening Dana Pemilu (RDP),1
GPP - Permohonan Penyamaan Data Satker Baru,1
permohonan cetak ulang sertifikat BNT,1
Permohonan Penyamaan Data Pegawai Satker Baru,1
akun NULL,1
Ketidaksesuaian data pagu dan realisasi antara OM SPAN dan Laporan FA Detail SAKTI,1
SELISIH REKON INTERNAL,1
Kesalahan penerimaan Transfer masuk ATR,1
Kontrak sedang diubah oleh opr lain,1
Saldo Tidak Normal pada satker inaktif,1
Rest Password Akun Simaspaten,1
RK Persediaan Belum RM,1
Uang Makan,1
Koreksi atas koreksi karena salah penanggalan,1
"Status SP2D ""Same TrackID And Payment Mode!""",1
Revisi SP3BLU,1
Permohonan Hapus ADK GPP Kekurangan Gaji a.n. Faryulia Puspita,1
Saldo Tidak Normal Akun Dana Pihak Ketiga (212192),1
nama pegawai mutasi tidak muncul di laporan absensi SILAP,1
tidak dapat upload sp2d spm hibah uang (512),1
Koreksi Jurnal,1
BMN terhapus ketika melakukan koreksi,1
Pembatalan aproval persediaan bulan November dan desember 2022,1
penerbitan SP4HL,1
kendala cetak laporan,1
perbadaan neraca kas dan akrual,1
Setoran Pendapatan PNBP Tahun 2022,1
Utang yang belum diterima tagihannya,1
indikasi SPM batal yang mengurangi Pagu,1
"tidak dapat melakukan perekaman bast, muncul pesan ""form DescSubOut kosong""",1
Permohonan Pendaftaran USERNAME_MASKED BUN KPPN Tanjungpinang,1
data akun 811147 (1% iuran Jaminan Kesehatan PPPK Pusat) tidak muncul dalam akun omspan khusus BPJS Kesehatan,1
Permohonan Cetak Ulang Sertifikat Bendahara Pengeluaran,1
Permohonan pembukaan tutup buku permanen di modul Aset Tetap bulan November dan Desember 2022,1
Koreksi Aset Tetap,1
PPK dengan ijasah SMA,1
Gagal Cetak LHR Tahunan DAK Fisik pada OMSPAN USERNAME_MASKED Pemerintah Kota Langsa,1
Saldo Utang Yang Belum Diterima Tagihannya (Urgent),1
Data tidak ditemukan,1
Bug dan Error Terkait Koreksi 515 dan 516 SP3B BLU,1
Pendataan Referensi aplikasi SAKTI,1
Buka Periode Aset tetap bulan Des 2022,1
Tidak Dapat Mencatat SP2D SPM Nomor 00119A dan 00120A sehingga menyebabkan saldo tidak normal,1
Batal Stock Opname Persediaan,1
Perbedaan Data Realisasi pada OM-SPAN dan FA Detail Sakti,1
Tata Cara Pembayaran APBN Pada Kepolisian,1
LInk Aktivasi USERNAME_MASKED kadaluarsa,1
Penghapusan BAST yang tidak dilanjutkan,1
Buka Periode Aset di Bulan Desember 2022 Modul GLP,1
Permohonan Buka Periode GLP,1
Tata Cara Pencairan,1
SALDO TIDAK BALANCE DI NERACA PERCOBAAN (BASIS AKRUAL),1
USERNAME_MASKED Terdaftar padahal sudah melakukan pendaftaran dan sudah aktivasi,1
Tidak Bisa Batal Validasi,1
permohonan Reset Password USERNAME_MASKED,1
kesalahan input aset di modul komitmen,1
Pada catatan buku besar terdapat belanja barang ymh dibayar,1
Mohon bantu buka menu GLP bulan Desember 2022,1
transaksi persediaan tidak bisa di approve oleh approver,1
Jurnal Penyetoran PNBP tidak terbentuk,1
Sudah tutup buku tetapi masih ada transaksi yang terlewat,1
Utang Yang Yang Belum Diterima Tagihannya Debet,1
Terdapat Ketidaksesuaian : Kode Akun 521211 yang dibuat BASTnya oleh satuan kerja,1
PEMBATALAN PERSETUJUAN DPP WEB GAJI PPNPN,1
pencatatan LC,1
Buka Periode 13,1
permohonan pembukaan kembali modul glp yang sudah ditutup permanen,1
PERUBAHAN NIP USERNAME_MASKED,1
berkurangnya nilai detail coa pada akun sakti,1
USERNAME_MASKED Wilayah Kalbar : oprw_631091_NIP_MASKED & oprw_631091_NIP_MASKED,1
Permohonan Aktivasi USERNAME_MASKED GajiPPNPN,1
Tutup Buku Persediaan pada SAKTI KPU Kab. Sukabumi,1
print spby bermasalah,1
Cetak KIB aset,1
reset pasword Simaspaten,1
"Permohonan Aktivasi USERNAME_MASKED GajiPPNPN pada nomor 20230125-B1HNJK,",1
Buka Periode Pencatatan Modul Piutang,1
Jabatan Fungsional - Angka Kredit Pemeliharaan,1
Pembuatan Kontrak Belum Selesai Tapi Sudah Approve SPAN,1
Penyampaian sertifikas bendahara,1
Revisi menambah akun baru,1
Permohonan Default anak satker aplikasi web gajikita modul PPNPN,1
Sisa Pagu Habis Tanpa Ada Transaksi,1
notif di sakti,1
Admin KPPN untuk ESPM,1
Laporan FA Detail,1
Permasalahan pada saat cetak SPT tahunan di aplikasi GPP,1
Gaji PPPK,1
download update referensi gpp 31.0,1
Pendaftaran e-learning bendahara,1
Saldo Utang Yang Belum Diterima Tagihannya di SaAKTI,1
mohon buka periode bulan 9,1
Permohonan Reset Password USERNAME_MASKED,1
Tidak Bisa Mencatat SP2D LS Bendahara,1
penolakan usulan pelatihan bendahara pengeluaran,1
tidan bisa login di e-jafung,1
tidak bisa login dengan digit,1
Capain Output Bulan November 2022 terkunci,1
Terkait Pendaftaran Sertifkat BNT di Aplikasi SIMASPATEN,1
Pencatatan TUP dan UP,1
Reset Password Portal DAKDFDD,1
bermasalah di tutup buku,1
Pembuatan ADK PFK Billing Perbendaharaan - SIMGAJI Pemda,1
Honor PPK dan Honor Pengelola Keuangan,1
Satuan Kerja Bendahara Penerimaan masih kode Satuan Kerja lama,1
Pengiriman LPJ Januari 2023,1
Daftar Email SAKTI,1
Akun Pembuatan Peta,1
Aktivasi USERNAME_MASKED Berupa Penambahan Kewenangan Admin KPPN (CSO),1
pembatalan menu transaksi approve,1
skpp dari satuan kerja pemerintah daerah,1
Upload ADK LPJ pada SPRINT,1
Perbaikan akun DIGIT untuk pendaftaran sertifikasi bendahara,1
Penjelasan mengenai Pembebanan Akun Honor Kelompok Kerja Unit Pengadaan Barang/Jasa,1
Sosialisasi tentang Surat Direktur DSP Nomor S-39/PB.7/2023 tanggal 31 Januari 2023,1
Pemegang uang muka,1
Pemutakhiran USERNAME_MASKED,1
spp menggantung mengakibatkan minus,1
Korespondensi Permohonan Narasumber Kemenkeu,1
Kelebihan Bayar Pajak Belum Terkirim Ke Rekening Kami,1
Konsultasi terkait transaksi gantung pada sakti,1
Buka Periode yang sudah tertutup,1
Penambahan PPNPN tidak berhasil,1
Selisih Modul GLP dan Aset Karena KDP,1
KONVERSI ADK BCSR KE BCSI,1
Gagal import gaji pppk di sakti,1
Pemeriksaan SKPP Anggota TNI AL,1
Permohonan Reset USERNAME_MASKED Kemenkeu,1
SPM ditolak,1
Cara Mengidentifikasi Dana Operasi Satker Kepolisian Republik Indonesia,1
tidak bisa pilih rekening,1
Riset Pass Digit,1
Deviasi terkait RPD,1
mohon penyelesaian utang kepada pihak ketiga dalam neraca GLP,1
Kekurangan Gaji Ditolak oleh Aplikasi GPP Web,1
Perubahan Bank Tempat Pembukaan Rekening,1
Invoice pada SPAN hilang,1
Update USERNAME_MASKED KPPN Tolitoli,1
tidak bisa login simaspaten,1
proses pegawai baru di aplikasi GPP,1
Permohonan Aktivasi User,1
Ganti Kode Satker pada Sprint,1
Lapoan LPJ Bulan Januari Tahun Anggaran 2023,1
Aset Belum Validasi dan Approve,1
DIGIT - Ralat NRP/USERNAME_MASKED terdaftar pada DIGIT,1
tata cara penggantian dan penambahan pejabat pengguna aplikasi SAKTI,1
Pendaftaran USERNAME_MASKED SAKTI_Anggaran dan Pelaporan - Inspektorat Jenderal Kementerian Perhubungan,1
Cetakan SP2BLU tidak sama dengan Buku Bank SPAN,1
Cara Perekaman Dana Titipan Barang Bukti Tindak Pidana Korupsi,1
SK Pengelola Keuangan dibuat tanggal 16 Januari 2023 TMT 10 Januari 2023,1
Pembayaran M PASPOR,1
Pendaftaran Simaspaten,1
penandatanganan,1
peraturan perjadin untuk tenaga pendukung/pegawai tidak,1
Perbaikan NIP P3K menggantung,1
USERNAME_MASKED Modul Komitmen KL,1
Rekonsiliasi sakti span,1
TIDAK BISA MENGAJUKAN GUP,1
Perbedaan Antara Data SIMAN dan SAKTI,1
uang muka di sakti,1
dana SBSN,1
Data Laporan Keuangan UAPPA-W,1
Tidak dapat menginput transaksi reklasifikasi piutang pada periode bulan Desember 2022,1
Pembuatan uang makan pada aplikasi gaji web,1
Surat Permohonan perpanjangan pemberian kesempatan,1
reset akun DIGIT,1
terjadi error pada saat batal spm di menu ppspm satker 685880,1
Menu di Simaspaten kosong,1
Tidak keluar angka untuk lembur ppnpn di web ppnpn,1
Mohon reset ulang calon peserta pelatihan bendahara,1
Eror pada website gaji.kemenkeu.go.id,1
Penggunaan Akun untuk Tiket Perjalanan Udara dan Darat Calon Siswa Polda Kaltara,1
"Ketidaksesuaian antara Nilai RKA, FA Detail, CoA dan OMSPAN",1
penyesuaian tutup buku pada modul glp dan pelaporan,1
Permohonan Percepatan Penerbitan USERNAME_MASKED Wilayah (Aset dan GLP/Pelaporan),1
Memproses Koreksi Penerimaan Negara (Setoran) Double di SPAN,1
Kode K/L unit organisasi,1
eror pada saat cetak buku besar,1
Data OM SPAN,1
Terminate Kontrak Sekaligus SAKTI,1
WhatsApp SAPA Anggaran - Kebijakan Penganggaran Family Gathering,1
Lupa pasword untuk akses aplikasi Digit,1
Lupa Password SAKTI USERNAME_MASKED Eselon I,1
Salah Akun,1
Perubahan NRP telah selesai di proses tapi NRP di Aplikasi Gaji KPPN tidak berubah,1
Set Hari Libur pada aplikasi PPNPN Tidak Berfungsi,1
"Pergantian Nomenklatur Satker pada SPAN, SAKTI dan sistem lain di KPPN",1
Perekaman SPM GUP,1
Perubahan password Om SPAN,1
Pembuatan belanja BAST,1
Permohonan Penyelesaian Selisih Rekonsiliasi Internal modul Aset Tetap dan GLP Pelaporan pada aplikasi SAKTI,1
Pengeluaran Lain SPD,1
Permohonan Verifikasi Unit Penyelanggara Simpaspaten,1
Transaksi Berjalan Tahun 2022 (SAKTI Modul Pembayaran),1
Transfer masuk kdp,1
Permohonan Hapus Jurnal Manual dan Pembatalan Jurnal Balik Karena Kesalahan Pembuatan Jurnal,1
sp2d spm koreksi,1
Tidak muncul koda KPPN untuk bayar pengembalian belanja,1
Kriteria Satker yang Wajib Menyampaikan LPJ Bendahara Penerimaan,1
Tolakan SPM,1
Pengajuan usulan kembali di simaspaten,1
PERMOHONAN BUKA PERIODE PELAPORAN,1
mohon aktivasi dan reset password digit,1
tidak muncul nama Pejabat KPAnya,1
PERMOHONAN REKAM PROFIL ESELON I PADA MPN g3,1
login digit fitur tidak sempurna,1
Pendaftaran akun digital treasury,1
Permintaan Pemulihan FA,1
Permohonan Buka Periode Permanen bulan Agustus sampai Desember tahun 2022,1
Sertifikat BNT Bendahara,1
permohonan reset aktivasi digit USERNAME_MASKED dikarenakan kadaluarsa,1
pendaftaran USERNAME_MASKED level kuasa BUN untuk peran operator vera KPPN KLaten,1
SPP menggantung,1
Pendaftaran USERNAME_MASKED Satker 506364,1
Double Catat Piutang namun saat ingin di hapus tidak bisa karena sudah Di Sattlement dan berdampak kepada kedua Pencatatan,1
daftar barang henti guna tidak dapat ditampilkan pada monsakti,1
Bukti transfer berhasil ke imigrasi,1
Program penghijauan pantai,1
BAST salah tanggal buku,1
Pertanyaan mengenai penggunaan tanda tangan elektronik dan e-meterai,1
Standar Biaya Masukan Perjalanan Dinas,1
Void SP4HL belum terposting ke MonSAKTI,1
Perubahan PTKP Pada Formulir 1721 an. Endang Werdiningsih,1
Permohonan Pembukaan Periode Adj 1 2022,1
Permohonan Penonaktifan USERNAME_MASKED level Approver,1
penggabungan supplier tipe 6,1
Permohonan link aktivasi USERNAME_MASKED,1
Pertanyaan Terkait ADK BCAA,1
SPM Hilang,1
Tidak bisa melakukan pendaftaran Simaspaten,1
Permintaan Perubahan USERNAME_MASKED gajikita,1
Dana PEN BTN,1
Pendaftaran USERNAME_MASKED Satker Baru,1
Penghapusan data rekening di SPRINT,1
perubahan tanggal perolehan dan nilai aset perolehan,1
permohonan USERNAME_MASKED KPPN MALANG,1
RESET PASSWORD DIGIT KEMENKEU / GAJIKEMENKEU,1
Tidak bisa log in Simaspaten,1
AKUN TUNJANGAN PAJAK,1
Push Tiket,1
"UAPPA-W saya bertanya, mengapa sudah 2 hari mengirimkan permintaan USERNAME_MASKED wilayah ke HAI namun belum menerima respon/sms masuk. Terima kasih",1
Pencatatan Pengembalian Uang Muka UP,1
PPh Uang Lembur PPNPN,1
Status USERNAME_MASKED Tidak Terdaftar,1
Kendala Akses Monsakti,1
Pembayaran honor satuan OB,1
permohonan permintaan resed pasword digid,1
Tranfer masuk tanggal pembukuan menjadi tgl 1 januari 2023,1
ADK Addendum Kontrak Tidak Muncul,1
Permohonan Pembukaan Periode 12 Ta 2022,1
PAK JF APK APBN,1
Ubah Role Gaji Kemenkeu agar Bisa Download SPT Tahunan,1
pendaftaran USERNAME_MASKED Akun AprBa biro perencanaan,1
Pemutahiran kewenangan role pejabat,1
permasalahan tidak bisa tutup buku,1
Permohonan Reset Password Digit (Digipay002),1
Pinjaman UMi,1
Duplikasi Akun Digit,1
Format file import adk uang makan,1
Kenaikan Gaji Berkala yang akan datang untuk Pegawai PPPK PTNB,1
Tidak dapat melakukan pencatatan dana titipan,1
Penyamaan Data Gaji Antara Data GPP Destop Satker dengan Data GPP KPPN,1
Pembayaran Gaji PNS Delayering,1
menu monitoring DRPP pada aplikasi MONSAKTI,1
KEKURANGAN GAJI PANGKAT PENGABDIAN TAHUN 2023 UNTUK SATKER 419869 NO GAJI 000798,1
Permohonan Penyamaan Data satker Kemenag Labuhan Batu Utara (072508) PPPK,1
MENU TIDAK LENGKAP DI AKUN SAKTI OPERATOR ASET,1
Bagaimana cara input TKDN untuk Spby Non Bast,1
Catat SP2D,1
Permohonan Hapus Gaji,1
Waktu Pengiriman SPM,1
Menu rekam SPBY tidak ada,1
OTP PPK,1
tidak bisa rekam Pembayaran Dana Titipan,1
Perubahan Sumber Pembayaran atas Alokasi Uang Muka,1
Permohonan Reset Password DIGIT KPA Satker,1
Referensi detail rekening tidak terbaca untuk rekam UM dan alokasi BPP,1
Aplikasi PPNPN Modul Satker,1
KOREKSI KODE KPPN PADA NTPN PPNBM,1
Tidak bisa login gaji.kemenkeu.go.id,1
Potongan DPP PPNPN Aplikasi Gaji PPNPN Web,1
Gagal Upload Import Hari Uang Makan di Web Gaji - Sekjen Kemenag,1
Permohonan Penghapusan Data Penyamaan,1
Koreksi pencatatan KDP,1
kesalahan pembebanan akun,1
Perbedaan data USERNAME_MASKED,1
permintaan USERNAME_MASKED satker 427768,1
Error ketika pembuatan uang muka non tunai,1
Tidak dapat menampilkan daftar transaksi,1
Permintaan Join Domain,1
Transaksi tidak sesuai pada laporan barang,1
Kesalahan Pencatatan KDP,1
Pendaftaran USERNAME_MASKED Persediaan tingkat eselon 1,1
Permasalahan Download Bukti Potong SPT,1
Perpanjangan PTUP,1
Digit Data tidak ditemukan,1
Aplikasi Pandu SAKTI apakah masih bisa diakses?,1
Lupa Passowrd SAKTI,1
Uang Muka tidak bisa di buat,1
Permohonan Reset Passwor SAKTI,1
Juknis pengajuan SPM dengan Rekening Khusus (RK),1
Permohonan Sinkronisasi Data SIMAN dengan SAKTI,1
Pendaftaran Diklat Bendahara melalui SIMASPATEN,1
Klasifikasi Akun,1
Penghapusan BAST SAKTI,1
Permintaan Identifikasi SPAN 23 Februari 2023,1
terkait pengusulan PPK,1
monitoring adk selalu error gagal ambil service,1
Invitation Email,1
Permintaan Void SP2D Tanggal 22 Januari 2023 KPPN Tanjungpinang,1
SPAN 24/02/2023,1
Permohonan USERNAME_MASKED MA,1
Kelebihan Setor Sisa TUP,1
Tutup Buku GLP,1
"batal diproses tidak ada spm, tidak diproses otp tetapi pagu berkurang",1
Ajuan,1
Kenapa aplikasi smart psr ero,1
Satker tidak muncul pada USERNAME_MASKED pada aplikasi sakti aset tetap,1
Buka Periode Bulan 13,1
Permohonan Hapus Data upload SK NKP PDF dan Excell KPPN Makassar I Tahun 2022 pada Aplikasi PBNOPEN,1
Kapan Pendistribusian Sertifikat PPL,1
Kode Bank SPAN untuk BPD Jatim Syariah,1
LEMBUR PPNPN,1
WhatsApp SAPA Anggaran - Pengisian Capaian Output 2023,1
Permohonan permintaan SPT tahunan dari gaji.kemenkeu.go.id,1
17 hari kerja,1
Prosedur Business Continuity Planning (BCP) KPPN Wamena,1
RSKO Jakarta,1
Kesalahan Penutupan Buku,1
Permintaan reset pasword digit simaspaten,1
Lupas Password dan email akun DIGIT,1
Perjadin LN,1
Perbaikan Data USERNAME_MASKED Data Pejabat KPA Satker 299219,1
Permintaan Sertifikat PNT,1
Nilai IKPA 2022,1
Konfirmasi NIK yang Gagal 681494,1
Deviasi SPD pada MONSAKTI,1
Penambahan Fitur Download Laporan Keuangan di Monsakti dan SAKTI - 528718,1
Penilaian Nilai IKPA pada aplikasi OMSPAN-MonevPA,1
permasalahan NIK tidak sama di SAKTI,1
Juknis Penyampaian Caput 2023 di SAKTI,1
Kendala Pengiriman Capaian Output,1
tidak bisa validasi surat perintah bayar di akun validator,1
USERNAME_MASKED web gagal aktivasi,1
Pembatalan Approval Tutup Buku Persediaan,1
Realisasi Anggaran Terisi di Capaian Output padahal di FA Detil tidak ada Realisasi,1
lupa pasword mail sakti,1
Permohonan Perekaman USERNAME_MASKED KPPN selaku Kuasa BUN pada Aplikasi Digipay Satu - KPPN Tasikmalaya,1
Upload ADK Fail di CW SPAN,1
Lampiran SPMKP yang tidak muncul daftar potongan kompensasinya,1
SPM TIDAK MUNCUL UNTUK OTP PPSPM,1
SKPP GPP Kemenag Error,1
ADK supplier menggantung pada SAKTI,1
OTP terlambat,1
kendala registrasi DIGIT,1
Pendaftaran supplier pada SAKTI,1
Ketidaksamaan Pertanggungjawaban GUP dengan Uang Muka yang diberikan dari BP,1
aktivasi akun digit gaji ppnpn,1
reset USERNAME_MASKED di aplikasi simaspaten,1
Permohonan Role USERNAME_MASKED Web KPPN Luwuk,1
Permohonan Penambahan Role USERNAME_MASKED KPPN Selaku Satker,1
IKPA dalam satu wilayah,1
Letak tanda tngan pejabat Pemda tidak Proporsional (bertumpuk di Daftar Rincian Desa untuk Penyaluran Dana Desa,1
Penambahan Role sebagai PPABP pada aplikasi gaji.kemenkeu.go.id,1
Penambahan Role pada Aplikasi GAJI Satker,1
Penambahan Kewenaganan/ Role untuk Aplikasi Gaji,1
Perekaman BAST hibah TAYL,1
Permohonan Penambahan Role USERNAME_MASKED Web gaji.kemenkeu.go.id Satker Kanwil Ditjen Perbendaharaan Provinsi Sulawesi Tengah (613807),1
Membuka tutup buku 01-2023,1
Penambahan Role USERNAME_MASKED Kemenkeu KPPN Bangko Tahun 2023,1
Beberapa Rincian Output tidak muncul dan tidak dapat diisi pada saat Pengisian Capout,1
Jabatan Fungsional - Pertanyaan JF,1
detail coa pagu anggaran nol,1
Pembuatan SPM tunjangan kinerja,1
Koreksi atas PNBP TA 2022,1
transaksi tidak masuk,1
Gagal Kirim SKPP dari aplikasi GPP deskt,1
Daftar alun digit,1
Ekspor data aset ke exel,1
kendala join domain,1
link Aktifasi,1
TUP 427001 DEPUTI BIDANG KEBIJAKAN STRATEGIS KEMENPAREKRAF/BAPAREKRAF,1
Pindah Satker,1
Tidak Bisa menyimpan saat mengajukan MP PNBP Tahap 1 untuk Satker 066.01.689728 BNN Kab. Donggala,1
Informasi Penghapusan SIKP,1
Permohanan Reset USERNAME_MASKED serta perubahan jenis kelamin untuk USERNAME_MASKED 099037,1
Kendala Status Pada SIKP,1
data realisasi dalam ikpa (monev PA),1
Belanja Menggunakan Kartu Kredit Pemerintah,1
pengajuan dispensasi UP,1
Kendala dalam pembuatan akun admin bun digipaysatu,1
Pembebanan Biaya Bagasi,1
SKPP Pensiun Janda/Duda/Warakawuri terkait PMK 178/2022,1
apakah sakrtinya eror?,1
Diklat Sertifikasi Bendahara Penerimaan,1
PEMBAYARAN TUNGGAKAN,1
Permohonan penyesuaian Web Gaji pada satker 419190 anak satker 02,1
Telpon Terputus,1
Kendala OTP PPK error,1
Permohonan Konfirmasi Keberadaan Gangguan Proses Kirim 8 (Delapan) ADK SPM pada Satker KPPN Bogor Penyalur Dana Transfer Khusus (600015) ke Portal SAKTI via OTP Tanggal 16 November 2023 Pada USERNAME_MASKED apr_600015_NIP_MASKED,1
Referensi gaji pokok pada gaji PPPK tidak ada untuk tahun 2020,1
Konsultasi Aplikasi SPRINT,1
Muncul Remaks Periksa Referensi Rekening,1
Pendaftaran Perserta Uji Kompetensi Kenaikan Jenjang Jafung,1
Generate RKAKL di Aplikasi SiRup,1
Diklat Bendahara Pengeluaran,1
Tdk bisa naik pangkat,1
Permintaan Penghapusan Data Deviasi bulan Januari 2023,1
"akun yang digunakan pada potongan ""Lain - Lain"" - 009823",1
Permintaan Akses Treasury Big Data pada Pegawai Kanwil DJPb Provinsi Sulawesi Tenggara,1
Konfirmasi NIK dan Nama sesuai E-KTP,1
Uraian SPM RDP,1
Buka Periode Transaksi Aplikasi Persediaan Bulan Januari 2023,1
tidak bisa mendaftar kan peserta untuk perpanjangan sertifikat BNT,1
Selisih pada saldo UP karena KKP,1
Tidak Bisa Akses DIGIPAY SATU (URL_MASKED,1
Reset Password Akun Sprint,1
Gagal akses,1
penggunaan email kemenkeu untuk kantor / instansi / Satker,1
Penyaluaran RDP badan ad hoc KPU,1
Permintaan akses kemenu Open Data TBD,1
Pendaftaran Admin BUN Digipay Satu,1
Permohonan penggantian USERNAME_MASKED kemenkeu,1
Kehabisan tiket pesawat kelas ekonomi,1
Alinesi wants to meet you!,1
Permohonann Permintaan Sertifikat PPL,1
S-2897/PB.1/2018,1
"USERNAME_MASKED NONAKTIFKAN, KARENA LUPA PASSWORD",1
Pajak untuk umkm,1
Modal usaha,1
lupa password digit.kemenkeu.go.id,1
Data Penyerapan Belanja Pegawai pada OMSPAN tidak sesuai,1
Permohonan Hapus Role Validator Aset di SAKTI,1
Permohonan Ubah Status SPM di SAKTI BUN,1
Saldo Uang muka,1
Permintaan Akses Treasury Big Data pada Digital Treasury (DIGIT),1
Gagal Upload ADK GPP Uang Makan dan Lembur,1
Permohonan Pendaftaran USERNAME_MASKED /CSO KPPN Denpasar,1
Permohonan role gaji kemenkeu,1
Permohonan perubahan/penambahan USERNAME_MASKED,1
Gagal Pembayaran Digipay 008 via KKP,1
Pengajuan Proposal Kerja Sama,1
Perhitungan BBM Perjadin,1
Uang Saku Saat Pelatihan,1
USERNAME_MASKED SPAN DFDD TA 2023,1
DATA SETORAN SETELAH INTERFACE / KOREKSI,1
User/akun PPK Simaspaten belum aktif.,1
"Penjelasan terkait Jarak tempuh dalam perjalanan dinas (SATKER: KPU PROVINSI JATIM, KODE SATKER: 654425)",1
Fitur Proyeksi Target Caput 2023,1
Pembuatan SPP dan SPM pada hari libur,1
tidak bisa kirim kode otp sakti,1
Penyampaian PIC TIK KPPN Bitung Tahun 2023,1
Paket Meeting di Restoran,1
Pengecekan KPPN,1
tampilan UI rasanya kurang sesuai untuk website pemerintah..,1
Nilai Barang Rusak di SAKTI berbeda dengan Monsakti,1
Capaian Output KPU,1
Pembuatan Akun DIGIT untuk Pegawai yang sudah pensiun,1
Mekanisme Eliminasi Anak Satker pada UAKPB,1
saldo awal 2023,1
Data Laporan Saldo Tidak Ada,1
Item Tidak Muncul Saat Pendetailan COA Merekam SPBy,1
Sertifikasi,1
Data IKPA pada OMSPAN,1
Permintaan Penghapusan Deviasi KPPN Fakfak (067) Maret 2023,1
perbaikan data to do list pada sakti,1
Penonaktifan Supplier Tipe 6 Rekening Kas Desa,1
AKUN PADA MPNG3`,1
Pemberian Uang Saku Fullboard,1
pembatalan Approved pada menu status transaksi di akun apr_,1
2,1
Pertanyaan mengenai Ejafung,1
Pendaftaran DIgipay,1
Permohonan EFIN,1
Mohon reset,1
Bagaimana cara mengisi NIK di Digit,1
bukti potong 1721 a2 tahun 2022,1
Permohonan Pemindahan Pegawai a.n. Yustus Pakuwune,1
Perubahan Rekam Kota,1
Permasalahan notif rekon supplier pada saat pembuatan SPP,1
Renkas Satker pada Aplikasi MONSAKTI,1
Ask : Pendaftaran USERNAME_MASKED Sakti,1
pembuatan SKKP Pegawai Pensiun,1
Salah catat nama supplier di Kwitansi,1
Selisih perhitungan pada LRA pada Aplikasi Sakti,1
konservasi pohon langka & penyelamatan tradisi pembuatan kertas tradisional,1
pesan konfirmasi NIK,1
Terlanjur Tutup Buku Persediaan Januari 2023,1
Cetakan TMT Pensiun Polri dan Pangkat TNI pada SKPP Elektronik,1
Penambahan role USERNAME_MASKED gaji PPNPN Web,1
BPJS Kesehatan,1
Pembayaran Transaksi Kepada Pegawai,1
Tidak bisa aktivasi akun digit karena link aktivasi expired,1
SPBy untuk PPK yang sudah tidak aktif hilang dari menu monitoring perintah bayar,1
JF PK/APK APBN,1
Tambah Pegawai pada Aplikasi Gaji Web (gaji.kemenkeu.go.id),1
Lupa password akun Digit,1
Rekap PFK Per Lokasi Detail Tidak Bisa di Export ke Excel,1
Konversi PAK Integrasi Pada E-Jafung,1
adk pegawai uang makan tidak muncul saat dimonitoring padahal tulisannya berhasil,1
Pengajuan pinjaman dana dari Pemerintah,1
email tidak terdaftar di simaspaten,1
skpp kppn,1
FORMASI KEBUTUHAN APK-PN APBN,1
OTP SPM tanggal 24 maret 2023,1
Admin utk setujui permohonan USERNAME_MASKED satker,1
Konfigurasi sistem satker,1
Gagal Import ADK PPNPN/SPM Menggantung,1
Rangkap Jabatan Bendahara,1
Perubahan kembali USERNAME_MASKED Plt. Kepala KPPN Banda Aceh,1
Refund atas Pengembalian Tiket Perjadin,1
role admin error,1
Perhitungan lembur ppnpn tahun 2023,1
DAK Fisik,1
Permintaan penyamaan data PPPK di GPP,1
Pejabat penandatanganan Selalu Hilang setelah Diinput,1
rekam uang muka dari bendahara dan rekam PU bank tidak muncul nomor Nomor Rekening,1
pembuatan eskpp untuk pegawai kemenag non setjen yang meninggal sebelum migrasi.,1
Permohonan hapus USERNAME_MASKED (salah NIP),1
Lokasi Digipay Satu,1
Delete Akun Peserta/USERNAME_MASKED SIMASPATEN,1
bagaimana cara pengajuan Perpanjangan BNT melalui Simaspaten,1
Pembebanan Biaya Transportasi Perjalanan Dinas,1
MOHON PENGHAPUSAN NAMA AKUN PADA digit.kemenkeu,1
Tidak Bisa Cetak Lembur PPNPNP,1
Akun SBSN Tidak Muncul Saat Catat BAST,1
kendala membuat SPP terkait supplier dan COA tidak ditemukan,1
keluhan,1
TIDAK BISA MENCATAT PERINTAH BAYAR,1
Modul Pembayaran,1
Lembur PPNPN Pusdiklat Kementerian Luar Negeri,1
Penyetoran Retur ke kas negara,1
KENDALA PEREKAMAN DATA KONTRAK SUMBER DANA SBSN,1
Penurunan Realisasi,1
SPM Gaji PPNPN,1
Aktifasi Akun,1
Lupa USERNAME_MASKED paswor digit simaspaten,1
Akses Aplikasi Simaspaten,1
Peraturan terkait Perceraian,1
Suara tidak terdengar,1
tidak bisa merekam data menerima kas di bendahara pengeluarannya,1
Persyaratan Kenaikan Jenjang,1
Tolakan Supplier SPMKP,1
Disiplin Pendidikan Jabatan Perbendaharaan,1
KENDALA USERNAME_MASKED SIMASPATEN PERPANJANGAN BNT,1
Informasi USERNAME_MASKED,1
"Pada menu konfirmasi atas data nama dan NIK mandiri, data yang tercantum sudah benar dan valid 100%, tapi kecocokan pengguna di skala 96% dari yang seharusnya 100%",1
transaksi persediaan tahun 2023,1
Permintaan update referensi kegiatan/RO pada Aplikasi TBS,1
Permohonan cetak ulang sertifikat bendahara PPL,1
Hapus transaksi pada periode 14 Tahun Anggaran 2022,1
MOHON KONFIRMASI,1
MAU MELAKUKAN PENGESAHAN PENDAPATAN DAN BELANJA NAMUN DI SAKTI SALDO AKHIR MINUS,1
Reset password DIGIT DAN SIMASPATEN,1
Membuka Periode 2022-14 Asset dalam Sakti pada Pengadilan Negeri Tebo,1
Jurnal Pengurangan Bebab Pemeliharaan Gedung dan Bangunan,1
Input sisa DAK TAYL,1
Hasil Uji Kompetensi Jafung PKAPBN/APKAPBN Periode Desember 2022,1
Permohonan Menghapus Terpusat Periode 14,1
Billing M-Passport Expired,1
SPM Hibah bermasalah,1
Sertifikat Microlearning PPL Bendahara,1
Pembatalan pengajuan paspor karena salah klik Regular menjadi percepatan,1
tiket nomor 20230206-31EYP7,1
butuh pinjaman modal buat usaha,1
Pembayaran billing MPN,1
Undangan Pelatihan,1
Gagal rekon gaji pegawai pindahan,1
Masalah Update Aplikasi GPP,1
Tidak dapat login OMSPAN DPMD,1
Permohonan Informasi Akun Digit Vendor Digipay,1
Perhitungan IKPA untuk TUP KPU,1
Pinjaman ultra mikro,1
Pendaftaran peserta e-learning Bendahara,1
Log ini di digit,1
upload ADK gaji terpusat,1
Perubahan Sub Komponen,1
Migrasi USERNAME_MASKED dari Digipay Eksisting ke Digipay Satu,1
konfirmasi setoran pajak,1
Aplikasi GPP THR 2023,1
tidak bisa upload Lapkeu 2022,1
Selisih Rekonsiliasi internal dengan UAKPA BA Pemriksaan Kas Bendahara Penerimaan,1
Permasalahan E SKPP,1
permintaan resert pasword,1
Cetak SPP dan SPM TA. 2019,1
Laporan Pertanggungjawaban Bendahara Pengeluaran,1
Sertifukat Pelatihan Bnendahara,1
Kendala Perhitungan THR GPP Desktop,1
Aplikasi gaji.kemenkeu.go.id,1
kami kirimkan lpj maret 2023 satker 679038,1
CPNS yang TMT 1 Maret 2023 Apakah Memperoleh THR dengan Gaji Pokok 100%?,1
Kendala dalam pembuatan Uang Lembur melalui aplikasi gaji web,1
Pegawai yang terdeteksi Pensiun pada Aplikasi GPP,1
SP2D belum ada,1
Teknis Pembayaran THR bagi Guru Bukan PNS,1
Approval Pembantu KPB Persediaan,1
Perbedaan realisasi Caput dan Realisasi SP2D,1
Permohonan persetujuan ADK penyamaan data satuan kerja 667079 BADAN PUSAT STATISTIK PROP. PAPUA BARAT,1
tidak bisa load master gaji 2023,1
Update Hostname ke OU Kanwil DJPb Riau,1
Penolakan Rekon Gaji THR satker 614951-04,1
Bagaimana cara mengganti kode satker BLU ke kode satker PTNBH,1
Aplikasi GPP Terpusat - Anomali Proses Rekon Gaji 445268 BPK Kalteng,1
Perpanjangan Sertifikat Bendahara,1
"Maaf Minta tolong mas buka kan terlanjur tutup buku modul persediaan periode januari 2023, belum terinput persediaan keluarnya",1
permasalahan pembayaran gaji maret TNI hanya ULP,1
Pembayaran LS menggunakan E-katalog,1
Monitoring TUP Omspan,1
"ingin bertanya solusi, Terkait SPM yang terbit di Aplikasi KPPN dengan yang terbit milik DJP itu potongan pajak nya berbeda",1
Tindak lanjut normalisasi tahun 2022 yang belum tinjut,1
Status pembayaran,1
Permohonan Softfile Sertifikat Bendahara,1
Penolakan Rekon THR Untuk Pegawai Pindahan,1
Terkait THR tukin satker kemenag,1
Muncul Todo list Tinjut Normalisasi namun saat ditindaklanjuti data kosong,1
Potongan Internal Gaji,1
Kesalahan Dokumen Pendukung SPM,1
mohon bantuannya,1
terdapat double pencatatan pada menu bendahara,1
Merubah Email USERNAME_MASKED,1
Aktivasi USERNAME_MASKED Vendor Digipay Satu,1
GAGAL GENERATE VA DIGIPAY SATU,1
tentang sertfikat,1
Pengajuan peangaktifan sementara akun Komitemen Validator/PPK,1
Kinerja Satker (Output),1
Mohon dihapuskan data gaji web satker Kantor Kemenag,1
pengaktifan akun Digit dan reset password,1
Aktivasi Digit Kemenkeu,1
Pengesahan Pendapatan 2022 dan saldo akhir 2022,1
Pemberian THR Untuk Pensiunan sebagai Dewas BLU,1
Pembuatan THR PNS Apabila Gaji Bulan Maret Rapel,1
Teknologi,1
Permohonan update rowset SIKRI MP pada aplikasi SPAN PROd,1
Pertanggungjawaban Dana Penelitian,1
Pembuatan SPM pada Hari libur,1
error cetak SKPP,1
Pemutakhiran Data Capaian Output Dinas Kesehatan Provinsi Papua Barat,1
Perbaiki transaksi,1
Permohonan Profil Kota,1
THR CPNS LKPP,1
Hapus Permonohnan Dispensasi RPD pada USERNAME_MASKED MS,1
Tidak dapat menambahkan referensi KKP,1
(Urgent) Import Supplier Selalu Gagal,1
kesalahan pemilihan kode barang aset tetap,1
Tanda BPP tidak muncul (Null) di kwitansi/SPBy,1
Tidak bisa daftar Digipay Satu,1
Kendala input lembur PPNPN,1
Penolakan tagihan SBSN dikarenakan belum membuat RPD Harian tinggak eselon I,1
APLIKASI MPN bermasalah,1
Pendetailan persediaan tidak sesuai dengan BAST,1
Tidak dapat login sebagai USERNAME_MASKED pada Digipay satu,1
Jenis SPM untuk Pembayaran Uang Lembur,1
Transaksi tercatat 2 kali,1
tidak menerima email aktifasi,1
Gagal Rekon Gaji- Kekurangan Gaji Tunjangan Fungsional 401878,1
USERNAME_MASKED Lokal PC NON SPAN,1
karwas TUP tidak sesuai,1
THR komponen TUKIN bagi PNS yang Ditugaskan di Lembaga Kerjasama Menteri Pendidikan se Asia Tenggara (SEAMEO),1
THR Tukin guru non PNS,1
Pendaftaran Supplier Beda NPWP,1
Akses halaman SPAN,1
Reset Sandi Akun Digit,1
"Pendaftaran, Penghapusan, dan Perubahan Role Akun SAKTI Satker 447362",1
Tutup Sementara Periode 14 Sakti,1
PPK Merangkap PPABP,1
Retur SP2D SBSN,1
Gagal Upload ADK Supplier BOP,1
Doble SPP Kekurangan THR,1
tidak bisa daftar digit,1
Reset Password Sakti BUN KPPN,1
Pelaksanaan Koreksi Transaksi TA 2022,1
Pendaftaran Admin KPPN Aplikasi Digipay Satu Selaku Kuasa BUN Daerah,1
Tidak dapat merekam spby untul pengesahan hibah TAYL,1
Pendaftaran dan perubahan USERNAME_MASKED Wilayah,1
Aktivais USERNAME_MASKED keperluan vendor digipay,1
Permohonan Perubahan Akses OMSPAN untuk Perubahan USERNAME_MASKED,1
Reset Pasword Sakti,1
Permohonan Pembuatan USERNAME_MASKED Kementerian,1
Aplikasi OMSPAN 2020,1
Aplikasi MPN G3,1
sisa DAK Fisik TA 2022 utk bidang pendidikan dan bidang kesehatan berbeda antara Laporan Sisa DAK Fisik TAYL dengan LRPDCO,1
Tunjangan Sandi/Kompensasi pada e-SKPP muncul,1
Data Pejabat tidak ditemukan,1
Selisih pada Monitoring TKTM Aset Tetap Renovasi (Gedung dan Bangunan),1
Kesalahan Dasar Pembayaran Kekurangan THR Pegawai,1
Permohonan agar dapat mengeluarkan satker dari penilaian IKPA Triwulan I,1
Permohonan Penggantian USERNAME_MASKED wilayah kode satker 308170 dan 309125,1
SPP THR PPNPN,1
aplikasi SAKTI,1
Pendaftaran Perubahan USERNAME_MASKED KPPN Selaku Kuasa BUN (Kepala Kantor),1
"Pencabutan Relaksasi Ketentuan Peralihan 2022, Relaksasi di Lingkup Kementerian Keuangan dan Pemutakhiran Referensi Satker BLU Dalam Perhitungan IKPA",1
Penilaian IKPA,1
Penolakan rekon Gaji induk bulan Mei 2023,1
Perubahan USERNAME_MASKED NIP/NRP Digit/Simaspaten,1
Perbedaan detail COA antara hardcopy SPM yang diajukan dengan SPM arsip cetak di sakti,1
Permohonan pembuatan email SAKTI,1
Akun Belanja Gorden,1
Pelaksanaan Survei Kepuasan Pengguna Layanan KPPN,1
Daftar program umi,1
Persetujuan Permohonan UP Sumber Dana SBSN,1
Dispensasi Uang Makan,1
membuka kembali tutup periode 14,1
Permohonan Reset akun digit,1
pendafatran USERNAME_MASKED ubah namanya tidak pakai gelar,1
Permohonan Reset Authenticator,1
Data SAKTI 2022,1
Permintaan Penghapusan Kek.Gaji,1
Kendala dalam LPJ Bendahara Pengeluaran,1
PEMBATALAN TRANSAKSI TRANSFER KELUAR,1
Pendaftaran USERNAME_MASKED Satker 344670,1
Rumah Tidak Layak Huni,1
Sikp yang belum kehapus,1
Tidak Dapat Akses Digit,1
Mohon dihapus/ditolak permohonan penyamaan data gaji pada aplikasi gaji web KPPN Wamena,1
Ralat Penarikan Dana Halaman III DIPA,1
pembatalan penutupan pereode 14,1
Pertanyaan Kode Rekening Kegiatan yang tidak ada,1
"Ksmi tak tersentuh,bantuan pemerintah malah yg mampu yg dapat",1
MOHON PENGIRIMAN KEMBALI USERNAME_MASKED PASSWORD,1
Kenapa Nilai Indikator Pengelolaan UP dan TUP bisa Berkurang...???,1
Komitmen,1
Permasalahan Transaksi,1
VAL DAN APR,1
membatalkan atas SPBy dan menghapus data SPBy,1
permohonan perubahan unit eselon I pada mpn g3 kemenkeu,1
Akun DIGIPAY,1
Perpanjangan Masa Pensiun Jaksa,1
PERMOHONAN PEMBATALAN TRANSAKSI PERSEDIAAN,1
USERNAME_MASKED Gaji Satker Tidak Sesuai,1
PEMBAYARAN DIGIPAYSATU,1
Gaji Web Modul KPPN Error,1
Tidak bisa merubah data dan klik simpan pada SAKTI,1
Penolakan SPM GUP dan TUP,1
KPU Asmat,1
Perubahan pada aplikasi GPP,1
PERANGKINGAN NILAI IKPA,1
Gagal Login,1
Presensi dan pemberian uang makan untuk peserta halfday paket meeting,1
Koreksi Kesalahan Akun 532111 ke 521252,1
Gagal Proses THR pada Aplikasi Gaji WEB satker Kementerian Agama (Tanggapan Data Tiket No. HAI-417132312),1
Permohonan Sertifikat Bendahara,1
Ubah nama peserta penilaian sertifkasi PPK pada aplikasi Simaspaten,1
Penamabahan Role Pejabat/Atasan pada aplikasi Intense,1
Penghapusan Transaksi SAKTI Persediaan Tahun 2023,1
MENCATAT SP2D SPM KOREKSI TAHUN 2022 YANG SUDAH TUTUP PERIODE,1
Pengusulan USERNAME_MASKED Jafung pada ejafung,1
Pengajuan batal Approve,1
Pemberian Uang Harian Halfday Untuk Camat sebagai peserta paket halfday yang diselenggarakan di aula kantor camat dengan sumber dana dari DIPABPS,1
Tindak lanjut tiket 20230329-9SP6S3,1
Terkait sp2d thr ppnpn,1
kewenangan PPSPM,1
USERNAME_MASKED muncul pesan USERNAME_MASKED Aktif,1
sudah dilakukan Tutup Periode 14 2022,1
Penggunaan Web edjpb c.q Intense,1
Verifikasi KTP pada SAKTI,1
Kepingin punya rumah tinggal sendiri,1
Cara investasi,1
IKPA UP/TUP,1
SAKTI Modul Persediaan tidak bisa memilih tahun anggaran 2023,1
Pengiriman TOR dan Mengajukan Pak Djoko Hendratto sebagai pemateri Webinar Nasional Greenomic 2023 yang dilakukan secara Online.,1
INPUT TRANSAKSI PERIODE 14,1
Tidak muncul pilihan tahun anggaran 2023,1
terkait to do list,1
Rangkap jabatan antara Bendahara Penerimaan dan Pejabat Pengadaan Barang Jasa pada BLU,1
Sertifikat PPSM,1
Hasil perhitungan gaji SKPP dan Data KPPN Tidak sama,1
Tidak bisa menutup periode ADJ 1 2022 (13) dan ADJ 2 2022 (14),1
Pendaftaran modal kerja umi,1
monitoring ketepatan data usser aplikasi dengan Data Dukcapil,1
Permohonan Penghapusan Data Supplier Pada SAKTI,1
sudah tutup buku bulan 14,1
Buka Periode 14,1
Mohon Petunjuk Mekanisme Pembatalan-Pengesahan Ulang MPHLBJS TA 2022,1
IKPA _Indikator Penyerapan,1
input kontrak di omspan hilang inputnya,1
TTE Kasi PD untuk SKPP pada GPP,1
Data sudah normal tapi masih muncul to do listnya,1
Penjelasan terkait Lumpsum,1
Permohonan rumah sejahtera terpadu,1
Tidak Bisa Menutup Buku Periode 14,1
Format Isian Rincian SPD Rampung Perjalanan Dinas,1
terima daftar kelengkapan sk pada,1
Kendala SKPP Elektronik Satker 418886,1
Rekonsiliasi SAKTI-SPAN MONSAKTI,1
Transfer Masuk Manual masih tercatat di SAKTI,1
Permohonan Pengaktifan Kembali OTP Sakti,1
OMSPAN Penyaluran DAK FISIK,1
Cuti di luar Tanggungan Negara,1
Selisih saldo persediaan setelah migrasi,1
Permohonan penggantian akses USERNAME_MASKED sakti,1
Permasalahan Perekaman Rekening Vendor Digipay Satu,1
Koreksi Nilai untuk HIBAH,1
"SP2D koreksi sudah diproses di SPAN, namun disakti belum muncul",1
Informasi mengenai nilai IKPA,1
Informasi APBD Kaltara 2022 dan 2023,1
Mengapa kami tidak mendapatkan batuan sedangkan kami orang miskin,1
TUTUP PERIODE,1
Tidak bisa login ke Digit,1
koreksi penghapusan data persediaan yang sudah di approve 2023,1
Kesalahan Perhitungan Saldo pada Buku Pembantu UP BPP,1
Penilaian UP tidak sesuai,1
pilihan tahap 3 tidak muncul,1
HAI DJpb,1
"Saat PPR, template masuk ke Akhiri Pengguna",1
Permasalahan SKPP Pindah an Sertu WINARTO NRP NIP_MASKED,1
Permohonan Sinkronisasi pagu di OMSPAN,1
PENDAFTARAAN KONTRAK 19 APRIL DISAAT CUTI BERSAMA,1
RPD TW 2 belom update di OMSPAN,1
Pendaftaran USERNAME_MASKED Satker Konsolidasi,1
Kendala Cetak Tanda Terima SPM KPPN BUN,1
Error pada aplikasi GPP,1
penyesuaian realisasi anggaran,1
"Tidak terdapat menu ""Perpindahan Jabatan"" pada role admin satker di E-Jafung",1
Akun pengadaan alat kesenian (alat musik organ),1
Data RPD Berbeda Antara Petikan DIPA Terakhir dengan OMSPAN,1
Report yang di download di Monitoring Report Sudah 2 Jam belum muncul link download,1
Pembayaran Honorarium Berdasarkan PMK 210,1
pergantian rekening,1
Pertanyaan Terkait PMK 20/2023,1
Tanggungan suami pada PNS,1
Validasi SPP 611 Pengembalian Belanja di Akun KPA,1
Sertifikat PPL belum terbit,1
Perjalanan Dinas Tamu dari Luar Negeri,1
Perbedaan Data Gaji Terakhir pada aplikasi GPP Terpusat,1
Pengurangan Role pada USERNAME_MASKED,1
Modul Aset Tetap Tidak Bisa Tutup Buku Bulan 14 TA 2022,1
Permasalahan TerkaitbSKPP Elektronik TNI,1
PDF SKPP TNI yang sudah selesai tidak bisa dibuka,1
Perubahan KPA SAKTI,1
Akses Tahun Sebelumnya,1
Error input calon JF PK APBN: data kependudukan tidak ditemukan,1
Permasalahan aplikasi MPN G3,1
permasalahan pendaftaran PPL satker,1
Rilis Berita Resmi Statistik 5 Mei 2023,1
Validasi Rekening,1
mohon ijin buat tiket baru,1
Kliring,1
Kesalahan input barang yang telah disetujui,1
Pembayaran Paspor,1
Biaya Parkir Menginap,1
"Penambahan Referensi Output Pada SPAN TA 2023, 7 Mei 2023",1
Pembatalan koreksi di modul aset periode 14,1
ERROR SIMPAN DEATIL RENCANA KEGIATAN OMSPAN DAK FISIK,1
Data OMSPAN yang berubah,1
Informasi Peraturan RIDF,1
laundry BMN dan hadiah perlombaan,1
Pembayaran Gaji P3K,1
Pembukaan open period Capaian Output,1
USERNAME_MASKED SIMASPATEN,1
Kurang bisa membaca Petunjuk Teknis Pelaksanaan Penyaluran Dana Tunjangan Kinerja Pegawai Kementerian Negara/Lembaga,1
Sertifikat PPSPM dan Perpanjangan Sertifikat BNT,1
Jenis SPP selisih tunkin kemenag,1
Pengaktifan USERNAME_MASKED gaji PPNPN,1
Tanya Reklasifikasi Metode Pembayaran,1
"ada SPM yang nyangkut, sudah SP2D namun statusnya masih setuju SPM",1
"Validasi ADK PMRT gagal pada SPAN, invoice tidak dapat dilanjut/ditolak",1
permohonan buka periode januari 2023,1
Permohonan percepatan pemanggilan peserta diklat bendahara,1
Aplikasi GPP untuk pembuatan SKPP,1
Batas Usia Maksimal/Pensiun Bagi PPNPN,1
Permohonan PENOLAKAN Penyamaan Data (GPP) PNS satker KPPN Yogyakarta (030),1
tentang perpanjangan sertifikat di simaspaten,1
Pembuatan kekurangan gaji kenaikan pangkat pengabdian,1
Ingin Hapus Data yang sudah diinput ke aplikasi Sakti,1
Penyamaan Data PPPK Satker 006664,1
Pendaftaran USERNAME_MASKED Level Eselon 1,1
Permohonan Pembukaan Periode Capaian Output Bulan Maret 2023,1
Permasalahan Proses TTE pada e-SKPP,1
Penyelesaian Munculnya Kas Lain di LPJ Bendahara Pengeluaran,1
Indikator Pengelola TUP,1
Undangan Diskusi Publik,1
Pendaftaran Akun e-SPM,1
KRO baru BA 999.05,1
Standar Biaya Masukan,1
Tidak Bisa Buka Periode di GLP,1
permohonan file sertifikat PNT,1
Perekaman Addendum Kontrak Multiyears,1
Penolakan pendaftaran supplier,1
Perubahan Rekening Supplier Type 3 (Pegawai),1
USERNAME_MASKED Password Baru OMSPAN Penyaluran Dana Desa BPKAD Kabupaten Banjar tidak dapat diakses,1
Status SIKP Merah,1
TANDA TANGAN LAPORAN KEUANGAN,1
Pembayaran Tunjangan Suami,1
Apakah sertifikat PJJ ppspm bisa digunakan utk mengajukan SNT ppspm?,1
Lowongan Pekerjaan PIP Kementerian Keuangan,1
Mohon Pejelasan Terkait Biaya Perjalanan Dinas,1
Lampiran adk gaji di sakti tidak sama dg rekon gaji gpp,1
Pembukaan Periode 14 Modul Aset dan Modul GLP TA 2022,1
Terkait Penerbitan sertifikat PPL PPSPM Microlearning yang dilaksanakan pada tanggal 9-11 Mei 2023 tentang Tata Cara Pembayaran Berdasarkan PMK 210/2022 Angkatan TA 2023 - Kelas B,1
Penjabat (Pj) Gubernur,1
Penghapusan data pribadi dari pinjaman online,1
Digipaysatu,1
dimohon dikirimkan kembali aktivasi akun digital treasury,1
Salah input tanggal selesai kontrak,1
Penggunaan USERNAME_MASKED kanwil DJPb Provinsi Jawa Tengah,1
Dana Retur belum masuk rekening,1
Persetujuan skpp eror,1
ADK Gaji Induk tertolak,1
Jatuh tempo GUP pada OMSPAN tidak sesuai,1
Permohonan Perubahan Data Keluarga GPP,1
Tunjangan Lauk Pauk TNI tidak muncul,1
gagal konfirmasi USERNAME_MASKED,1
Permohonan Perubahan Password Aplikasi OMSPAN,1
akun toga wisuda,1
Rekon Gaji THR,1
belum masuk dana,1
Permohonan Proses Pembentukan USERNAME_MASKED dengan Kewenangan KPA,1
Perubahan email dan password,1
Update Perubahan Pangkat Golongan dan Email pada Simaspaten,1
Pergantian Data Diri Simaspaten,1
Tidak Bisa Hapus Uang Muka,1
adk gantung gpp,1
Pemulihan Pagu MP PNBP,1
digit a.n ilham bagus akbas tidak dapat di akses karna kesamaan email dengan a.n aswin kao,1
Aset belum validasi approve,1
Anak Satker,1
Buka kembali periode 4,1
AKTIVASI AKUN DIGIPAY,1
reset password digit kemenkeu,1
Cara membuka tutup periode persediaan bulan Januari 2023 yang tidak sengaja tertutup,1
Konfirmasi Perbedaan data Nama dan NIK,1
pendaftaran BNT,1
Perubahan USERNAME_MASKED Tipe Bappenas,1
Mau mengajukan pinjaman umi,1
Kendala Aktivasi Akun DIGIT,1
identifikasi SPAN,1
Gagal pengiriman usulan perpanjangan Sertifikat Bendahara di simaspaten,1
Pembayaran Tukin pada Satker Kementerian Perhubungan sesuai PMK 20 tahun 2023,1
Perubahan Nomor Rekening PPNPN,1
Pencatatan Barang Persediaan,1
PEMBATALAN DAN RESET USERNAME_MASKED,1
tidak dapat kirim gaji lewat dekstop,1
Pendaftaran Mail Sakti PPNPN,1
Rekening Dana Desa,1
menyangkut aplikasi OMSPAN,1
Konfirmasi Pengunaan Anggaran Perjalanan Dinas,1
Masih Terbaca Kode Satker Lama pada Gajikita,1
Kendala Akses Menu Validasi SPP dan SPM,1
Permohonan Informasi Data Penggunaan KKP pada seluruh Satker Kementerian Sosial,1
Buka periode persedian februari 2023,1
tidak bisa mencetak salinan buku pembantu uang muka,1
Pendaftaran Supplier Tipe 2,1
permohonan reset akun,1
simaspaten (perpanjangan sertifikat BNT),1
TIDAK BISA LOGIN SIMASPATEN MELALUI DIGIT,1
Permohonan Pembukaan Tutup Buku Persediaan Tahun 2023,1
permohonan reset password digit,1
Penggunaan MPN untuk pengembalian,1
Penggantian Admin Gaji KPPN dan Gaji PPNPN,1
Pertanggungjawaban Tambal Ban atau Tambah Angin,1
digipay satu,1
Input Transaksi Tahun 2023,1
Nilai Pagu di segmen FA 16 tidak sama dengan Lembar Kertas kerja,1
monitoring DS SAKTI,1
Uang harian kegiatan di kantor,1
Biaya Paket Meeting Dalam Kota,1
buka tutup buku untuk modul persediaan,1
Perubahan Profil Eselon I pada MPN G3 untuk penyetoran kelebihan pembayaran TKTT,1
tidak bisa upload Surat MP PNBP pada E SPM,1
Tidak Bisa OTP SPM Kekurangan Gaji THR,1
Usulan TUP tidak terbaca pada sisi KPPN,1
PEMBUATAN KEKURANGAN GAJI TERUSAN DI GAJI WEB,1
SAKTI MENU PPSPM Satker 418792,1
Identifikasi Kode SPAN PT Telkom Indonesia Tbk,1
akun digit gak aktif,1
Pesan Error,1
Permohonan Reset Password Digit Kemenkeu,1
RISET PASWORD DAN AKTIVASI APLIKASI DIGIT,1
Riset Password SIMASPATEN,1
Konsultasi PMK perjalanan dinas,1
perpanjangan sertifikat BNT,1
Kendala Aplikasi SAKTI Modul Aset Tetap,1
Pengembalian belanja gaji pegawai pensiun,1
Permasalahan DAK 2020 dan 202q,1
Permohonan Riset Password,1
Penggabungan NUP,1
Validasi Sistem SKPP Pensiun Meninggal Satker Kemenag,1
SAKTI Modul Aset Tetap dan Persediaan (Reklas Aset Tetap ke Persediaan),1
Jadwal Diklat Bendahara Pengeluaran,1
Kontrak List Tidak Terlihat Untuk USERNAME_MASKED Baru,1
Kendala Upload Gambar pada Digipay Satu,1
Tidak bisa login di SIMASPATEN,1
Konfirmasi pendaftaran mpn tdk terkirim ke email,1
Tidak bisa melakukan pencatatan TKDN,1
Kendala Digipay SATU Vendor Rekam Kurir,1
pencatatan sp2d,1
Status Sertifikat SNT di Simaspaten,1
BAST Final,1
Transaksi pembayaran DIGIPAY Satu,1
SURAT PERINTAH PENGESAHAN PENGEMBALIAN PENDAPATAN HIBAH LANGSUNG,1
Perubahan Supllier Tipe 3 (Pegawai),1
Dampak Perubahan Kode Satker Pada Aset dan Persediaan,1
Registrasi Akun Simaspaten,1
PERGANTIAN BENDAHARA,1
DPP - Rekon Gaji 13 Error,1
"lupa password dan email yg digunakan untuk registrasi tidak dapat dibuka lagi, MPN",1
Pertanyaan Monsakti terkait rekon (selisih pagu),1
Transaksi Perolehan Lainnya Modul Persediaan pada Aplikasi SAKTI,1
USERNAME_MASKED bisa masuk aplikasi SIMASPATEN,1
Monitoring Permasalahan Data USERNAME_MASKED,1
Penolakan Tunkin Bulanan,1
Permohonan reset password digit kemenkeu,1
"Pergantian USERNAME_MASKED pada Staff PD masih berstatus ""Proses""",1
GAGAL UPLOAD ADK SUPP DARI CSV,1
DATA SERTIFIKAT PPK DAN PPSPM TIBA-TIBA TIDAK ADA DI SAKTI,1
Beda Tanggal Buku,1
Pendaftaran Sakti Satker 690590 (Badan Pangan Nasional),1
Pemutakhiran Kewenangan PPK tanpa Proses OTP Ulang,1
Tidak bisa login SIMASPATEN,1
Permintaan Aktivasi akun digit,1
"asuransi, service fee dan kode unik pada tiket",1
Tidak bisa upload Adk pegawai CSV,1
Validasi SPM GUP gagal,1
terdapat kesalahan pencatatan SPBy dan telah terbit SP2D,1
permintaan USERNAME_MASKED omspan,1
Pengadminitrasian USERNAME_MASKED,1
Satker tidak muncul pada monitoring Korwilnya,1
Perakaman BAST Final TAYL,1
Selisih Penerimaan pada Aplikasi Simponi (Tujuan pertanyaan KPPN Khusus Penerimaan),1
Pengembalian sisa TUP yang sudah diRevolving,1
Adendum Kontrak,1
Bonus berupa bantal,1
Persediaan belum diregister,1
Permasalahan login akun Simaspaten,1
kesalahan input tanggal buku pada modul persediaan sakti,1
MOHON BANTUANNYA,1
PADA LAPORAN LPJ TERDAPAT SALDO LAINNYA BERUPA PENGESAHAN HIBAH LANGSUNG TUNAI DALAM NEGRI,1
Operator Anggaran Satker 685083,1
Rumah sejahtera terpadu,1
Kompetisi Thack 2024,1
Tidak bisa masuk/login ke dalam Akun SIMASPATEN,1
Harga tidak muncul,1
input data untuk pembenahan nilai rekonsiliasi,1
Validasi SPBY,1
Tidak Bisa Validasi SPBY,1
Tidak bisa akses MONSAKTI,1
tidak bisa kirim ADK SPM ke KPPN,1
Referensi Detail Rekening,1
Status perpanjangan BNT,1
Tidak bisa mengirim SPM ke KPPN,1
Penjelasan Fungsi Tombol Terima SP2D ke RDP pada Modul Bendahara SAKTI,1
Revisi Kode BMN menjadi Persediaan,1
Kendala SPM tertolak namun terbit SP2D,1
Double Pencatatan Aset Tahun 2019,1
Tolakan pada SPAN,1
Pengantaran hardcopy SPM,1
Saldo Kas Bank tidak Tampil dan Cetak Kas Bank di Menu LPJ tidak muncul Saldonya,1
SAKTI - Tidak dapat validasi SPBy tertulis belum input TKDN,1
reset pasword digit KPA,1
Gagal Validasi,1
TTE Aplikasi SAKTI,1
Kendala pemesanan tidak muncul di USERNAME_MASKED Digipay Satu,1
SPBy tidak dapat di setujui PPK dengan pesan error belum input p3dn,1
Perlakuan biaya Fullboard yang dibebankan ke peserta,1
Tidak muncul Nomor Gaji,1
Nomor Gaji Hilang dari Daftar Pengawasan Gaji,1
Pengajuan user,1
Eror pada saat Validasi TTE,1
Kendala dalam melakukan validasi,1
Pendaftaran Sakti Mail,1
gaji susulan di sakti eror,1
Gaji Kemenkeu Terpusat,1
Transaksi dalam Konfirmasi (TDK) pada Monsakti,1
Perpajakan PPN,1
trasnfer keluar,1
TIDAK BISA PROSES GAJI KE 13 PADA GAJI TERUSAN BULAN MEI,1
Error Restore Data Rekon Gaji,1
USERNAME_MASKED simaspaten,1
Rekon Sakti-SPAN,1
Kendala Perekaman USERNAME_MASKED pada Admin Satker,1
Permohonan Pendaftaran USERNAME_MASKED Portal SAKTI,1
kantor Otoritas Bandara Wilayah III Juanda mendaftar MPNG3 belum di Approv dan USERNAME_MASKED aktif,1
mohon jawaban tiket HAI nomor 20230515-LI9NPR,1
"Satker KPU tidak bisa memilih Rekening Bank saat merekam ""Transfer Keluar"" Dana Adhoc",1
TDK PNBP karena transaksi belum muncul disisi SPAN pada aplikasi MONSAKTI,1
Transaksi transfer keluar persediaan tidak muncul di menu transfer masuk satker tujuan,1
Tidak Bisa Tutup Buku Persediaan Satker Kementerian Agama Kab. Minahasa Utara (445326),1
Penambahan Menu Kolom Nama Debitur Pada Rekap Piutang Lunas,1
Buka Periode Modul Persediaan,1
Transaction rolled back,1
Pembukaan Rekening pada SPRINT,1
pembatalan kontrak,1
Vendor Digipay,1
DS tidak bisa untuk skpp,1
Jurnal Balik Utang Persediaan (Belanja Barang YMHD),1
Data Gaji 13 terkahir tidak sesuai,1
modul pembayaran,1
perubahan sakti pejabat,1
Data Setoran Mei 2023 Belum Masuk Interface SPAN,1
Pembuatan biling,1
Reset akun digit kemenkeu,1
Rekonsiliasi Sakti,1
Selisih Perekaman Transaksi PNBP,1
uang di tahan pihak kas,1
permohonan reset pasword Hai DJPB,1
aplikasi keuangan,1
selisih saldo UAKPA Lainnya,1
permintaan penyesuaian NRP dan USERNAME_MASKED digit,1
Prihal Koreksi akun,1
Proses sinkronisasi data rekening sakti dari aplikasi sprint,1
Usulan pendaftaran Sertifikasi BPG dari USERNAME_MASKED dan USERNAME_MASKED,1
Pengesahan SKPP Elektronik,1
Pengajuan SKPP Pensiun tertolak karena Bulan Gaji Induk Tidak Sesuai (satker 614951),1
PENDAFTARAN DAN PERUBAHAN USERNAME_MASKED TINGKAT UNIT,1
Penghapusan SIKP kur BRI,1
Permintaan Penghapusan Saldo awal,1
Tidak bisa masuk akun digit,1
Tidak Bisa Login di website URL_MASKED,1
Pendaftaran vendor Digipay,1
Buka Periode Bulanan Persediaan,1
Gagal input perubahan KPM BLT pada OMSPAN,1
Selisih PNBP pada SAKTI dan MONSAKTI,1
Lupa Email dan Password Akun Digit,1
uji kompetensi analis muda,1
Penambahan Kode Satker pada Aplikasi SPRINT,1
Tambahan Dana BUN terhadap Penilaian IKPA,1
Mengubah Kode Akun Belanja Kontrak yang Sudah Terbit CAN,1
TERPUTUS,1
Invoice Tidak Muncul Setelah Diupload di SPAN,1
Keberadaan PPK pada saat tanda tangan SPP,1
Tanya Menu Reklasifikasi BAST/BMN,1
ketentuan gaji 13 bagi Dosen Non PNS,1
password simaspaten salah,1
Pembayaran Biling BCA,1
Perbedaan Pagu SPP dengan Lap Fa Detail,1
USERNAME_MASKED Kemenkeu Tidak Aktif,1
reset/aktivasi USERNAME_MASKED,1
Reset USERNAME_MASKED KPA,1
Akun Tunjangan Profesi Guru PPPK,1
CCTV rumah dinas,1
Kendala login akun DIGIT,1
Perlakuan Akuntansi Hibah Langsung berupa renovasi gedung,1
aktifasi digit kadarluarsa,1
nrp tidak terdaftar di kppn,1
Mohon Bantuan Terkait Gaji 13 yang tertolak,1
Permohonan Penggantian Pasword Spain,1
perjalanan dinas pindah,1
Pencatatan sp2d di sakti,1
Tidak bisa aktivasi,1
Bank Statement untuk transaksi tanggal 12-13 Juni 2023 belum ada,1
akun pembulatan spm,1
Permohonan Penggantian Password OMSPAN Dana Desa Kewenangan Pemda,1
Permohonan penolakan yang telah disetujui pada SAKTI,1
Bendahara pengeluaran,1
Rekaman Rekening VA Tidak Muncul Monitoring SPRINT,1
BAST LS Non Kontraktual 02/28/7307/PPK/2907.QMA.009/III/2023 Tgl 28-03-2023,1
Kesulitan Login Aplikasi Gaji Web,1
Pendaftaran USERNAME_MASKED Web Satker 652979,1
Permintaan Aktivasi USERNAME_MASKED a.n. Mila Riana Wisesa dan Andriyas Dwi Pujoyanto,1
Indikator Kinerja Kegiatan tidak muncul di DIPA,1
kendala upload back up pada aplikasi gaji web,1
Akses Monsakti Pertama gagal,1
SAKTI Modul Komitmen,1
Penyampaian Capaian Output bulan Januari 2023,1
Daftar,1
Ukom JFT,1
TIDAK BISA MEMBUKA AKUN DIGIT TREASURY,1
AKTIVASI AKUN DIGIT,1
Selisih rekonsiliasi satker inaktif bersaldo,1
Ada nya Piutang Bukan Pajak Pada Aset Lancar Neraca Satker Yanma Polri 650435,1
Perubahan kode UAKPB,1
Penghapusan sikp dari bank penyalur kredit,1
Perubahan USERNAME_MASKED Password OMSPAN Dana Desa,1
Data Realisasi Tidak Update,1
Laporan FA Detail tidak sesuai ( kembali ),1
perubahan USERNAME_MASKED KPPN Padang,1
Sertifikat SNT,1
Tiket Permintaan Pembatalan Pendetilan Aset Tetap,1
Penambahan USERNAME_MASKED Aset,1
Aset tidak Aktif,1
RESET PASWORD DIGIT LUPA PASWORD,1
Permasalahan dalam perekaman modul surat tugas di bios.kemenkeu.go.id,1
Status Belum TTE,1
menanyakan alur tahapan proses konversi sertifikat PPK PNT,1
Lamaran kerja,1
Kendala Salah NIP dan Nama di SIMASPATEN,1
Kirim Ulang Link Aktivasi USERNAME_MASKED,1
Pengaktifan Akun DIGIT,1
Penyesuaian data USERNAME_MASKED Digit,1
Reset USERNAME_MASKED Password akun Digipay,1
Aset tetap perolehan Tahun 2022 status belum tercatat,1
pendaftaran APR KPPN selaku BUN,1
Data Kontrak,1
SKPP terkena validasi sistem KPPN dg kendala yg sama (pangkat pengabdian) Bulan Gaji Induk Tidak sama,1
Sakti Komitmen - Error Hapus BAST Belanja Persediaan,1
AKUN Dukungan Tim Medis,1
Tidak dapat melakukan catat SP2D,1
Jabatan Fungsional APK APBN,1
reset password digit 344589,1
Permohonan Buka Periode Mei 2023 Untuk Modul Persediaan,1
SKPP ELEKTRONIK,1
Koreksi transfer persediaan,1
Belum Melakukan Upload ADK GPP,1
salah input transaksi keluar,1
Migrasi Aplikasi Gaji Web,1
blokir OTP,1
Akun Digit Berstatus Tidak Aktif,1
Perubahan kondisi AT tidak muncul di validasi,1
Monitoring retur SP2D pada OM SPAN,1
Perubahan USERNAME_MASKED kepegawaian pada PBNOpen DJPb,1
Tidak bisa Perekeman Rekening pada Menu Referensi Rekening Modul Bendahara,1
498693 - Terdapat saldo akun tidak normal pada akun 114115 (Belanja Modal Dibayar Dimuka),1
Pengankatan Jabatan fungsional,1
Penginputan BAST untuk kontrak TAYL,1
Surat Penawaran Kerjasama Pelatihan dan Coaching,1
Migrasi Gaji,1
Tidak bisa daftar,1
aplikasi Gaji Web,1
Pendaftaran Satker baru pada SAKTI,1
Minta tolng aktivasi USERNAME_MASKED,1
Penghapusan,1
Permohonan ubah data Jenis Kelamin pada Aplikasi Simaspaten,1
Kesalahan input pembelian di modul komitmen,1
Mohon aktivasi atasan langsung,1
Reset pw dan aktifasi ejafung atasan langsung,1
USERNAME_MASKED Gaji KPPN,1
Pendafataran USERNAME_MASKED tingkat Wilayah Role Operator Pelaporan Konsolidator dan USERNAME_MASKED Tetap Satker BBPOM di Samarinda (432897),1
Anggaran Hibah Penelitian,1
Migrasi Data Gaji Web,1
Aplikasi eJafung,1
SERTIFIKASI,1
Penginputan Tiket Hai CSO,1
aktivasi dan riset Password USERNAME_MASKED,1
Tidak bisa rekam SKP,1
Penambahan Kewenangan Validator Satker 578871 dan 578872,1
Tidak dapat akses akun DIGIT e jafung,1
kesulitan akses e-jafung,1
633064 password USERNAME_MASKED langsung,1
Tidak bisa login admin e-jafung,1
login akses e-jafung,1
Permasalahan pada akun E-Jafung,1
E Jafung,1
Perubahan USERNAME_MASKED dan nomor HP OTP KPA,1
reset password e jafung,1
penyusutan setelah tutup buku bulan 6,1
LUPA PASSWORD DAN EMAIL,1
Kesulitan Login di USERNAME_MASKED,1
Pendaftaran admin satker e-jafung,1
Ejafung masih dalam proses PAK,1
Re: Penting : Tiket 20230627-4UW8FZ akan ditutup,1
PPSPM,1
Mohon Normalisasi selisih data Ls Bendahara bulan Mei 2023,1
mohon rollback status SKP e-jafung,1
Perihal Login,1
Skp e jafung,1
Materi Sosialisasi terkait Program Pendanaan UMKM,1
pertanyaan dan jawaban login pada akun Sakti,1
satker 418111 kemenag prov. riau,1
Ingin mengetahui nama ibu kandung,1
tidak bisa login ke sakti,1
digit,1
tidak bisa melakukan import gaji terpusat,1
Pengajuan RST perorangan,1
TERKAIT IKPA 2023,1
tidak bisa login aplikasi sakti,1
harga barang,1
Pembahasan MP PNBP RSAL Mintohardjo,1
Akun digit gagal login,1
Tidak Bisa Membentuk ADK BCSU,1
masalah e-Jafung,1
PERMOHONAN RESET USERNAME_MASKED (LPJ BENDAHARA),1
Rekening Belum di Validasi,1
USERNAME_MASKED pta kendari,1
E-SKPP,1
reset akun digit.kemenkeu.go.id,1
Permohonan aktivasi akun DIGIT,1
tidak mendapatkan kode previkasi pendaftaran akun digit,1
Tidak bisa login ke akun sakti saya,1
login dan Pass,1
aktivasi role pengguna aplikasi web gaji,1
Permintaan Reset USERNAME_MASKED,1
SAKTI dan SPRINT,1
Tidak bisa membuka kembali tutup buku sementara,1
Error USERNAME_MASKED Gaji Web/ Gaji KPPN Terpusat,1
Kendala Validasi SPBy -230003,1
proses gaji web belum selesai,1
Salah Akun Pengembalian Sisa TUP,1
Kesalahan Perekaman BAST Kontraktual,1
Biaya Perjalanan Dinas,1
Mohon Bantuan Bapak Detail Tolakan SKPP di Web URL_MASKED,1
Aplikasi E Jafung Saya bermasalah,1
LUPA PASWORD MODUL OPERATOR BENDAHARA USERCODE_MASKED,1
Eror Proses TTE,1
DIGIT - TIDAK BISA MASUK,1
Link Aktivasi DIGIT kadaluarsa,1
Pengajuan Perubahan dari KKPD ke KKP biasa,1
Pengajuan Pendaftaran Email SAKTI,1
Kendala Pendaftaran Simaspaten,1
Permohonan Open Access pada Pandu SAKTI untuk pelatihan,1
status tiket,1
Potongan Tunjangan Kinerja diakui sebagai Pengembalian Belanja,1
Vendor Digipay Satu tidak timbul di-approve,1
Pendaftaran USERNAME_MASKED Satker 640019,1
Permohonan Reset Password Akun SAKTI a.n. Eko Kusdaryanto,1
daftar USERNAME_MASKED dengan email EMAIL_MASKED tidak bisa,1
Pendaftaran USERNAME_MASKED Gaji Modul Satker,1
akun aplikasi sakti tidak dapat akses,1
Akun Digit Bermasalah,1
Digit Kemenkue,1
Rumah dinas,1
"Pembuatan Akun Sprint, Validasi Rekening Bendahara",1
Perbaikan BAST,1
Reset Password Akun Digit,1
SKP tidak muncul pada USERNAME_MASKED langsung,1
USERNAME_MASKED belum aktif,1
Belum aktivasi digit,1
Data pegawai dobel pada Aplikasi web gaji,1
Gaji Terusan untuk PPPK,1
LUPA KATA SANDI,1
Reset,1
Tidak bisa Login,1
Permohonan Reset Password Sakti,1
Permintaan Reset Password USERNAME_MASKED,1
RESET AKUN DIGIT,1
Penyampaian surat permintaan admin satker jafung perbendaharaan,1
TIDAK BISA LOGIN SAKTI USERNAME_MASKED (APPROVER),1
PERMOHONAN RESET USERNAME_MASKED,1
Validitas USERNAME_MASKED,1
Tidak Dapat Ganti Kewenangan pada PANDU-SAKTI,1
Permohonan aktivasi/reset USERNAME_MASKED,1
permohonan reset password sakti,1
Permasalahan Pada Aplikasi MONSAKTI,1
Permintaan Penambahan Role Web Gaji,1
Aplikasi digit.kemenkeu,1
Aktifasi USERNAME_MASKED DIGIT,1
Permohonan Pendaftaran Email SAKTI Bulan Juli 2023,1
Kristo,1
Permohonan Menghapus USERNAME_MASKED. Wiwin Rianto,1
PERBEDAAN NPWP CETAKAN SSP SAKTI DGN DATA NPWP SUPPLIER DI SAKTI,1
Tidak bisa login di URL_MASKED,1
tidak bisa membuat spby,1
Penambahan Role USERNAME_MASKED,1
NIK terdaftar pada NIP yang salah,1
AKUN DIGIT.KEMENKEU.GO.ID BELUM DI AKTIVASI,1
Permasalahan Mengenai Aplikasi SPAN,1
SAKTI gagal login,1
mohon bantuanya,1
Izin mengakses Gaji KPPN Terpusat,1
"USERNAME_MASKED belum aktif, silahkan hubungi Admin",1
Perpanjangan Sertifikat Bendahara Pengeluaran BNT,1
LUPA PASSWORD DIGIT TAPI EMAIL TIDAK TERDAFTAR,1
barang bmn berupa mini bus sudah keluar SK penghapusan tahun 2018 tapi masih muncul data penghapusan pada akun sakti,1
Honor narasumber,1
Jenis pegawai salah pada saat pembuatan uang makan,1
Pendaftaran Role Pengguna Aplikasi Gaji Web,1
Nomor sp2d dan tanggalnya tidak muncul disakti,1
Permohonan Aktivasi Ulang USERNAME_MASKED,1
Proses pembentukan adk gagal pada OTP PPSPM,1
Kode jenis SK Pemberhentian jabatan Fungsional Pada Web Gaji,1
Data input capaian output Sakti,1
Buka kembali dan membatalkan stock opname fisik,1
Pendaftaran USERNAME_MASKED KPA dan PPK,1
Pelaporan pajak,1
Gaji Web,1
Password Salah pada aplikasi DIGIT,1
Prosedur Perubahan KPA dan Bendahara di Aplikasi SPRINT,1
Permintaan Proses Aktivasi USERNAME_MASKED,1
reset,1
login ke sprint,1
Pendaftaran dan Pengaktifan USERNAME_MASKED KPA dan PPK Satker 683972,1
tutup Permanen,1
"reset password e-jafung, semantik, digi",1
Permohonan Reset Password digit,1
Rekon gaji tertolak KPPN,1
NTPN dan Billing tidak terbaca,1
login aplikasi gajI,1
Batal Approve Persediaan,1
Pengaktifan Akun Digit PPSPM satker 307431,1
Penggunaan dan Realisasi Belanja Menggunakan Akun Khusus Covid-19,1
Perbedaan Saldo pada Buku Pembantu LS Bendahara pada Bulan Juni,1
Permasalahan USERNAME_MASKED tidak bisa login,1
Restore data tukin,1
"MENGHAPUS BAST,SPP",1
Aktivasi akun digit PPSPM Satker,1
MPN System terkunci,1
aplikasi Sakti UAPPA-W,1
Problem NIK Pada USERNAME_MASKED,1
KESULITAN MASUK AKUN GAJI KEMENKEU,1
Tidak bisa Penyisihan Piutang Semester 1 2023,1
Dashboard gaji kemenkeu gagal load,1
masuk simaspaten eror,1
Tidak bisa login akun DIGIT Gaji.kemenkeu.go.id,1
"Pesan Error, USERNAME_MASKED karena duplikat data",1
tidak bisa akses digit,1
Log-in Pertama Kali Bermasalah,1
Permintaan Format Survey Protokoler KPPN,1
Selisih Rekonsiliasi Internal,1
mohon aktivasi USERNAME_MASKED aplikasi gaji terpusat,1
ERROR SAAT LOGIN USERNAME_MASKED,1
permohonan reset pasword digit NIP NIP_MASKED,1
Sisa LS BP,1
NTPN (Nomor Transaksi Penerimaan Negara) Non Pajak,1
Tutup Periode GL Juni,1
Penihilan SIKP BRI,1
format KEP terbaru pendaftaran USERNAME_MASKED operator KPPN seksi Vera,1
PENDAFTARAN USERNAME_MASKED DAN PPSPM DI GAJI WEB,1
Lokus sub komponen pada RKA Kanim tembilahan (provinsi Riau) tidak ada,1
Tidak Muncul BAST Hibah Kas pada Pembuatan SPBy,1
lupa pasword DIGIT,1
ijin bapak ibu untuk tampilan seperti ini apakah sduah diaktivasi dan sebagai PPSPM?,1
Tidak bisa login akti,1
Gagal Upload ADK SPM dengan keterangan Duplikasi Upload di SPAN,1
USERNAME_MASKED masih role individu dan juknis pembuatan uang makan dan uang lembur pada aplikasi gaji berbasis web,1
"Pengajuan USERNAME_MASKED web, SK terlampir (BBPMP Provinsi Jawa Barat 419517)",1
LS Bendahara pada LPJ Bulan Juni 2023 error,1
Permohonan Rollback Status Refreshment PPK pada SIMASPATEN,1
Permasalahan Nilai pada Buku Pembantu LS Bendahara,1
Pembantalan SP2D UP Satker 690652,1
Tidak bisa hapus PPSPM lama karena masih ada transaksi yang menngantung,1
Tidak Bisa Login SAKTI,1
DATA SK PADA APLIKASI GPP,1
penolakan uang makan,1
Aktivasi akun,1
permohonan Reset Password Aplikasi Digit,1
PEMBUATAN SKPP TIDAK BISA TERCETAK,1
Permohonan perubahan data USERNAME_MASKED sakti,1
APLIKASI DIGIT,1
"role USERNAME_MASKED NIP_MASKED a.n Nur handayani, sh satker 007392 USERNAME_MASKED aktif",1
Perubahan USERNAME_MASKED Anggaran K/L,1
Terdapat Validasi Pagu Minus pada Proses Validasi Revisi DIPA,1
PERMOHONAN PEMBUATAN AKUN APRW,1
Tidak Bisa Login Aplikasi SAKTI,1
Cetak Proses SKPP,1
Login akun SAKTI/MonSAKTI,1
Revisi POK dari Belanja Operasional / Non-Operasional ke Belanja Modal dalam Program yang sama Maupun Berbeda,1
Pembukaan pemblokiran aku Val PPK,1
Proses Gaji susulan Web Satker 406539 belum di proses,1
Aktivasi registrasi,1
Rekening tidak dapat direkam padahal merupakan rekening satker,1
kendala di modul komitmen - Supplier,1
pembukaan aplikasi Digit.kemenkeu,1
Konfirmasi penerimaan pajak tahun 2019 yang tidak dapat diproses di OMSPAN,1
Aktivasi/Reset Akun Digit,1
USERNAME_MASKED aktif pada website gajikemenkeu.go.id,1
GLP Wilayah tidak bisa Login dengan NIK,1
BAST LS Non Kontraktual menjadi kosong,1
permohonan pengaktifan USERNAME_MASKED gaji satker,1
Permohonan reset password akun Digit,1
Rekening diSAKTI dan SPRINT,1
USERNAME_MASKED Gaji Web Belum Aktif pada Satker PA Bangil,1
Risert Paswword Sakti,1
Aktivasi digit Kemenkeu,1
Reset Password AKUN DIGIT,1
Reset Pass DIgit,1
hapus data suplier Tipe 6,1
Aktivasi akun kadaluwarsa,1
Pendaftaran Email SAKTI Satker,1
Pendaftaran USERNAME_MASKED Wilayah,1
Mohon petunjuk dan arahan untuk cetak LPJ.,1
USERNAME_MASKED tidak bisa digunakan sudah di coba menggunakan NIK tetap saja tidak bisa login.,1
Pendaftaran DIGIT modul Gaji-Web,1
gaji kemenkeu,1
PENGISIAN DATA NIP PADA USERNAME_MASKED,1
Permohonan penggantian kode satker,1
saldo LS bendahara tidak sesuai,1
Open periode,1
Perubahan Status SPP pada Monitoring SPP Sakti,1
Nilai Penerimaan (PNBP) di LPJ berbeda dengan Daftar Nominatif Penerimaan Detail SAKTI DAN Kasus elisih PNBP Upload MPN SAKTI,1
kesulitan,1
Perjadin ke Kepulauan Seribu,1
USERNAME_MASKED Tidak Login Ke Aplikasi Gaji Kemeneku,1
approval rekening karena berubah nomor dan tanggal izin untuk validasi rekening monsakti,1
Akun Sakti Gagal Login,1
pengaktifan akun digit,1
PERMOHONAN PENGIRIMAN ULANG LINK AKTIVASI AKUN DIGIT,1
pengaktifan kembali USERNAME_MASKED,1
Pemungutan dan Penyetoran Pajak atas transaski UP Tunaii,1
Aktivasi USERNAME_MASKED Web,1
ada selisih saldo lainnya menurut UAKPA,1
Lembur PPNPN melalui web Gaji kita,1
DATA STATUS KAWIN PADA GAJI WEB TDK VALID,1
Jenis pegawai satker polri ketika impor UM di SAKTI berubah jadi TNIPOLRI,1
Lupa USERNAME_MASKED password digit,1
Konfirmasi Data Nama dan NIK,1
Koreksi 516 yang bermasalah,1
pembayaran uang makan pegawai,1
Satuan Transport Perjadin Jakarta Ke Bandung,1
Izin didaftarkan sebagai USERNAME_MASKED domain kemenkeu,1
Permohonan reset pasword USERNAME_MASKED,1
Hendry,1
331104-Eror saat melakukan penyisihan piutang semester I Tahun 2023,1
Web Gaji,1
APLIKASI GAJI ONLINE,1
Penutupan Periode Persediaan,1
Error ADK Pegawai Baru,1
Re: Permohonan pengapusan ADK Gaji 13 2023,1
Call terputus,1
Permohonan Perubahan Nomor Rekening Satker pada Aplikasi SPRINT,1
"role bendahara dengan status forbiden, padahal sudah disetujui oleh admin kppn",1
USERNAME_MASKED PPNPN Web Lapas Karawang 109104,1
SIKP belum lunas,1
Penambahan kewenangan USERNAME_MASKED KPP pada web gaji.kemenkeu.go.id,1
Koreksi/Ralat SP2D,1
Pendaftaran Role gaji web,1
Lupa password pada digit gaji web kemenkeu,1
Kendala Penutupan Tutup Buku Modul Persediaan,1
Akses Pandu SAKTI,1
pergantian level USERNAME_MASKED,1
Pendaftaran mail SAKTI,1
"Permohonan Reset Password Digit, Cabang Kejaksaan Negeri Tolitoli di Bangkir",1
Reset Pasword Digit,1
Kesalahan Penginputan Nilai KDP,1
Kesalahan Input Hasil Opname Fisik,1
Permasalahan Uang Makan PNS TNI,1
SKP E JAFUNG TIDAK MUNCUL DI AKUN ATASAN,1
Permohonan Hapus SP2D yang tercatat 2 Kali pada Aplikasi SAKTI,1
aktivasi gaji.kemenkeu.go.id,1
penilaian caput,1
Gaji Pokok SKPP tidak sesuai dengan Gaji pokok baru di SK Pensiun,1
Saya tidak mendapatkan email konfirmasi untuk mengaktifkan akun digit,1
Pengaktifan USERNAME_MASKED wilayah,1
Pesan Error Modul Persediaan,1
BAST Pembelian barang bulan Juli 2023 tapi diakui transaksi bulan Juni 2023,1
Permohonan Pembukaan Periode Capaian Output Bulan Mei dan Juni 2023,1
Ketidaksesuaian kode akun vs kode barang aset tetap,1
Perekaman Gaji pada Aplikasi Gaji Web,1
mohon dibantu reset password digit kemenkeu,1
Saldo persediaan,1
Mohon Agar akun dapat Registrasi Ulang,1
RUH detail isi pegawai pada SKPP,1
aplikasi gaji web,1
Permohonan batal persetujuan dan batal validasi atas kdp yang salah tanggal buku,1
Permohonan USERNAME_MASKED Kewenangan APRW,1
Kendala Update Profile USERNAME_MASKED,1
USERNAME_MASKED tidak aktif mohon diaktifkan,1
Mohon Petunjuk Proses Rekon Gaji susulan bulan juli Web Satker 406539 ditolak,1
PERMOHONAN TUTUP PERIODE TAHUN ANGGARAN 2022 MODUL ASET DAN PERSEDIAAN,1
Reservasi Mess Anggraini Bukitinggi,1
AKUN DIGIT KEMENKEU SAYA TIDAK AKTIF SETELAH DAFTAR,1
Permohonan penambahan referensi kode satker,1
Proses Gaji,1
NUP nya Tidak Muncul,1
AKTIVASI USERNAME_MASKED KEMENKEU,1
monitoring potongan spm (satker pembayar),1
Reset Paswort APRW wilayah,1
Rencana Penarikan Dana kaitannya dengan nilai IKPA,1
hendak melakukan perekaman/perbaikan data pada Capaian Output bulan Juni,1
Saldo Uang Muka,1
tidak bisa rekam jurnal manual di modul GLP sakti,1
Aktifasi akun digit pada email telah kadaluarsa,1
Riset pas dan Id Sakti APRW wilayah Polda Sulut,1
Pengaktifan Akun Digit Gaji ASN,1
Permohonan buka periode modul aset,1
Pelatihan,1
Lupa upload surat pengajuan,1
